upm/D2DAdapterLinkMgmtLtsmTop_corrected.sv:391:6: warning: output port 'ltsm_pl_wake_ack' is explicitly connected to nothing [-Wempty-output-connection]
    .ltsm_pl_wake_ack              (),
     ^~~~~~~~~~~~~~~~
upm/D2DAdapterLinkMgmtLtsmTop_corrected.sv:393:6: warning: output port 'ltsm_pl_clk_req' is explicitly connected to nothing [-Wempty-output-connection]
    .ltsm_pl_clk_req               (),
     ^~~~~~~~~~~~~~~
upm/D2DAdapterLinkMgmtLtsmTop_corrected.sv:415:6: warning: output port 'debug_arb_rr_last_source' is explicitly connected to nothing [-Wempty-output-connection]
    .debug_arb_rr_last_source      (),
     ^~~~~~~~~~~~~~~~~~~~~~~~
upm/D2DAdapterLinkMgmtLtsmTop_corrected.sv:416:6: warning: output port 'debug_arb_rr_last_rdi' is explicitly connected to nothing [-Wempty-output-connection]
    .debug_arb_rr_last_rdi         (),
     ^~~~~~~~~~~~~~~~~~~~~
upm/D2DAdapterLinkMgmtTop.sv:188:6: warning: output port 'pl_phyinrecenter' is explicitly connected to nothing [-Wempty-output-connection]
    .pl_phyinrecenter     (),
     ^~~~~~~~~~~~~~~~
upm/LinkTrainingFSM.sv:1034:14: warning: 'case' marked 'unique' has 'default' label [-Wcase-redundant-default]
      unique case (stateReg)
             ^~~~
upm/MBInitFSM.sv:931:16: warning: 'case' marked 'unique' has 'default' label [-Wcase-redundant-default]
        unique case (stateReg)
               ^~~~
upm/MBInitFSM.sv:933:20: warning: 'case' marked 'unique' has 'default' label [-Wcase-redundant-default]
            unique case (paramSenderStateReg)
                   ^~~~
upm/MBInitFSM.sv:950:20: warning: 'case' marked 'unique' has 'default' label [-Wcase-redundant-default]
            unique case (paramReceiverStateReg)
                   ^~~~
upm/MBInitFSM.sv:997:20: warning: 'case' marked 'unique' has 'default' label [-Wcase-redundant-default]
            unique case (calSenderStateReg)
                   ^~~~
upm/MBInitFSM.sv:1014:20: warning: 'case' marked 'unique' has 'default' label [-Wcase-redundant-default]
            unique case (calReceiverStateReg)
                   ^~~~
upm/MBInitFSM.sv:1052:20: warning: 'case' marked 'unique' has 'default' label [-Wcase-redundant-default]
            unique case (repairClkSenderStateReg)
                   ^~~~
upm/MBInitFSM.sv:1107:20: warning: 'case' marked 'unique' has 'default' label [-Wcase-redundant-default]
            unique case (repairClkReceiverStateReg)
                   ^~~~
upm/MBInitFSM.sv:1206:20: warning: 'case' marked 'unique' has 'default' label [-Wcase-redundant-default]
            unique case (repairValSenderStateReg)
                   ^~~~
upm/MBInitFSM.sv:1261:20: warning: 'case' marked 'unique' has 'default' label [-Wcase-redundant-default]
            unique case (repairValReceiverStateReg)
                   ^~~~
upm/MBInitFSM.sv:1347:20: warning: 'case' marked 'unique' has 'default' label [-Wcase-redundant-default]
            unique case (reversalMbSenderStateReg)
                   ^~~~
upm/MBInitFSM.sv:1428:20: warning: 'case' marked 'unique' has 'default' label [-Wcase-redundant-default]
            unique case (reversalMbReceiverStateReg)
                   ^~~~
upm/MBInitFSM.sv:1555:20: warning: 'case' marked 'unique' has 'default' label [-Wcase-redundant-default]
            unique case (repairMbSenderStateReg)
                   ^~~~
upm/MBInitFSM.sv:1677:20: warning: 'case' marked 'unique' has 'default' label [-Wcase-redundant-default]
            unique case (repairMbReceiverStateReg)
                   ^~~~
upm/MBTrainFSM.sv:987:12: warning: 'case' marked 'unique' has 'default' label [-Wcase-redundant-default]
    unique case (stateReg)
           ^~~~
upm/MBTrainFSM.sv:1051:12: warning: 'case' marked 'unique' has 'default' label [-Wcase-redundant-default]
    unique case (stateReg)
           ^~~~
upm/MBTrainFSM.sv:1122:16: warning: 'case' marked 'unique' has 'default' label [-Wcase-redundant-default]
        unique case (stateReg)
               ^~~~
upm/MBTrain_DataTrainCenter1.sv:384:14: warning: 'case' marked 'unique' has 'default' label [-Wcase-redundant-default]
      unique case (receiverStateReg)
             ^~~~
upm/MBTrain_DataTrainCenter1.sv:669:16: warning: 'case' marked 'unique' has 'default' label [-Wcase-redundant-default]
        unique case (senderStateReg)
               ^~~~
upm/MBTrain_DataTrainCenter1.sv:706:16: warning: 'case' marked 'unique' has 'default' label [-Wcase-redundant-default]
        unique case (receiverStateReg)
               ^~~~
upm/MBTrain_DataTrainCenter1SweepEngine.sv:139:27: warning: comparison of differently signed types ('integer' and 'int unsigned') [-Wsign-compare]
      for (lane = 0; lane < MAX_DATA_LANES; lane = lane + 1) begin
                     ~~~~ ^ ~~~~~~~~~~~~~~
upm/MBTrain_DataTrainCenter1SweepEngine.sv:145:32: warning: implicit conversion changes signedness from 'integer' to 'logic[15:0]' [-Wsign-conversion]
      countFailedComparisons = count;
                             ~ ^~~~~
upm/MBTrain_DataTrainCenter1SweepEngine.sv:145:32: warning: implicit conversion truncates from 32 to 16 bits [-Wwidth-trunc]
      countFailedComparisons = count;
                             ~ ^~~~~
upm/MBTrain_DataTrainCenter1SweepEngine.sv:185:31: warning: comparison of differently signed types ('integer' and 'int unsigned') [-Wsign-compare]
    for (laneIdx = 0; laneIdx < MAX_DATA_LANES; laneIdx = laneIdx + 1) begin
                      ~~~~~~~ ^ ~~~~~~~~~~~~~~
upm/MBTrain_DataTrainCenter1SweepEngine.sv:196:37: warning: comparison of differently signed types ('integer' and 'int unsigned') [-Wsign-compare]
        for (phaseIdx = 0; phaseIdx < PHASE_COUNT; phaseIdx = phaseIdx + 1) begin
                           ~~~~~~~~ ^ ~~~~~~~~~~~
upm/MBTrain_DataTrainCenter1SweepEngine.sv:211:24: warning: comparison of differently signed types ('integer' and 'int unsigned') [-Wsign-compare]
        if (bestLength < MIN_LANE_WINDOW_STEPS) begin
            ~~~~~~~~~~ ^ ~~~~~~~~~~~~~~~~~~~~~
upm/MBTrain_DataTrainCenter1SweepEngine.sv:214:41: warning: logical right shift of signed type 'integer' may have been intended to be an arithmetic shift [-Wsigned-logical-shift]
          laneCenterInt = bestStart + ((bestLength - 1) >> 1);
                                        ^~~~~~~~~~~~~~
upm/MBTrain_DataTrainCenter1SweepEngine.sv:215:40: warning: implicit conversion changes signedness from 'integer' to 'logic[3:0]' [-Wsign-conversion]
          laneLeftPhaseCalc[laneIdx] = bestStart;
                                     ~ ^~~~~~~~~
upm/MBTrain_DataTrainCenter1SweepEngine.sv:215:40: warning: implicit conversion truncates from 32 to 4 bits [-Wwidth-trunc]
          laneLeftPhaseCalc[laneIdx] = bestStart;
                                     ~ ^~~~~~~~~
upm/MBTrain_DataTrainCenter1SweepEngine.sv:216:41: warning: implicit conversion changes signedness from 'integer' to 'logic[3:0]' [-Wsign-conversion]
          laneRightPhaseCalc[laneIdx] = bestStart + bestLength - 1;
                                      ~ ^~~~~~~~~~~~~~~~~~~~~~~~~~
upm/MBTrain_DataTrainCenter1SweepEngine.sv:216:41: warning: implicit conversion truncates from 32 to 4 bits [-Wwidth-trunc]
          laneRightPhaseCalc[laneIdx] = bestStart + bestLength - 1;
                                      ~ ^~~~~~~~~~~~~~~~~~~~~~~~~~
upm/MBTrain_DataTrainCenter1SweepEngine.sv:217:42: warning: implicit conversion changes signedness from 'integer' to 'logic[3:0]' [-Wsign-conversion]
          laneCenterPhaseCalc[laneIdx] = laneCenterInt;
                                       ~ ^~~~~~~~~~~~~
upm/MBTrain_DataTrainCenter1SweepEngine.sv:217:42: warning: implicit conversion truncates from 32 to 4 bits [-Wwidth-trunc]
          laneCenterPhaseCalc[laneIdx] = laneCenterInt;
                                       ~ ^~~~~~~~~~~~~
upm/MBTrain_DataTrainCenter1SweepEngine.sv:235:31: warning: comparison of differently signed types ('integer' and 'int unsigned') [-Wsign-compare]
    for (laneIdx = 0; laneIdx < MAX_DATA_LANES; laneIdx = laneIdx + 1) begin
                      ~~~~~~~ ^ ~~~~~~~~~~~~~~
upm/MBTrain_DataTrainCenter1SweepEngine.sv:237:25: warning: implicit conversion changes signedness from 'logic[31:0]' to 'integer' [-Wsign-conversion]
        laneCenterInt = laneCenterPhaseCalc[laneIdx];
                      ~ ^~~~~~~~~~~~~~~~~~~~~~~~~~~~
upm/MBTrain_DataTrainCenter1SweepEngine.sv:237:25: warning: implicit conversion expands from 4 to 32 bits [-Wwidth-expand]
        laneCenterInt = laneCenterPhaseCalc[laneIdx];
                      ~ ^~~~~~~~~~~~~~~~~~~~~~~~~~~~
upm/MBTrain_DataTrainCenter1SweepEngine.sv:244:25: warning: implicit conversion changes signedness from 'integer' to 'logic[31:0]' [-Wsign-conversion]
        deskewCodeInt = deskewDeltaInt * DESKEW_STEPS_PER_PI;
                        ^~~~~~~~~~~~~~ ~
upm/MBTrain_DataTrainCenter1SweepEngine.sv:244:40: warning: arithmetic between operands of different types ('integer' and 'int unsigned') [-Warith-op-mismatch]
        deskewCodeInt = deskewDeltaInt * DESKEW_STEPS_PER_PI;
                        ~~~~~~~~~~~~~~ ^ ~~~~~~~~~~~~~~~~~~~
upm/MBTrain_DataTrainCenter1SweepEngine.sv:246:28: warning: comparison of differently signed types ('integer' and 'int unsigned') [-Wsign-compare]
            (deskewCodeInt > MAX_DESKEW_CODE_INT)) begin
             ~~~~~~~~~~~~~ ^ ~~~~~~~~~~~~~~~~~~~
upm/MBTrain_DataTrainCenter1SweepEngine.sv:249:13: warning: implicit conversion changes signedness from 'integer' to 'logic[31:0]' [-Wsign-conversion]
            laneIdx*TX_DESKEW_CODE_WIDTH +: TX_DESKEW_CODE_WIDTH
            ^~~~~~~~
upm/MBTrain_DataTrainCenter1SweepEngine.sv:249:20: warning: arithmetic between operands of different types ('integer' and 'int unsigned') [-Warith-op-mismatch]
            laneIdx*TX_DESKEW_CODE_WIDTH +: TX_DESKEW_CODE_WIDTH
            ~~~~~~~^~~~~~~~~~~~~~~~~~~~~
upm/MBTrain_DataTrainCenter1SweepEngine.sv:253:13: warning: implicit conversion changes signedness from 'integer' to 'logic[31:0]' [-Wsign-conversion]
            laneIdx*TX_DESKEW_CODE_WIDTH +: TX_DESKEW_CODE_WIDTH
            ^~~~~~~~
upm/MBTrain_DataTrainCenter1SweepEngine.sv:253:20: warning: arithmetic between operands of different types ('integer' and 'int unsigned') [-Warith-op-mismatch]
            laneIdx*TX_DESKEW_CODE_WIDTH +: TX_DESKEW_CODE_WIDTH
            ~~~~~~~^~~~~~~~~~~~~~~~~~~~~
upm/MBTrain_DataTrainCenter1SweepEngine.sv:254:15: warning: implicit conversion changes signedness from 'integer' to 'logic[3:0]' [-Wsign-conversion]
          ] = deskewCodeInt;
            ~ ^~~~~~~~~~~~~
upm/MBTrain_DataTrainCenter1SweepEngine.sv:254:15: warning: implicit conversion truncates from 32 to 4 bits [-Wwidth-trunc]
          ] = deskewCodeInt;
            ~ ^~~~~~~~~~~~~
upm/MBTrain_DataTrainCenter1SweepEngine.sv:275:25: warning: comparison of differently signed types ('integer' and 'int unsigned') [-Wsign-compare]
         globalPhaseIdx < PHASE_COUNT;
         ~~~~~~~~~~~~~~ ^ ~~~~~~~~~~~
upm/MBTrain_DataTrainCenter1SweepEngine.sv:292:25: warning: comparison of differently signed types ('integer' and 'int unsigned') [-Wsign-compare]
      (globalBestLength >= MIN_COMMON_WINDOW_STEPS);
       ~~~~~~~~~~~~~~~~ ^~ ~~~~~~~~~~~~~~~~~~~~~~~
upm/MBTrain_DataTrainCenter1SweepEngine.sv:299:29: warning: implicit conversion changes signedness from 'integer' to 'logic[3:0]' [-Wsign-conversion]
      globalLeftPhaseCalc = globalBestStart;
                          ~ ^~~~~~~~~~~~~~~
upm/MBTrain_DataTrainCenter1SweepEngine.sv:299:29: warning: implicit conversion truncates from 32 to 4 bits [-Wwidth-trunc]
      globalLeftPhaseCalc = globalBestStart;
                          ~ ^~~~~~~~~~~~~~~
upm/MBTrain_DataTrainCenter1SweepEngine.sv:300:30: warning: implicit conversion changes signedness from 'integer' to 'logic[3:0]' [-Wsign-conversion]
      globalRightPhaseCalc = globalBestStart + globalBestLength - 1;
                           ~ ^~~~~~~~~~~~~~~~~~~~~~~~~~~~~~~~~~~~~~
upm/MBTrain_DataTrainCenter1SweepEngine.sv:300:30: warning: implicit conversion truncates from 32 to 4 bits [-Wwidth-trunc]
      globalRightPhaseCalc = globalBestStart + globalBestLength - 1;
                           ~ ^~~~~~~~~~~~~~~~~~~~~~~~~~~~~~~~~~~~~~
upm/MBTrain_DataTrainCenter1SweepEngine.sv:302:9: warning: implicit conversion changes signedness from 'integer' to 'logic[3:0]' [-Wsign-conversion]
        globalBestStart + ((globalBestLength - 1) >> 1);
        ^~~~~~~~~~~~~~~~~~~~~~~~~~~~~~~~~~~~~~~~~~~~~~~
upm/MBTrain_DataTrainCenter1SweepEngine.sv:302:9: warning: implicit conversion truncates from 32 to 4 bits [-Wwidth-trunc]
        globalBestStart + ((globalBestLength - 1) >> 1);
        ^~~~~~~~~~~~~~~~~~~~~~~~~~~~~~~~~~~~~~~~~~~~~~~
upm/MBTrain_DataTrainCenter1SweepEngine.sv:302:29: warning: logical right shift of signed type 'integer' may have been intended to be an arithmetic shift [-Wsigned-logical-shift]
        globalBestStart + ((globalBestLength - 1) >> 1);
                            ^~~~~~~~~~~~~~~~~~~~
upm/MBTrain_DataTrainCenter1SweepEngine.sv:350:25: warning: comparison of differently signed types ('integer' and 'int unsigned') [-Wsign-compare]
           clearLaneIdx < MAX_DATA_LANES;
           ~~~~~~~~~~~~ ^ ~~~~~~~~~~~~~~
upm/MBTrain_DataTrainCenter1SweepEngine.sv:374:27: warning: comparison of differently signed types ('integer' and 'int unsigned') [-Wsign-compare]
             clearLaneIdx < MAX_DATA_LANES;
             ~~~~~~~~~~~~ ^ ~~~~~~~~~~~~~~
upm/MBTrain_DataTrainCenter1SweepEngine.sv:382:16: warning: 'case' marked 'unique' has 'default' label [-Wcase-redundant-default]
        unique case (stateReg)
               ^~~~
upm/MBTrain_DataTrainCenter1SweepEngine.sv:423:33: warning: comparison of differently signed types ('integer' and 'int unsigned') [-Wsign-compare]
                   clearLaneIdx < MAX_DATA_LANES;
                   ~~~~~~~~~~~~ ^ ~~~~~~~~~~~~~~
upm/MBTrain_DataTrainCenter2.sv:370:14: warning: 'case' marked 'unique' has 'default' label [-Wcase-redundant-default]
      unique case (receiverStateReg)
             ^~~~
upm/MBTrain_DataTrainCenter2.sv:648:16: warning: 'case' marked 'unique' has 'default' label [-Wcase-redundant-default]
        unique case (senderStateReg)
               ^~~~
upm/MBTrain_DataTrainCenter2.sv:684:16: warning: 'case' marked 'unique' has 'default' label [-Wcase-redundant-default]
        unique case (receiverStateReg)
               ^~~~
upm/MBTrain_DataTrainCenter2SweepEngine.sv:96:27: warning: comparison of differently signed types ('integer' and 'int unsigned') [-Wsign-compare]
      for (lane = 0; lane < MAX_DATA_LANES; lane = lane + 1) begin
                     ~~~~ ^ ~~~~~~~~~~~~~~
upm/MBTrain_DataTrainCenter2SweepEngine.sv:104:32: warning: implicit conversion changes signedness from 'integer' to 'logic[15:0]' [-Wsign-conversion]
      countFailedComparisons = count;
                             ~ ^~~~~
upm/MBTrain_DataTrainCenter2SweepEngine.sv:104:32: warning: implicit conversion truncates from 32 to 16 bits [-Wwidth-trunc]
      countFailedComparisons = count;
                             ~ ^~~~~
upm/MBTrain_DataTrainCenter2SweepEngine.sv:125:33: warning: comparison of differently signed types ('integer' and 'int unsigned') [-Wsign-compare]
    for (phaseIdx = 0; phaseIdx < PHASE_COUNT; phaseIdx = phaseIdx + 1) begin
                       ~~~~~~~~ ^ ~~~~~~~~~~~
upm/MBTrain_DataTrainCenter2SweepEngine.sv:139:41: warning: comparison of differently signed types ('integer' and 'int unsigned') [-Wsign-compare]
    globalWindowValidCalc = (bestLength >= MIN_COMMON_WINDOW_STEPS);
                             ~~~~~~~~~~ ^~ ~~~~~~~~~~~~~~~~~~~~~~~
upm/MBTrain_DataTrainCenter2SweepEngine.sv:146:29: warning: implicit conversion changes signedness from 'integer' to 'logic[3:0]' [-Wsign-conversion]
      globalLeftPhaseCalc = bestStart;
                          ~ ^~~~~~~~~
upm/MBTrain_DataTrainCenter2SweepEngine.sv:146:29: warning: implicit conversion truncates from 32 to 4 bits [-Wwidth-trunc]
      globalLeftPhaseCalc = bestStart;
                          ~ ^~~~~~~~~
upm/MBTrain_DataTrainCenter2SweepEngine.sv:147:30: warning: implicit conversion changes signedness from 'integer' to 'logic[3:0]' [-Wsign-conversion]
      globalRightPhaseCalc = bestStart + bestLength - 1;
                           ~ ^~~~~~~~~~~~~~~~~~~~~~~~~~
upm/MBTrain_DataTrainCenter2SweepEngine.sv:147:30: warning: implicit conversion truncates from 32 to 4 bits [-Wwidth-trunc]
      globalRightPhaseCalc = bestStart + bestLength - 1;
                           ~ ^~~~~~~~~~~~~~~~~~~~~~~~~~
upm/MBTrain_DataTrainCenter2SweepEngine.sv:148:31: warning: implicit conversion changes signedness from 'integer' to 'logic[3:0]' [-Wsign-conversion]
      globalCenterPhaseCalc = bestStart + ((bestLength - 1) >> 1);
                            ~ ^~~~~~~~~~~~~~~~~~~~~~~~~~~~~~~~~~~
upm/MBTrain_DataTrainCenter2SweepEngine.sv:148:31: warning: implicit conversion truncates from 32 to 4 bits [-Wwidth-trunc]
      globalCenterPhaseCalc = bestStart + ((bestLength - 1) >> 1);
                            ~ ^~~~~~~~~~~~~~~~~~~~~~~~~~~~~~~~~~~
upm/MBTrain_DataTrainCenter2SweepEngine.sv:148:45: warning: logical right shift of signed type 'integer' may have been intended to be an arithmetic shift [-Wsigned-logical-shift]
      globalCenterPhaseCalc = bestStart + ((bestLength - 1) >> 1);
                                            ^~~~~~~~~~~~~~
upm/MBTrain_DataTrainCenter2SweepEngine.sv:202:16: warning: 'case' marked 'unique' has 'default' label [-Wcase-redundant-default]
        unique case (stateReg)
               ^~~~
upm/MBTrain_DataVrefStateCore.sv:503:16: warning: 'case' marked 'unique' has 'default' label [-Wcase-redundant-default]
        unique case (localStateReg)
               ^~~~
upm/MBTrain_DataVrefStateCore.sv:540:16: warning: 'case' marked 'unique' has 'default' label [-Wcase-redundant-default]
        unique case (remoteStateReg)
               ^~~~
  in instance: UcieSerialBringUp_tb.upm_die.dut.linkMgmtLtsm.ltsm.mbTrainFsm.dataVref.core.sweepEngine
upm/MBTrain_DataVrefSweepEngine.sv:87:39: warning: comparison of differently signed types ('integer' and 'int unsigned') [-Wsign-compare]
      for (count_lane = 0; count_lane < DATA_LANE_COUNT;
                           ~~~~~~~~~~ ^ ~~~~~~~~~~~~~~~
  in instance: UcieSerialBringUp_tb.upm_die.dut.linkMgmtLtsm.ltsm.mbTrainFsm.dataVref.core.sweepEngine
upm/MBTrain_DataVrefSweepEngine.sv:101:33: warning: comparison of differently signed types ('integer' and 'int unsigned') [-Wsign-compare]
    for (scanLane = 0; scanLane < DATA_LANE_COUNT;
                       ~~~~~~~~ ^ ~~~~~~~~~~~~~~~
  in instance: UcieSerialBringUp_tb.upm_die.dut.linkMgmtLtsm.ltsm.mbTrainFsm.dataVref.core.sweepEngine
upm/MBTrain_DataVrefSweepEngine.sv:108:35: warning: comparison of differently signed types ('integer' and 'int unsigned') [-Wsign-compare]
      for (scanCode = 0; scanCode < VREF_VALUE_COUNT;
                         ~~~~~~~~ ^ ~~~~~~~~~~~~~~~~
  in instance: UcieSerialBringUp_tb.upm_die.dut.linkMgmtLtsm.ltsm.mbTrainFsm.dataVref.core.sweepEngine
upm/MBTrain_DataVrefSweepEngine.sv:124:36: warning: comparison of differently signed types ('integer' and 'int unsigned') [-Wsign-compare]
          (bestLengthInt[scanLane] < MIN_PASSING_WINDOW_VALUES))
           ~~~~~~~~~~~~~~~~~~~~~~~ ^ ~~~~~~~~~~~~~~~~~~~~~~~~~
  in instance: UcieSerialBringUp_tb.upm_die.dut.linkMgmtLtsm.ltsm.mbTrainFsm.dataVref.core.sweepEngine
upm/MBTrain_DataVrefSweepEngine.sv:197:16: warning: 'case' marked 'unique' has 'default' label [-Wcase-redundant-default]
        unique case (stateReg)
               ^~~~
  in instance: UcieSerialBringUp_tb.upm_die.dut.linkMgmtLtsm.ltsm.mbTrainFsm.dataVref.core.sweepEngine
upm/MBTrain_DataVrefSweepEngine.sv:236:24: warning: implicit conversion changes signedness from 'integer' to 'logic[3:0]' [-Wsign-conversion]
                  ] <= bestStartInt[select_lane] +
                    ~~ ^~~~~~~~~~~~~~~~~~~~~~~~~~~
  in instance: UcieSerialBringUp_tb.upm_die.dut.linkMgmtLtsm.ltsm.mbTrainFsm.dataVref.core.sweepEngine
upm/MBTrain_DataVrefSweepEngine.sv:236:24: warning: implicit conversion truncates from 32 to 4 bits [-Wwidth-trunc]
                  ] <= bestStartInt[select_lane] +
                    ~~ ^~~~~~~~~~~~~~~~~~~~~~~~~~~
  in instance: UcieSerialBringUp_tb.upm_die.dut.linkMgmtLtsm.ltsm.mbTrainFsm.dataVref.core.sweepEngine
upm/MBTrain_DataVrefSweepEngine.sv:240:24: warning: implicit conversion changes signedness from 'integer' to 'logic[3:0]' [-Wsign-conversion]
                  ] <= bestStartInt[select_lane];
                    ~~ ^~~~~~~~~~~~~~~~~~~~~~~~~
  in instance: UcieSerialBringUp_tb.upm_die.dut.linkMgmtLtsm.ltsm.mbTrainFsm.dataVref.core.sweepEngine
upm/MBTrain_DataVrefSweepEngine.sv:240:24: warning: implicit conversion truncates from 32 to 4 bits [-Wwidth-trunc]
                  ] <= bestStartInt[select_lane];
                    ~~ ^~~~~~~~~~~~~~~~~~~~~~~~~
  in instance: UcieSerialBringUp_tb.upm_die.dut.linkMgmtLtsm.ltsm.mbTrainFsm.dataVref.core.sweepEngine
upm/MBTrain_DataVrefSweepEngine.sv:243:24: warning: implicit conversion changes signedness from 'integer' to 'logic[3:0]' [-Wsign-conversion]
                  ] <= bestStartInt[select_lane] +
                    ~~ ^~~~~~~~~~~~~~~~~~~~~~~~~~~
  in instance: UcieSerialBringUp_tb.upm_die.dut.linkMgmtLtsm.ltsm.mbTrainFsm.dataVref.core.sweepEngine
upm/MBTrain_DataVrefSweepEngine.sv:243:24: warning: implicit conversion truncates from 32 to 4 bits [-Wwidth-trunc]
                  ] <= bestStartInt[select_lane] +
                    ~~ ^~~~~~~~~~~~~~~~~~~~~~~~~~~
upm/MBTrain_LinkSpeed.sv:323:14: warning: 'case' marked 'unique' has 'default' label [-Wcase-redundant-default]
      unique case (senderStateReg)
             ^~~~
upm/MBTrain_LinkSpeed.sv:327:14: warning: 'case' marked 'unique' has 'default' label [-Wcase-redundant-default]
      unique case (receiverStateReg)
             ^~~~
upm/MBTrain_LinkSpeed.sv:607:16: warning: 'case' marked 'unique' has 'default' label [-Wcase-redundant-default]
        unique case (senderStateReg)
               ^~~~
upm/MBTrain_LinkSpeed.sv:647:16: warning: 'case' marked 'unique' has 'default' label [-Wcase-redundant-default]
        unique case (receiverStateReg)
               ^~~~
upm/MBTrain_RxClkCalFSM.sv:184:14: warning: 'case' marked 'unique' has 'default' label [-Wcase-redundant-default]
      unique case (rxClkCalSenderStateReg)
             ^~~~
upm/MBTrain_RxClkCalFSM.sv:202:14: warning: 'case' marked 'unique' has 'default' label [-Wcase-redundant-default]
      unique case (rxClkCalReceiverStateReg)
             ^~~~
upm/MBTrain_RxDeskewFSM.sv:515:16: warning: 'case' marked 'unique' has 'default' label [-Wcase-redundant-default]
        unique case (localStateReg)
               ^~~~
upm/MBTrain_RxDeskewFSM.sv:552:16: warning: 'case' marked 'unique' has 'default' label [-Wcase-redundant-default]
        unique case (remoteStateReg)
               ^~~~
upm/MBTrain_RxDeskewSweepEngine.sv:93:39: warning: comparison of differently signed types ('integer' and 'int unsigned') [-Wsign-compare]
      for (count_lane = 0; count_lane < DATA_LANE_COUNT;
                           ~~~~~~~~~~ ^ ~~~~~~~~~~~~~~~
upm/MBTrain_RxDeskewSweepEngine.sv:106:33: warning: comparison of differently signed types ('integer' and 'int unsigned') [-Wsign-compare]
    for (scanLane = 0; scanLane < DATA_LANE_COUNT;
                       ~~~~~~~~ ^ ~~~~~~~~~~~~~~~
upm/MBTrain_RxDeskewSweepEngine.sv:113:35: warning: comparison of differently signed types ('integer' and 'int unsigned') [-Wsign-compare]
      for (scanCode = 0; scanCode < RX_DESKEW_VALUE_COUNT;
                         ~~~~~~~~ ^ ~~~~~~~~~~~~~~~~~~~~~
upm/MBTrain_RxDeskewSweepEngine.sv:129:36: warning: comparison of differently signed types ('integer' and 'int unsigned') [-Wsign-compare]
          (bestLengthInt[scanLane] < MIN_PASSING_WINDOW_VALUES))
           ~~~~~~~~~~~~~~~~~~~~~~~ ^ ~~~~~~~~~~~~~~~~~~~~~~~~~
upm/MBTrain_RxDeskewSweepEngine.sv:203:16: warning: 'case' marked 'unique' has 'default' label [-Wcase-redundant-default]
        unique case (stateReg)
               ^~~~
upm/MBTrain_RxDeskewSweepEngine.sv:243:24: warning: implicit conversion changes signedness from 'integer' to 'logic[3:0]' [-Wsign-conversion]
                  ] <= bestStartInt[select_lane] +
                    ~~ ^~~~~~~~~~~~~~~~~~~~~~~~~~~
upm/MBTrain_RxDeskewSweepEngine.sv:243:24: warning: implicit conversion truncates from 32 to 4 bits [-Wwidth-trunc]
                  ] <= bestStartInt[select_lane] +
                    ~~ ^~~~~~~~~~~~~~~~~~~~~~~~~~~
upm/MBTrain_RxDeskewSweepEngine.sv:248:24: warning: implicit conversion changes signedness from 'integer' to 'logic[3:0]' [-Wsign-conversion]
                  ] <= bestStartInt[select_lane];
                    ~~ ^~~~~~~~~~~~~~~~~~~~~~~~~
upm/MBTrain_RxDeskewSweepEngine.sv:248:24: warning: implicit conversion truncates from 32 to 4 bits [-Wwidth-trunc]
                  ] <= bestStartInt[select_lane];
                    ~~ ^~~~~~~~~~~~~~~~~~~~~~~~~
upm/MBTrain_RxDeskewSweepEngine.sv:252:24: warning: implicit conversion changes signedness from 'integer' to 'logic[3:0]' [-Wsign-conversion]
                  ] <= bestStartInt[select_lane] +
                    ~~ ^~~~~~~~~~~~~~~~~~~~~~~~~~~
upm/MBTrain_RxDeskewSweepEngine.sv:252:24: warning: implicit conversion truncates from 32 to 4 bits [-Wwidth-trunc]
                  ] <= bestStartInt[select_lane] +
                    ~~ ^~~~~~~~~~~~~~~~~~~~~~~~~~~
upm/MBTrain_SpeedIdleFSM.sv:132:14: warning: 'case' marked 'unique' has 'default' label [-Wcase-redundant-default]
      unique case (speedIdleSenderStateReg)
             ^~~~
upm/MBTrain_SpeedIdleFSM.sv:140:14: warning: 'case' marked 'unique' has 'default' label [-Wcase-redundant-default]
      unique case (speedIdleReceiverStateReg)
             ^~~~
upm/MBTrain_TxSelfCalFSM.sv:132:14: warning: 'case' marked 'unique' has 'default' label [-Wcase-redundant-default]
      unique case (txSelfCalSenderStateReg)
             ^~~~
upm/MBTrain_TxSelfCalFSM.sv:140:14: warning: 'case' marked 'unique' has 'default' label [-Wcase-redundant-default]
      unique case (txSelfCalReceiverStateReg)
             ^~~~
upm/MBTrain_ValTrainCenterFSM.sv:371:14: warning: 'case' marked 'unique' has 'default' label [-Wcase-redundant-default]
      unique case (receiverStateReg)
             ^~~~
upm/MBTrain_ValTrainCenterFSM.sv:645:16: warning: 'case' marked 'unique' has 'default' label [-Wcase-redundant-default]
        unique case (senderStateReg)
               ^~~~
upm/MBTrain_ValTrainCenterFSM.sv:681:16: warning: 'case' marked 'unique' has 'default' label [-Wcase-redundant-default]
        unique case (receiverStateReg)
               ^~~~
upm/MBTrain_ValTrainCenterSweepEngine.sv:92:33: warning: comparison of differently signed types ('integer' and 'int unsigned') [-Wsign-compare]
    for (phaseIdx = 0; phaseIdx < PHASE_COUNT; phaseIdx = phaseIdx + 1) begin
                       ~~~~~~~~ ^ ~~~~~~~~~~~
upm/MBTrain_ValTrainCenterSweepEngine.sv:106:40: warning: comparison of differently signed types ('integer' and 'int unsigned') [-Wsign-compare]
    validWindowFoundCalc = (bestLength >= MIN_VALID_WINDOW_STEPS);
                            ~~~~~~~~~~ ^~ ~~~~~~~~~~~~~~~~~~~~~~
upm/MBTrain_ValTrainCenterSweepEngine.sv:113:28: warning: implicit conversion changes signedness from 'integer' to 'logic[3:0]' [-Wsign-conversion]
      validLeftPhaseCalc = bestStart;
                         ~ ^~~~~~~~~
upm/MBTrain_ValTrainCenterSweepEngine.sv:113:28: warning: implicit conversion truncates from 32 to 4 bits [-Wwidth-trunc]
      validLeftPhaseCalc = bestStart;
                         ~ ^~~~~~~~~
upm/MBTrain_ValTrainCenterSweepEngine.sv:114:29: warning: implicit conversion changes signedness from 'integer' to 'logic[3:0]' [-Wsign-conversion]
      validRightPhaseCalc = bestStart + bestLength - 1;
                          ~ ^~~~~~~~~~~~~~~~~~~~~~~~~~
upm/MBTrain_ValTrainCenterSweepEngine.sv:114:29: warning: implicit conversion truncates from 32 to 4 bits [-Wwidth-trunc]
      validRightPhaseCalc = bestStart + bestLength - 1;
                          ~ ^~~~~~~~~~~~~~~~~~~~~~~~~~
upm/MBTrain_ValTrainCenterSweepEngine.sv:115:30: warning: implicit conversion changes signedness from 'integer' to 'logic[3:0]' [-Wsign-conversion]
      validCenterPhaseCalc = bestStart + ((bestLength - 1) >> 1);
                           ~ ^~~~~~~~~~~~~~~~~~~~~~~~~~~~~~~~~~~
upm/MBTrain_ValTrainCenterSweepEngine.sv:115:30: warning: implicit conversion truncates from 32 to 4 bits [-Wwidth-trunc]
      validCenterPhaseCalc = bestStart + ((bestLength - 1) >> 1);
                           ~ ^~~~~~~~~~~~~~~~~~~~~~~~~~~~~~~~~~~
upm/MBTrain_ValTrainCenterSweepEngine.sv:115:44: warning: logical right shift of signed type 'integer' may have been intended to be an arithmetic shift [-Wsigned-logical-shift]
      validCenterPhaseCalc = bestStart + ((bestLength - 1) >> 1);
                                           ^~~~~~~~~~~~~~
upm/MBTrain_ValTrainCenterSweepEngine.sv:169:16: warning: 'case' marked 'unique' has 'default' label [-Wcase-redundant-default]
        unique case (stateReg)
               ^~~~
upm/MBTrain_ValidVrefStateCore.sv:497:16: warning: 'case' marked 'unique' has 'default' label [-Wcase-redundant-default]
        unique case (localStateReg)
               ^~~~
upm/MBTrain_ValidVrefStateCore.sv:534:16: warning: 'case' marked 'unique' has 'default' label [-Wcase-redundant-default]
        unique case (remoteStateReg)
               ^~~~
  in instance: UcieSerialBringUp_tb.upm_die.dut.linkMgmtLtsm.ltsm.mbTrainFsm.valVref.core.sweepEngine
upm/MBTrain_ValidVrefSweepEngine.sv:79:35: warning: comparison of differently signed types ('integer' and 'int unsigned') [-Wsign-compare]
    for (scanIndex = 0; scanIndex < VREF_VALUE_COUNT; scanIndex = scanIndex + 1) begin
                        ~~~~~~~~~ ^ ~~~~~~~~~~~~~~~~
  in instance: UcieSerialBringUp_tb.upm_die.dut.linkMgmtLtsm.ltsm.mbTrainFsm.valVref.core.sweepEngine
upm/MBTrain_ValidVrefSweepEngine.sv:144:16: warning: 'case' marked 'unique' has 'default' label [-Wcase-redundant-default]
        unique case (stateReg)
               ^~~~
  in instance: UcieSerialBringUp_tb.upm_die.dut.linkMgmtLtsm.ltsm.mbTrainFsm.valVref.core.sweepEngine
upm/MBTrain_ValidVrefSweepEngine.sv:171:31: warning: comparison of differently signed types ('integer' and 'int unsigned') [-Wsign-compare]
            if (bestLengthInt >= MIN_PASSING_WINDOW_VALUES) begin
                ~~~~~~~~~~~~~ ^~ ~~~~~~~~~~~~~~~~~~~~~~~~~
  in instance: UcieSerialBringUp_tb.upm_die.dut.linkMgmtLtsm.ltsm.mbTrainFsm.valVref.core.sweepEngine
upm/MBTrain_ValidVrefSweepEngine.sv:173:31: warning: implicit conversion changes signedness from 'integer' to 'logic[3:0]' [-Wsign-conversion]
              finalCodeReg <= bestStartInt + ((bestLengthInt - 1) / 2);
                           ~~ ^~~~~~~~~~~~~~~~~~~~~~~~~~~~~~~~~~~~~~~~
  in instance: UcieSerialBringUp_tb.upm_die.dut.linkMgmtLtsm.ltsm.mbTrainFsm.valVref.core.sweepEngine
upm/MBTrain_ValidVrefSweepEngine.sv:173:31: warning: implicit conversion truncates from 32 to 4 bits [-Wwidth-trunc]
              finalCodeReg <= bestStartInt + ((bestLengthInt - 1) / 2);
                           ~~ ^~~~~~~~~~~~~~~~~~~~~~~~~~~~~~~~~~~~~~~~
  in instance: UcieSerialBringUp_tb.upm_die.dut.linkMgmtLtsm.ltsm.mbTrainFsm.valVref.core.sweepEngine
upm/MBTrain_ValidVrefSweepEngine.sv:174:31: warning: implicit conversion changes signedness from 'integer' to 'logic[3:0]' [-Wsign-conversion]
              leftCodeReg  <= bestStartInt;
                           ~~ ^~~~~~~~~~~~
  in instance: UcieSerialBringUp_tb.upm_die.dut.linkMgmtLtsm.ltsm.mbTrainFsm.valVref.core.sweepEngine
upm/MBTrain_ValidVrefSweepEngine.sv:174:31: warning: implicit conversion truncates from 32 to 4 bits [-Wwidth-trunc]
              leftCodeReg  <= bestStartInt;
                           ~~ ^~~~~~~~~~~~
  in instance: UcieSerialBringUp_tb.upm_die.dut.linkMgmtLtsm.ltsm.mbTrainFsm.valVref.core.sweepEngine
upm/MBTrain_ValidVrefSweepEngine.sv:175:31: warning: implicit conversion changes signedness from 'integer' to 'logic[3:0]' [-Wsign-conversion]
              rightCodeReg <= bestStartInt + bestLengthInt - 1;
                           ~~ ^~~~~~~~~~~~~~~~~~~~~~~~~~~~~~~~
  in instance: UcieSerialBringUp_tb.upm_die.dut.linkMgmtLtsm.ltsm.mbTrainFsm.valVref.core.sweepEngine
upm/MBTrain_ValidVrefSweepEngine.sv:175:31: warning: implicit conversion truncates from 32 to 4 bits [-Wwidth-trunc]
              rightCodeReg <= bestStartInt + bestLengthInt - 1;
                           ~~ ^~~~~~~~~~~~~~~~~~~~~~~~~~~~~~~~
  in 2 instances, e.g. UcieSerialBringUp_tb.upm_die.dut.linkMgmtLtsm.ltsm.mbTrainFsm.dataVref.core.pointInitiator
upm/RxInitD2CPointTestReceiverFSM.sv:98:16: warning: 'case' marked 'unique' has 'default' label [-Wcase-redundant-default]
        unique case (stateReg)
               ^~~~
  in instance: UcieSerialBringUp_tb.upm_die.dut.linkMgmtLtsm.ltsm.mbTrainFsm.valVref.core.pointResponder
upm/RxInitD2CPointTestSenderFSM.sv:84:16: warning: 'case' marked 'unique' has 'default' label [-Wcase-redundant-default]
        unique case (stateReg)
               ^~~~
upm/SideBandModule.sv:64:6: warning: output port 'dbg_state' is explicitly connected to nothing [-Wempty-output-connection]
    .dbg_state          (),
     ^~~~~~~~~
upm/SideBandModule.sv:65:6: warning: output port 'dbg_shiftReg' is explicitly connected to nothing [-Wempty-output-connection]
    .dbg_shiftReg       (),
     ^~~~~~~~~~~~
upm/SideBandModule.sv:66:6: warning: output port 'dbg_payloadReg' is explicitly connected to nothing [-Wempty-output-connection]
    .dbg_payloadReg     (),
     ^~~~~~~~~~~~~~
upm/SideBandModule.sv:67:6: warning: output port 'dbg_bitsLeft' is explicitly connected to nothing [-Wempty-output-connection]
    .dbg_bitsLeft       (),
     ^~~~~~~~~~~~
upm/SideBandModule.sv:68:6: warning: output port 'dbg_gapCount' is explicitly connected to nothing [-Wempty-output-connection]
    .dbg_gapCount       (),
     ^~~~~~~~~~~~
upm/SideBandModule.sv:69:6: warning: output port 'dbg_payloadPending' is explicitly connected to nothing [-Wempty-output-connection]
    .dbg_payloadPending ()
     ^~~~~~~~~~~~~~~~~~
upm/SideBandModule.sv:80:6: warning: output port 'dbg_shiftReg' is explicitly connected to nothing [-Wempty-output-connection]
    .dbg_shiftReg     (),
     ^~~~~~~~~~~~
upm/SideBandModule.sv:81:6: warning: output port 'dbg_bitCount' is explicitly connected to nothing [-Wempty-output-connection]
    .dbg_bitCount     (),
     ^~~~~~~~~~~~
upm/SideBandModule.sv:82:6: warning: output port 'dbg_prevBitCount' is explicitly connected to nothing [-Wempty-output-connection]
    .dbg_prevBitCount ()
     ^~~~~~~~~~~~~~~~
berkeley/generated/AdapterSM.sv:260:35: warning: '&' within '|' [-Wbitwise-op-parentheses]
            & (linkInitSbAccepted & linkInitSbSnd == 6'h24 | paramExchSbMsgSntFlag);
               ~~~~~~~~~~~~~~~~~~~^~~~~~~~~~~~~~~~~~~~~~~~ ~
berkeley/generated/AdapterSM.sv:260:35: note: place parentheses around the '&' expression to silence this warning
            & (linkInitSbAccepted & linkInitSbSnd == 6'h24 | paramExchSbMsgSntFlag);
               ~~~~~~~~~~~~~~~~~~~^~~~~~~~~~~~~~~~~~~~~~~~
berkeley/generated/AdapterSM.sv:273:35: warning: '&' within '|' [-Wbitwise-op-parentheses]
            & (linkInitSbAccepted & linkInitSbSnd == 6'h11 | activeSbMsgExtRspReg);
               ~~~~~~~~~~~~~~~~~~~^~~~~~~~~~~~~~~~~~~~~~~~ ~
berkeley/generated/AdapterSM.sv:273:35: note: place parentheses around the '&' expression to silence this warning
            & (linkInitSbAccepted & linkInitSbSnd == 6'h11 | activeSbMsgExtRspReg);
               ~~~~~~~~~~~~~~~~~~~^~~~~~~~~~~~~~~~~~~~~~~~
berkeley/generated/AdapterSM.sv:278:35: warning: '&' within '|' [-Wbitwise-op-parentheses]
            & (linkInitSbAccepted & linkInitSbSnd == 6'h1 | activeSbMsgExtReqReg);
               ~~~~~~~~~~~~~~~~~~~^~~~~~~~~~~~~~~~~~~~~~~ ~
berkeley/generated/AdapterSM.sv:278:35: note: place parentheses around the '&' expression to silence this warning
            & (linkInitSbAccepted & linkInitSbSnd == 6'h1 | activeSbMsgExtReqReg);
               ~~~~~~~~~~~~~~~~~~~^~~~~~~~~~~~~~~~~~~~~~~
berkeley/generated/AdapterSM.sv:283:41: warning: '&' within '|' [-Wbitwise-op-parentheses]
            & (_retrainResumeActive_T_1 & _GEN_13 | transitionToActiveReg);
               ~~~~~~~~~~~~~~~~~~~~~~~~~^~~~~~~~~ ~
berkeley/generated/AdapterSM.sv:283:41: note: place parentheses around the '&' expression to silence this warning
            & (_retrainResumeActive_T_1 & _GEN_13 | transitionToActiveReg);
               ~~~~~~~~~~~~~~~~~~~~~~~~~^~~~~~~~~
berkeley/generated/AdapterSM.sv:286:39: warning: '&' within '|' [-Wbitwise-op-parentheses]
        & (~(|linkStateReg) & _GEN_14 & _GEN_13 | _GEN_14 & (|linkStateReg)
           ~~~~~~~~~~~~~~~~~~~~~~~~~~~^~~~~~~~~ ~
berkeley/generated/AdapterSM.sv:286:39: note: place parentheses around the '&' expression to silence this warning
        & (~(|linkStateReg) & _GEN_14 & _GEN_13 | _GEN_14 & (|linkStateReg)
           ~~~~~~~~~~~~~~~~~~~~~~~~~~~^~~~~~~~~
berkeley/generated/AdapterSM.sv:286:59: warning: '&' within '|' [-Wbitwise-op-parentheses]
        & (~(|linkStateReg) & _GEN_14 & _GEN_13 | _GEN_14 & (|linkStateReg)
                                                ~ ~~~~~~~~^~~~~~~~~~~~~~~~~
berkeley/generated/AdapterSM.sv:286:59: note: place parentheses around the '&' expression to silence this warning
        & (~(|linkStateReg) & _GEN_14 & _GEN_13 | _GEN_14 & (|linkStateReg)
                                                  ~~~~~~~~^~~~~~~~~~~~~~~~~
berkeley/generated/AdapterSM.sv:294:32: warning: '&' within '|' [-Wbitwise-op-parentheses]
        & (linkResetSbAccepted & linkResetSbSnd == 6'h19 | linkResetSbMsgExtRspReg);
           ~~~~~~~~~~~~~~~~~~~~^~~~~~~~~~~~~~~~~~~~~~~~~ ~
berkeley/generated/AdapterSM.sv:294:32: note: place parentheses around the '&' expression to silence this warning
        & (linkResetSbAccepted & linkResetSbSnd == 6'h19 | linkResetSbMsgExtRspReg);
           ~~~~~~~~~~~~~~~~~~~~^~~~~~~~~~~~~~~~~~~~~~~~~
berkeley/generated/AdapterSM.sv:296:39: warning: '&' within '|' [-Wbitwise-op-parentheses]
        _GEN_9 & (linkResetSbAccepted & linkResetSbSnd == 6'h9 | linkResetSbMsgExtReqReg);
                  ~~~~~~~~~~~~~~~~~~~~^~~~~~~~~~~~~~~~~~~~~~~~ ~
berkeley/generated/AdapterSM.sv:296:39: note: place parentheses around the '&' expression to silence this warning
        _GEN_9 & (linkResetSbAccepted & linkResetSbSnd == 6'h9 | linkResetSbMsgExtReqReg);
                  ~~~~~~~~~~~~~~~~~~~~^~~~~~~~~~~~~~~~~~~~~~~~
berkeley/generated/AdapterSM.sv:299:39: warning: '&' within '|' [-Wbitwise-op-parentheses]
        & (~(|linkStateReg) & _GEN_15 & _GEN_13 | _GEN_15 & (|linkStateReg)
           ~~~~~~~~~~~~~~~~~~~~~~~~~~~^~~~~~~~~ ~
berkeley/generated/AdapterSM.sv:299:39: note: place parentheses around the '&' expression to silence this warning
        & (~(|linkStateReg) & _GEN_15 & _GEN_13 | _GEN_15 & (|linkStateReg)
           ~~~~~~~~~~~~~~~~~~~~~~~~~~~^~~~~~~~~
berkeley/generated/AdapterSM.sv:299:59: warning: '&' within '|' [-Wbitwise-op-parentheses]
        & (~(|linkStateReg) & _GEN_15 & _GEN_13 | _GEN_15 & (|linkStateReg)
                                                ~ ~~~~~~~~^~~~~~~~~~~~~~~~~
berkeley/generated/AdapterSM.sv:299:59: note: place parentheses around the '&' expression to silence this warning
        & (~(|linkStateReg) & _GEN_15 & _GEN_13 | _GEN_15 & (|linkStateReg)
                                                  ~~~~~~~~^~~~~~~~~~~~~~~~~
berkeley/generated/AdapterSM.sv:304:39: warning: '&' within '|' [-Wbitwise-op-parentheses]
        _GEN_11 & (disabledSbAccepted & disabledSbSnd == 6'h1C | disabledSbMsgExtRspReg);
                   ~~~~~~~~~~~~~~~~~~~^~~~~~~~~~~~~~~~~~~~~~~~ ~
berkeley/generated/AdapterSM.sv:304:39: note: place parentheses around the '&' expression to silence this warning
        _GEN_11 & (disabledSbAccepted & disabledSbSnd == 6'h1C | disabledSbMsgExtRspReg);
                   ~~~~~~~~~~~~~~~~~~~^~~~~~~~~~~~~~~~~~~~~~~~
berkeley/generated/AdapterSM.sv:306:39: warning: '&' within '|' [-Wbitwise-op-parentheses]
        _GEN_11 & (disabledSbAccepted & disabledSbSnd == 6'hC | disabledSbMsgExtReqReg);
                   ~~~~~~~~~~~~~~~~~~~^~~~~~~~~~~~~~~~~~~~~~~ ~
berkeley/generated/AdapterSM.sv:306:39: note: place parentheses around the '&' expression to silence this warning
        _GEN_11 & (disabledSbAccepted & disabledSbSnd == 6'hC | disabledSbMsgExtReqReg);
                   ~~~~~~~~~~~~~~~~~~~^~~~~~~~~~~~~~~~~~~~~~~
  in instance: UcieSerialBringUp_tb.berkeley_die.phy.logPhySidebandChannel.rdiIntfNode.priorityQueue.enqArbiter
berkeley/generated/EnqueueArbiter.sv:58:22: warning: '&' within '|' [-Wbitwise-op-parentheses]
    isReqRespMessage & io_out_0_ready_0 | isAccComplete & io_out_1_ready_0 | isAccRequest
    ~~~~~~~~~~~~~~~~~^~~~~~~~~~~~~~~~~~ ~
berkeley/generated/EnqueueArbiter.sv:58:22: note: place parentheses around the '&' expression to silence this warning
    isReqRespMessage & io_out_0_ready_0 | isAccComplete & io_out_1_ready_0 | isAccRequest
    ~~~~~~~~~~~~~~~~~^~~~~~~~~~~~~~~~~~
  in instance: UcieSerialBringUp_tb.berkeley_die.phy.logPhySidebandChannel.rdiIntfNode.priorityQueue.enqArbiter
berkeley/generated/EnqueueArbiter.sv:58:57: warning: '&' within '|' [-Wbitwise-op-parentheses]
    isReqRespMessage & io_out_0_ready_0 | isAccComplete & io_out_1_ready_0 | isAccRequest
                                        ~ ~~~~~~~~~~~~~~^~~~~~~~~~~~~~~~~~
berkeley/generated/EnqueueArbiter.sv:58:57: note: place parentheses around the '&' expression to silence this warning
    isReqRespMessage & io_out_0_ready_0 | isAccComplete & io_out_1_ready_0 | isAccRequest
                                          ~~~~~~~~~~~~~~^~~~~~~~~~~~~~~~~~
  in instance: UcieSerialBringUp_tb.berkeley_die.phy.logPhySidebandChannel.rdiIntfNode.priorityQueue.enqArbiter
berkeley/generated/EnqueueArbiter.sv:59:5: warning: '&' within '|' [-Wbitwise-op-parentheses]
    & io_out_2_ready_0 | isOther & io_out_3_ready_0;
    ^~~~~~~~~~~~~~~~~~
berkeley/generated/EnqueueArbiter.sv:59:5: note: place parentheses around the '&' expression to silence this warning
    & io_out_2_ready_0 | isOther & io_out_3_ready_0;
    ^~~~~~~~~~~~~~~~~~
  in instance: UcieSerialBringUp_tb.berkeley_die.phy.logPhySidebandChannel.rdiIntfNode.priorityQueue.enqArbiter
berkeley/generated/EnqueueArbiter.sv:59:34: warning: '&' within '|' [-Wbitwise-op-parentheses]
    & io_out_2_ready_0 | isOther & io_out_3_ready_0;
                       ~ ~~~~~~~~^~~~~~~~~~~~~~~~~~
berkeley/generated/EnqueueArbiter.sv:59:34: note: place parentheses around the '&' expression to silence this warning
    & io_out_2_ready_0 | isOther & io_out_3_ready_0;
                         ~~~~~~~~^~~~~~~~~~~~~~~~~~
berkeley/generated/FDIStallHandler.sv:18:44: warning: '&' within '|' [-Wbitwise-op-parentheses]
    _io_plStallReq_T | _io_linkStallDone_T & io_linkStallReq_0;
                     ~ ~~~~~~~~~~~~~~~~~~~~^~~~~~~~~~~~~~~~~~~
berkeley/generated/FDIStallHandler.sv:18:44: note: place parentheses around the '&' expression to silence this warning
    _io_plStallReq_T | _io_linkStallDone_T & io_linkStallReq_0;
                       ~~~~~~~~~~~~~~~~~~~~^~~~~~~~~~~~~~~~~~~
berkeley/generated/FDIStallHandler.sv:19:70: warning: '&' within '|' [-Wbitwise-op-parentheses]
  wire            io_linkStallDone_0 = ackSeen | _io_linkStallDone_T & io_linkStallReq_0;
                                               ~ ~~~~~~~~~~~~~~~~~~~~^~~~~~~~~~~~~~~~~~~
berkeley/generated/FDIStallHandler.sv:19:70: note: place parentheses around the '&' expression to silence this warning
  wire            io_linkStallDone_0 = ackSeen | _io_linkStallDone_T & io_linkStallReq_0;
                                                 ~~~~~~~~~~~~~~~~~~~~^~~~~~~~~~~~~~~~~~~
berkeley/generated/LinkTrainingSM.sv:626:42: warning: '&' within '|' [-Wbitwise-op-parentheses]
    & _trainErrorResponder_io_wakeUp_T_1 & _timeoutCntEn_T_13 | ~(|currentState)
    ~~~~~~~~~~~~~~~~~~~~~~~~~~~~~~~~~~~~~^~~~~~~~~~~~~~~~~~~~ ~
berkeley/generated/LinkTrainingSM.sv:626:42: note: place parentheses around the '&' expression to silence this warning
    & _trainErrorResponder_io_wakeUp_T_1 & _timeoutCntEn_T_13 | ~(|currentState)
    ~~~~~~~~~~~~~~~~~~~~~~~~~~~~~~~~~~~~~^~~~~~~~~~~~~~~~~~~~
berkeley/generated/LinkTrainingSM.sv:627:5: warning: '&' within '|' [-Wbitwise-op-parentheses]
    & ~resetMinWait | waitTrainErrorResp & _timeoutCntEn_T_13;
    ^~~~~~~~~~~~~~~
berkeley/generated/LinkTrainingSM.sv:627:5: note: place parentheses around the '&' expression to silence this warning
    & ~resetMinWait | waitTrainErrorResp & _timeoutCntEn_T_13;
    ^~~~~~~~~~~~~~~
berkeley/generated/LinkTrainingSM.sv:627:42: warning: '&' within '|' [-Wbitwise-op-parentheses]
    & ~resetMinWait | waitTrainErrorResp & _timeoutCntEn_T_13;
                    ~ ~~~~~~~~~~~~~~~~~~~^~~~~~~~~~~~~~~~~~~~
berkeley/generated/LinkTrainingSM.sv:627:42: note: place parentheses around the '&' expression to silence this warning
    & ~resetMinWait | waitTrainErrorResp & _timeoutCntEn_T_13;
                      ~~~~~~~~~~~~~~~~~~~^~~~~~~~~~~~~~~~~~~~
berkeley/generated/LinkTrainingSM.sv:898:24: warning: '&' within '|' [-Wbitwise-op-parentheses]
    waitTrainErrorResp & (_trainErrorRequester_io_done | trainErrorHandshakeTimedout)
    ~~~~~~~~~~~~~~~~~~~^~~~~~~~~~~~~~~~~~~~~~~~~~~~~~~~~~~~~~~~~~~~~~~~~~~~~~~~~~~~~~
berkeley/generated/LinkTrainingSM.sv:898:24: note: place parentheses around the '&' expression to silence this warning
    waitTrainErrorResp & (_trainErrorRequester_io_done | trainErrorHandshakeTimedout)
    ~~~~~~~~~~~~~~~~~~~^~~~~~~~~~~~~~~~~~~~~~~~~~~~~~~~~~~~~~~~~~~~~~~~~~~~~~~~~~~~~~
berkeley/generated/LinkTrainingSM.sv:1388:66: warning: '&' within '|' [-Wbitwise-op-parentheses]
  wire             _GEN_28 = succeededThisCycle | retryCounterEn & _GEN_27;
                                                ~ ~~~~~~~~~~~~~~~^~~~~~~~~
berkeley/generated/LinkTrainingSM.sv:1388:66: note: place parentheses around the '&' expression to silence this warning
  wire             _GEN_28 = succeededThisCycle | retryCounterEn & _GEN_27;
                                                  ~~~~~~~~~~~~~~~^~~~~~~~~
berkeley/generated/LinkTrainingSM.sv:1443:69: warning: '&' within '|' [-Wbitwise-op-parentheses]
      trainingTimedout <= _trainErrorHandshakeTimedout_T | ~_GEN_25 & trainingTimedout;
                                                         ~ ~~~~~~~~~^~~~~~~~~~~~~~~~~~
berkeley/generated/LinkTrainingSM.sv:1443:69: note: place parentheses around the '&' expression to silence this warning
      trainingTimedout <= _trainErrorHandshakeTimedout_T | ~_GEN_25 & trainingTimedout;
                                                           ~~~~~~~~~^~~~~~~~~~~~~~~~~~
berkeley/generated/LinkTrainingSM.sv:1445:38: warning: '&' within '|' [-Wbitwise-op-parentheses]
        timeoutCounter == 23'h30D400 & ~(|currentState)
        ~~~~~~~~~~~~~~~~~~~~~~~~~~~~~^~~~~~~~~~~~~~~~~~
berkeley/generated/LinkTrainingSM.sv:1445:38: note: place parentheses around the '&' expression to silence this warning
        timeoutCounter == 23'h30D400 & ~(|currentState)
        ~~~~~~~~~~~~~~~~~~~~~~~~~~~~~^~~~~~~~~~~~~~~~~~
berkeley/generated/LinkTrainingSM.sv:1446:46: warning: '&' within '|' [-Wbitwise-op-parentheses]
        | ~((|currentState) & ~(|nextState)) & resetMinWait;
        ~ ~~~~~~~~~~~~~~~~~~~~~~~~~~~~~~~~~~~^~~~~~~~~~~~~~
berkeley/generated/LinkTrainingSM.sv:1446:46: note: place parentheses around the '&' expression to silence this warning
        | ~((|currentState) & ~(|nextState)) & resetMinWait;
          ~~~~~~~~~~~~~~~~~~~~~~~~~~~~~~~~~~~^~~~~~~~~~~~~~
berkeley/generated/LinkTrainingSM.sv:1449:9: warning: '&' within '|' [-Wbitwise-op-parentheses]
        & waitTrainErrorResp;
        ^~~~~~~~~~~~~~~~~~~~
berkeley/generated/LinkTrainingSM.sv:1449:9: note: place parentheses around the '&' expression to silence this warning
        & waitTrainErrorResp;
        ^~~~~~~~~~~~~~~~~~~~
berkeley/generated/LinkTrainingSM.sv:1455:51: warning: '&' within '|' [-Wbitwise-op-parentheses]
      trainingEpisodeActive <= _GEN_26 | ~_GEN_28 & trainingEpisodeActive;
                                       ~ ~~~~~~~~~^~~~~~~~~~~~~~~~~~~~~~~
berkeley/generated/LinkTrainingSM.sv:1455:51: note: place parentheses around the '&' expression to silence this warning
      trainingEpisodeActive <= _GEN_26 | ~_GEN_28 & trainingEpisodeActive;
                                         ~~~~~~~~~^~~~~~~~~~~~~~~~~~~~~~~
berkeley/generated/LinkTrainingSM.sv:1460:40: warning: '&' within '|' [-Wbitwise-op-parentheses]
        ~_GEN_32 & (_GEN_31 | ~_GEN_26 & fatalTrainingSawLinkError);
                            ~ ~~~~~~~~~^~~~~~~~~~~~~~~~~~~~~~~~~~~
berkeley/generated/LinkTrainingSM.sv:1460:40: note: place parentheses around the '&' expression to silence this warning
        ~_GEN_32 & (_GEN_31 | ~_GEN_26 & fatalTrainingSawLinkError);
                              ~~~~~~~~~^~~~~~~~~~~~~~~~~~~~~~~~~~~
berkeley/generated/LinkTrainingSM.sv:1462:29: warning: '&' within '|' [-Wbitwise-op-parentheses]
        ~(forceRdiLinkError & _GEN_30 | _GEN_31 | _GEN_26)
          ~~~~~~~~~~~~~~~~~~^~~~~~~~~ ~
berkeley/generated/LinkTrainingSM.sv:1462:29: note: place parentheses around the '&' expression to silence this warning
        ~(forceRdiLinkError & _GEN_30 | _GEN_31 | _GEN_26)
          ~~~~~~~~~~~~~~~~~~^~~~~~~~~
berkeley/generated/LinkTrainingSM.sv:1481:64: warning: '&' within '|' [-Wbitwise-op-parentheses]
        rdiTriggerTraining | rdiTriggerTrainingWire | ~_GEN_25 & rdiTriggerTraining;
                                                    ~ ~~~~~~~~~^~~~~~~~~~~~~~~~~~~~
berkeley/generated/LinkTrainingSM.sv:1481:64: note: place parentheses around the '&' expression to silence this warning
        rdiTriggerTraining | rdiTriggerTrainingWire | ~_GEN_25 & rdiTriggerTraining;
                                                      ~~~~~~~~~^~~~~~~~~~~~~~~~~~~~
berkeley/generated/LinkTrainingSM.sv:1522:74: warning: '&' within '|' [-Wbitwise-op-parentheses]
      doLaneReversal <= _mbInitSM_io_applyLaneReversal | (|currentState) & doLaneReversal;
                                                       ~ ~~~~~~~~~~~~~~~~^~~~~~~~~~~~~~~~
berkeley/generated/LinkTrainingSM.sv:1522:74: note: place parentheses around the '&' expression to silence this warning
      doLaneReversal <= _mbInitSM_io_applyLaneReversal | (|currentState) & doLaneReversal;
                                                         ~~~~~~~~~~~~~~~~^~~~~~~~~~~~~~~~
berkeley/generated/LinkTrainingSM.sv:1524:18: warning: '&' within '|' [-Wbitwise-op-parentheses]
        ~_GEN_21 & _GEN_19 | ~(~(|currentState) | _mbTrainSM_io_clearPhyInRetrainFlag)
        ~~~~~~~~~^~~~~~~~~ ~
berkeley/generated/LinkTrainingSM.sv:1524:18: note: place parentheses around the '&' expression to silence this warning
        ~_GEN_21 & _GEN_19 | ~(~(|currentState) | _mbTrainSM_io_clearPhyInRetrainFlag)
        ~~~~~~~~~^~~~~~~~~
berkeley/generated/LinkTrainingSM.sv:1525:9: warning: '&' within '|' [-Wbitwise-op-parentheses]
        & phyInRetrain;
        ^~~~~~~~~~~~~~
berkeley/generated/LinkTrainingSM.sv:1525:9: note: place parentheses around the '&' expression to silence this warning
        & phyInRetrain;
        ^~~~~~~~~~~~~~
berkeley/generated/LinkTrainingSM.sv:1529:39: warning: '&' within '|' [-Wbitwise-op-parentheses]
            ? ~transitionToTrainError & _GEN_14 | phyRetrainFromLinkspeed
              ~~~~~~~~~~~~~~~~~~~~~~~~^~~~~~~~~ ~
berkeley/generated/LinkTrainingSM.sv:1529:39: note: place parentheses around the '&' expression to silence this warning
            ? ~transitionToTrainError & _GEN_14 | phyRetrainFromLinkspeed
              ~~~~~~~~~~~~~~~~~~~~~~~~^~~~~~~~~
berkeley/generated/LogicalPhy.sv:912:9: warning: '&' within '|' [-Wbitwise-op-parentheses]
        & _patternWriter_io_mbTxLaneIo_valid;
        ^~~~~~~~~~~~~~~~~~~~~~~~~~~~~~~~~~~~
berkeley/generated/LogicalPhy.sv:912:9: note: place parentheses around the '&' expression to silence this warning
        & _patternWriter_io_mbTxLaneIo_valid;
        ^~~~~~~~~~~~~~~~~~~~~~~~~~~~~~~~~~~~
berkeley/generated/LogicalPhy.sv:1013:9: warning: '&' within '|' [-Wbitwise-op-parentheses]
        & suppressPlValidAfterError;
        ^~~~~~~~~~~~~~~~~~~~~~~~~~~
berkeley/generated/LogicalPhy.sv:1013:9: note: place parentheses around the '&' expression to silence this warning
        & suppressPlValidAfterError;
        ^~~~~~~~~~~~~~~~~~~~~~~~~~~
berkeley/generated/LogicalPhy.sv:1323:6: warning: output port 'io_ungateClocks' is explicitly connected to nothing [-Wempty-output-connection]
    .io_ungateClocks           (/* unused */)
     ^~~~~~~~~~~~~~~
berkeley/generated/LogicalPhy.sv:1875:6: warning: output port 'io_chosen' is explicitly connected to nothing [-Wempty-output-connection]
    .io_chosen     (/* unused */)
     ^~~~~~~~~
berkeley/generated/MBInitRequester.sv:378:18: warning: '&' within '|' [-Wbitwise-op-parentheses]
    isLowerLanes & faultInLowerLanes | isUpperLanes & faultInUpperLanes | isLanes0To15
    ~~~~~~~~~~~~~^~~~~~~~~~~~~~~~~~~ ~
berkeley/generated/MBInitRequester.sv:378:18: note: place parentheses around the '&' expression to silence this warning
    isLowerLanes & faultInLowerLanes | isUpperLanes & faultInUpperLanes | isLanes0To15
    ~~~~~~~~~~~~~^~~~~~~~~~~~~~~~~~~
berkeley/generated/MBInitRequester.sv:378:53: warning: '&' within '|' [-Wbitwise-op-parentheses]
    isLowerLanes & faultInLowerLanes | isUpperLanes & faultInUpperLanes | isLanes0To15
                                     ~ ~~~~~~~~~~~~~^~~~~~~~~~~~~~~~~~~
berkeley/generated/MBInitRequester.sv:378:53: note: place parentheses around the '&' expression to silence this warning
    isLowerLanes & faultInLowerLanes | isUpperLanes & faultInUpperLanes | isLanes0To15
                                       ~~~~~~~~~~~~~^~~~~~~~~~~~~~~~~~~
berkeley/generated/MBInitRequester.sv:379:25: warning: '&' within '|' [-Wbitwise-op-parentheses]
    & faultInUpperLanes & faultInLowerLanes;
    ~~~~~~~~~~~~~~~~~~~~^~~~~~~~~~~~~~~~~~~
berkeley/generated/MBInitRequester.sv:379:25: note: place parentheses around the '&' expression to silence this warning
    & faultInUpperLanes & faultInLowerLanes;
    ~~~~~~~~~~~~~~~~~~~~^~~~~~~~~~~~~~~~~~~
berkeley/generated/MBInitRequester.sv:488:80: warning: '&' within '|' [-Wbitwise-op-parentheses]
  wire              io_mbLaneCtrlIo_txTrackEn_0 = ~_GEN_4 & (_GEN_3 | ~_GEN_18 & _GEN_36);
                                                                    ~ ~~~~~~~~~^~~~~~~~~
berkeley/generated/MBInitRequester.sv:488:80: note: place parentheses around the '&' expression to silence this warning
  wire              io_mbLaneCtrlIo_txTrackEn_0 = ~_GEN_4 & (_GEN_3 | ~_GEN_18 & _GEN_36);
                                                                      ~~~~~~~~~^~~~~~~~~
berkeley/generated/MBInitRequester.sv:614:33: warning: '&' within '|' [-Wbitwise-op-parentheses]
    _GEN_31 & (_GEN_5 | ~_GEN_7 & (_GEN_8 ? ~allLanesFailed : _GEN_26));
                      ~ ~~~~~~~~^~~~~~~~~~~~~~~~~~~~~~~~~~~~~~~~~~~~~~
berkeley/generated/MBInitRequester.sv:614:33: note: place parentheses around the '&' expression to silence this warning
    _GEN_31 & (_GEN_5 | ~_GEN_7 & (_GEN_8 ? ~allLanesFailed : _GEN_26));
                        ~~~~~~~~^~~~~~~~~~~~~~~~~~~~~~~~~~~~~~~~~~~~~~
berkeley/generated/MBInitRequester.sv:719:12: warning: '&' within '|' [-Wbitwise-op-parentheses]
           & requesterRdyStatusReg);
           ^~~~~~~~~~~~~~~~~~~~~~~
berkeley/generated/MBInitRequester.sv:719:12: note: place parentheses around the '&' expression to silence this warning
           & requesterRdyStatusReg);
           ^~~~~~~~~~~~~~~~~~~~~~~
berkeley/generated/MBInitRequester.sv:724:62: warning: '&' within '|' [-Wbitwise-op-parentheses]
          : ~_GEN_25 & _GEN_19 & ~_GEN_9 & _GEN_8 & ~_GEN_23 & _GEN_24
            ~~~~~~~~~~~~~~~~~~~~~~~~~~~~~~~~~~~~~~~~~~~~~~~~~^~~~~~~~~
berkeley/generated/MBInitRequester.sv:724:62: note: place parentheses around the '&' expression to silence this warning
          : ~_GEN_25 & _GEN_19 & ~_GEN_9 & _GEN_8 & ~_GEN_23 & _GEN_24
            ~~~~~~~~~~~~~~~~~~~~~~~~~~~~~~~~~~~~~~~~~~~~~~~~~^~~~~~~~~
berkeley/generated/MBInitRequester.sv:792:67: warning: '&' within '|' [-Wbitwise-op-parentheses]
                : _GEN_19 ? _GEN_27 : _GEN_31 & (_GEN_5 | ~_GEN_7 & (_GEN_8 | _GEN_26)))),
                                                        ~ ~~~~~~~~^~~~~~~~~~~~~~~~~~~~
berkeley/generated/MBInitRequester.sv:792:67: note: place parentheses around the '&' expression to silence this warning
                : _GEN_19 ? _GEN_27 : _GEN_31 & (_GEN_5 | ~_GEN_7 & (_GEN_8 | _GEN_26)))),
                                                          ~~~~~~~~^~~~~~~~~~~~~~~~~~~~
berkeley/generated/MBInitRequester.sv:801:6: warning: output port 'io_msgReceived' is explicitly connected to nothing [-Wempty-output-connection]
    .io_msgReceived            (/* unused */),
     ^~~~~~~~~~~~~~
berkeley/generated/MBInitResponder.sv:372:5: warning: '&' within '|' [-Wbitwise-op-parentheses]
    & (_GEN_18 | _GEN_20) | ~(_layer_probe & _GEN) & _sbMsgExchanger_io_sbLaneIo_rx_ready;
    ^~~~~~~~~~~~~~~~~~~~~ ~
berkeley/generated/MBInitResponder.sv:372:5: note: place parentheses around the '&' expression to silence this warning
    & (_GEN_18 | _GEN_20) | ~(_layer_probe & _GEN) & _sbMsgExchanger_io_sbLaneIo_rx_ready;
    ^~~~~~~~~~~~~~~~~~~~~
berkeley/generated/MBInitResponder.sv:372:52: warning: '&' within '|' [-Wbitwise-op-parentheses]
    & (_GEN_18 | _GEN_20) | ~(_layer_probe & _GEN) & _sbMsgExchanger_io_sbLaneIo_rx_ready;
                          ~ ~~~~~~~~~~~~~~~~~~~~~~~^~~~~~~~~~~~~~~~~~~~~~~~~~~~~~~~~~~~~~
berkeley/generated/MBInitResponder.sv:372:52: note: place parentheses around the '&' expression to silence this warning
    & (_GEN_18 | _GEN_20) | ~(_layer_probe & _GEN) & _sbMsgExchanger_io_sbLaneIo_rx_ready;
                            ~~~~~~~~~~~~~~~~~~~~~~~^~~~~~~~~~~~~~~~~~~~~~~~~~~~~~~~~~~~~~
berkeley/generated/MBInitResponder.sv:415:57: warning: '&' within '|' [-Wbitwise-op-parentheses]
  wire              _GEN_29 = ~_GEN_25 | (|substateReg) & (_layer_probe_1 | ~_GEN_22);
                                       ~ ~~~~~~~~~~~~~~~^~~~~~~~~~~~~~~~~~~~~~~~~~~~~
berkeley/generated/MBInitResponder.sv:415:57: note: place parentheses around the '&' expression to silence this warning
  wire              _GEN_29 = ~_GEN_25 | (|substateReg) & (_layer_probe_1 | ~_GEN_22);
                                         ~~~~~~~~~~~~~~~^~~~~~~~~~~~~~~~~~~~~~~~~~~~~
berkeley/generated/MBInitResponder.sv:500:57: warning: '&' within '|' [-Wbitwise-op-parentheses]
              : ~_GEN_5 & _GEN & io_sbLaneIo_rx_valid_0 & _GEN_18 | gotLFSRClearReq;
                ~~~~~~~~~~~~~~~~~~~~~~~~~~~~~~~~~~~~~~~~^~~~~~~~~ ~
berkeley/generated/MBInitResponder.sv:500:57: note: place parentheses around the '&' expression to silence this warning
              : ~_GEN_5 & _GEN & io_sbLaneIo_rx_valid_0 & _GEN_18 | gotLFSRClearReq;
                ~~~~~~~~~~~~~~~~~~~~~~~~~~~~~~~~~~~~~~~~^~~~~~~~~
berkeley/generated/MBInitResponder.sv:521:53: warning: '&' within '|' [-Wbitwise-op-parentheses]
        & (responderRdy | currentState == nextState & responderRdyStatusReg);
                        ~ ~~~~~~~~~~~~~~~~~~~~~~~~~~^~~~~~~~~~~~~~~~~~~~~~~
berkeley/generated/MBInitResponder.sv:521:53: note: place parentheses around the '&' expression to silence this warning
        & (responderRdy | currentState == nextState & responderRdyStatusReg);
                          ~~~~~~~~~~~~~~~~~~~~~~~~~~^~~~~~~~~~~~~~~~~~~~~~~
berkeley/generated/MBInitResponder.sv:578:68: warning: '&' within '|' [-Wbitwise-op-parentheses]
                    : _GEN_25 & (~(|substateReg) | ~_layer_probe_1 & (_GEN_5 | _GEN)))
                                                 ~ ~~~~~~~~~~~~~~~~^~~~~~~~~~~~~~~~~
berkeley/generated/MBInitResponder.sv:578:68: note: place parentheses around the '&' expression to silence this warning
                    : _GEN_25 & (~(|substateReg) | ~_layer_probe_1 & (_GEN_5 | _GEN)))
                                                   ~~~~~~~~~~~~~~~~^~~~~~~~~~~~~~~~~
berkeley/generated/MBTrainRequester.sv:690:18: warning: '&' within '|' [-Wbitwise-op-parentheses]
    isLowerLanes & faultInLowerLanes | isUpperLanes & faultInUpperLanes | isLanes0To15
    ~~~~~~~~~~~~~^~~~~~~~~~~~~~~~~~~ ~
berkeley/generated/MBTrainRequester.sv:690:18: note: place parentheses around the '&' expression to silence this warning
    isLowerLanes & faultInLowerLanes | isUpperLanes & faultInUpperLanes | isLanes0To15
    ~~~~~~~~~~~~~^~~~~~~~~~~~~~~~~~~
berkeley/generated/MBTrainRequester.sv:690:53: warning: '&' within '|' [-Wbitwise-op-parentheses]
    isLowerLanes & faultInLowerLanes | isUpperLanes & faultInUpperLanes | isLanes0To15
                                     ~ ~~~~~~~~~~~~~^~~~~~~~~~~~~~~~~~~
berkeley/generated/MBTrainRequester.sv:690:53: note: place parentheses around the '&' expression to silence this warning
    isLowerLanes & faultInLowerLanes | isUpperLanes & faultInUpperLanes | isLanes0To15
                                       ~~~~~~~~~~~~~^~~~~~~~~~~~~~~~~~~
berkeley/generated/MBTrainRequester.sv:691:25: warning: '&' within '|' [-Wbitwise-op-parentheses]
    & faultInUpperLanes & faultInLowerLanes;
    ~~~~~~~~~~~~~~~~~~~~^~~~~~~~~~~~~~~~~~~
berkeley/generated/MBTrainRequester.sv:691:25: note: place parentheses around the '&' expression to silence this warning
    & faultInUpperLanes & faultInLowerLanes;
    ~~~~~~~~~~~~~~~~~~~~^~~~~~~~~~~~~~~~~~~
berkeley/generated/MBTrainRequester.sv:988:44: warning: '&' within '|' [-Wbitwise-op-parentheses]
         : ~_GEN_73 & (_GEN_76 | ~_GEN_102 & _GEN_101) & _GEN_3);
                               ~ ~~~~~~~~~~^~~~~~~~~~
berkeley/generated/MBTrainRequester.sv:988:44: note: place parentheses around the '&' expression to silence this warning
         : ~_GEN_73 & (_GEN_76 | ~_GEN_102 & _GEN_101) & _GEN_3);
                                 ~~~~~~~~~~^~~~~~~~~~
berkeley/generated/MBTrainRequester.sv:1019:52: warning: '&' within '|' [-Wbitwise-op-parentheses]
  wire               _GEN_107 = _GEN_1 | ~_GEN_106 & _GEN_105;
                                       ~ ~~~~~~~~~~^~~~~~~~~~
berkeley/generated/MBTrainRequester.sv:1019:52: note: place parentheses around the '&' expression to silence this warning
  wire               _GEN_107 = _GEN_1 | ~_GEN_106 & _GEN_105;
                                         ~~~~~~~~~~^~~~~~~~~~
berkeley/generated/MBTrainRequester.sv:1299:52: warning: '&' within '|' [-Wbitwise-op-parentheses]
  wire               _GEN_124 = _GEN_75 | ~_GEN_73 & (_GEN_123 | _GEN_122);
                                        ~ ~~~~~~~~~^~~~~~~~~~~~~~~~~~~~~~~
berkeley/generated/MBTrainRequester.sv:1299:52: note: place parentheses around the '&' expression to silence this warning
  wire               _GEN_124 = _GEN_75 | ~_GEN_73 & (_GEN_123 | _GEN_122);
                                          ~~~~~~~~~^~~~~~~~~~~~~~~~~~~~~~~
berkeley/generated/MBTrainRequester.sv:1343:25: warning: '&' within '|' [-Wbitwise-op-parentheses]
    _GEN_75 | ~_GEN_114 & (_GEN_102 | ~_GEN_101 & (_GEN_112 | _GEN_122));
            ~ ~~~~~~~~~~^~~~~~~~~~~~~~~~~~~~~~~~~~~~~~~~~~~~~~~~~~~~~~~~
berkeley/generated/MBTrainRequester.sv:1343:25: note: place parentheses around the '&' expression to silence this warning
    _GEN_75 | ~_GEN_114 & (_GEN_102 | ~_GEN_101 & (_GEN_112 | _GEN_122));
              ~~~~~~~~~~^~~~~~~~~~~~~~~~~~~~~~~~~~~~~~~~~~~~~~~~~~~~~~~~
berkeley/generated/MBTrainRequester.sv:1343:49: warning: '&' within '|' [-Wbitwise-op-parentheses]
    _GEN_75 | ~_GEN_114 & (_GEN_102 | ~_GEN_101 & (_GEN_112 | _GEN_122));
                                    ~ ~~~~~~~~~~^~~~~~~~~~~~~~~~~~~~~~~
berkeley/generated/MBTrainRequester.sv:1343:49: note: place parentheses around the '&' expression to silence this warning
    _GEN_75 | ~_GEN_114 & (_GEN_102 | ~_GEN_101 & (_GEN_112 | _GEN_122));
                                      ~~~~~~~~~~^~~~~~~~~~~~~~~~~~~~~~~
berkeley/generated/MBTrainRequester.sv:1380:25: warning: '&' within '|' [-Wbitwise-op-parentheses]
    _GEN_121 | ~_GEN_99 & (_GEN_119 | ~_GEN_112 & ~_GEN_122) | _GEN_1 ? 2'h1 : _GEN_58;
             ~ ~~~~~~~~~^~~~~~~~~~~~~~~~~~~~~~~~~~~~~~~~~~~~
berkeley/generated/MBTrainRequester.sv:1380:25: note: place parentheses around the '&' expression to silence this warning
    _GEN_121 | ~_GEN_99 & (_GEN_119 | ~_GEN_112 & ~_GEN_122) | _GEN_1 ? 2'h1 : _GEN_58;
               ~~~~~~~~~^~~~~~~~~~~~~~~~~~~~~~~~~~~~~~~~~~~~
berkeley/generated/MBTrainRequester.sv:1380:49: warning: '&' within '|' [-Wbitwise-op-parentheses]
    _GEN_121 | ~_GEN_99 & (_GEN_119 | ~_GEN_112 & ~_GEN_122) | _GEN_1 ? 2'h1 : _GEN_58;
                                    ~ ~~~~~~~~~~^~~~~~~~~~~
berkeley/generated/MBTrainRequester.sv:1380:49: note: place parentheses around the '&' expression to silence this warning
    _GEN_121 | ~_GEN_99 & (_GEN_119 | ~_GEN_112 & ~_GEN_122) | _GEN_1 ? 2'h1 : _GEN_58;
                                      ~~~~~~~~~~^~~~~~~~~~~
berkeley/generated/MBTrainRequester.sv:1394:50: warning: '&' within '|' [-Wbitwise-op-parentheses]
  wire               _GEN_135 = _GEN_1 | ~_GEN_2 & (_GEN_133 | ~_GEN_130 & _GEN_134);
                                       ~ ~~~~~~~~^~~~~~~~~~~~~~~~~~~~~~~~~~~~~~~~~~~
berkeley/generated/MBTrainRequester.sv:1394:50: note: place parentheses around the '&' expression to silence this warning
  wire               _GEN_135 = _GEN_1 | ~_GEN_2 & (_GEN_133 | ~_GEN_130 & _GEN_134);
                                         ~~~~~~~~^~~~~~~~~~~~~~~~~~~~~~~~~~~~~~~~~~~
berkeley/generated/MBTrainRequester.sv:1394:74: warning: '&' within '|' [-Wbitwise-op-parentheses]
  wire               _GEN_135 = _GEN_1 | ~_GEN_2 & (_GEN_133 | ~_GEN_130 & _GEN_134);
                                                             ~ ~~~~~~~~~~^~~~~~~~~~
berkeley/generated/MBTrainRequester.sv:1394:74: note: place parentheses around the '&' expression to silence this warning
  wire               _GEN_135 = _GEN_1 | ~_GEN_2 & (_GEN_133 | ~_GEN_130 & _GEN_134);
                                                               ~~~~~~~~~~^~~~~~~~~~
berkeley/generated/MBTrainRequester.sv:1402:53: warning: '&' within '|' [-Wbitwise-op-parentheses]
    & (_GEN_133 | ~(_GEN_130 | _GEN_134 | _GEN_138) & (_GEN_139 | _GEN_140));
                ~ ~~~~~~~~~~~~~~~~~~~~~~~~~~~~~~~~~~^~~~~~~~~~~~~~~~~~~~~~~
berkeley/generated/MBTrainRequester.sv:1402:53: note: place parentheses around the '&' expression to silence this warning
    & (_GEN_133 | ~(_GEN_130 | _GEN_134 | _GEN_138) & (_GEN_139 | _GEN_140));
                  ~~~~~~~~~~~~~~~~~~~~~~~~~~~~~~~~~~^~~~~~~~~~~~~~~~~~~~~~~
berkeley/generated/MBTrainRequester.sv:1469:33: warning: '&' within '|' [-Wbitwise-op-parentheses]
    _GEN_142 & (_GEN_7 | _GEN_6 & _sbMsgExchanger_io_msgReceived);
                       ~ ~~~~~~~^~~~~~~~~~~~~~~~~~~~~~~~~~~~~~~~
berkeley/generated/MBTrainRequester.sv:1469:33: note: place parentheses around the '&' expression to silence this warning
    _GEN_142 & (_GEN_7 | _GEN_6 & _sbMsgExchanger_io_msgReceived);
                         ~~~~~~~^~~~~~~~~~~~~~~~~~~~~~~~~~~~~~~~
berkeley/generated/MBTrainRequester.sv:1482:34: warning: '&' within '|' [-Wbitwise-op-parentheses]
     {_GEN_1 | ~_GEN_2 & _GEN_42 & mbTrainRxClkCalDoneReg},
             ~ ~~~~~~~~~~~~~~~~~~^~~~~~~~~~~~~~~~~~~~~~~~
berkeley/generated/MBTrainRequester.sv:1482:34: note: place parentheses around the '&' expression to silence this warning
     {_GEN_1 | ~_GEN_2 & _GEN_42 & mbTrainRxClkCalDoneReg},
               ~~~~~~~~~~~~~~~~~~^~~~~~~~~~~~~~~~~~~~~~~~
berkeley/generated/MBTrainRequester.sv:1661:52: warning: '&' within '|' [-Wbitwise-op-parentheses]
  wire               _GEN_161 = io_freqSel_valid_0 & io_pllLock_0 | speedChanged;
                                ~~~~~~~~~~~~~~~~~~~^~~~~~~~~~~~~~ ~
berkeley/generated/MBTrainRequester.sv:1661:52: note: place parentheses around the '&' expression to silence this warning
  wire               _GEN_161 = io_freqSel_valid_0 & io_pllLock_0 | speedChanged;
                                ~~~~~~~~~~~~~~~~~~~^~~~~~~~~~~~~~
berkeley/generated/MBTrainRequester.sv:1727:9: warning: '&' within '|' [-Wbitwise-op-parentheses]
        & requesterRdyStatusReg;
        ^~~~~~~~~~~~~~~~~~~~~~~
berkeley/generated/MBTrainRequester.sv:1727:9: note: place parentheses around the '&' expression to silence this warning
        & requesterRdyStatusReg;
        ^~~~~~~~~~~~~~~~~~~~~~~
berkeley/generated/MBTrainRequester.sv:1732:54: warning: '&' within '|' [-Wbitwise-op-parentheses]
          : _GEN_56 | (~_GEN_65 | _GEN_1 | ~_GEN_71) & fromDataVref;
                    ~ ~~~~~~~~~~~~~~~~~~~~~~~~~~~~~~~^~~~~~~~~~~~~~
berkeley/generated/MBTrainRequester.sv:1732:54: note: place parentheses around the '&' expression to silence this warning
          : _GEN_56 | (~_GEN_65 | _GEN_1 | ~_GEN_71) & fromDataVref;
                      ~~~~~~~~~~~~~~~~~~~~~~~~~~~~~~~^~~~~~~~~~~~~~
berkeley/generated/MBTrainRequester.sv:1737:57: warning: '&' within '|' [-Wbitwise-op-parentheses]
          _GEN_65 ? _GEN_72 & fromLinkspeed : ~_GEN_126 & _GEN_122 | fromLinkspeed;
                                              ~~~~~~~~~~^~~~~~~~~~ ~
berkeley/generated/MBTrainRequester.sv:1737:57: note: place parentheses around the '&' expression to silence this warning
          _GEN_65 ? _GEN_72 & fromLinkspeed : ~_GEN_126 & _GEN_122 | fromLinkspeed;
                                              ~~~~~~~~~~^~~~~~~~~~
berkeley/generated/MBTrainRequester.sv:1762:21: warning: '&' within '|' [-Wbitwise-op-parentheses]
          & (_GEN_2 & io_txPtTestReqIntfIo_done_0 | completedLinkspeedStep1And2Flag);
             ~~~~~~~^~~~~~~~~~~~~~~~~~~~~~~~~~~~~ ~
berkeley/generated/MBTrainRequester.sv:1762:21: note: place parentheses around the '&' expression to silence this warning
          & (_GEN_2 & io_txPtTestReqIntfIo_done_0 | completedLinkspeedStep1And2Flag);
             ~~~~~~~^~~~~~~~~~~~~~~~~~~~~~~~~~~~~
berkeley/generated/MBTrainRequester.sv:1879:6: warning: output port 'io_resp_valid' is explicitly connected to nothing [-Wempty-output-connection]
    .io_resp_valid             (/* unused */),
     ^~~~~~~~~~~~~
berkeley/generated/MBTrainRequester.sv:1880:6: warning: output port 'io_resp_bits' is explicitly connected to nothing [-Wempty-output-connection]
    .io_resp_bits              (/* unused */),
     ^~~~~~~~~~~~
berkeley/generated/MBTrainResponder.sv:378:31: warning: '&' within '|' [-Wbitwise-op-parentheses]
    io_localInitiatingError_0 & io_localInitiatingWidthDegrade_0
    ~~~~~~~~~~~~~~~~~~~~~~~~~~^~~~~~~~~~~~~~~~~~~~~~~~~~~~~~~~~~
berkeley/generated/MBTrainResponder.sv:378:31: note: place parentheses around the '&' expression to silence this warning
    io_localInitiatingError_0 & io_localInitiatingWidthDegrade_0
    ~~~~~~~~~~~~~~~~~~~~~~~~~~^~~~~~~~~~~~~~~~~~~~~~~~~~~~~~~~~~
berkeley/generated/MBTrainResponder.sv:431:11: warning: '&' within '|' [-Wbitwise-op-parentheses]
    ~_GEN & (_GEN_9 | _GEN_26 | ~_GEN_21 & (_GEN_22 | ~_GEN_24 & ~_GEN_25)) | _GEN_0
    ~~~~~~^~~~~~~~~~~~~~~~~~~~~~~~~~~~~~~~~~~~~~~~~~~~~~~~~~~~~~~~~~~~~~~~~ ~
berkeley/generated/MBTrainResponder.sv:431:11: note: place parentheses around the '&' expression to silence this warning
    ~_GEN & (_GEN_9 | _GEN_26 | ~_GEN_21 & (_GEN_22 | ~_GEN_24 & ~_GEN_25)) | _GEN_0
    ~~~~~~^~~~~~~~~~~~~~~~~~~~~~~~~~~~~~~~~~~~~~~~~~~~~~~~~~~~~~~~~~~~~~~~~
berkeley/generated/MBTrainResponder.sv:431:42: warning: '&' within '|' [-Wbitwise-op-parentheses]
    ~_GEN & (_GEN_9 | _GEN_26 | ~_GEN_21 & (_GEN_22 | ~_GEN_24 & ~_GEN_25)) | _GEN_0
                              ~ ~~~~~~~~~^~~~~~~~~~~~~~~~~~~~~~~~~~~~~~~~~
berkeley/generated/MBTrainResponder.sv:431:42: note: place parentheses around the '&' expression to silence this warning
    ~_GEN & (_GEN_9 | _GEN_26 | ~_GEN_21 & (_GEN_22 | ~_GEN_24 & ~_GEN_25)) | _GEN_0
                                ~~~~~~~~~^~~~~~~~~~~~~~~~~~~~~~~~~~~~~~~~~
berkeley/generated/MBTrainResponder.sv:431:64: warning: '&' within '|' [-Wbitwise-op-parentheses]
    ~_GEN & (_GEN_9 | _GEN_26 | ~_GEN_21 & (_GEN_22 | ~_GEN_24 & ~_GEN_25)) | _GEN_0
                                                    ~ ~~~~~~~~~^~~~~~~~~~
berkeley/generated/MBTrainResponder.sv:431:64: note: place parentheses around the '&' expression to silence this warning
    ~_GEN & (_GEN_9 | _GEN_26 | ~_GEN_21 & (_GEN_22 | ~_GEN_24 & ~_GEN_25)) | _GEN_0
                                                      ~~~~~~~~~^~~~~~~~~~
berkeley/generated/MBTrainResponder.sv:439:30: warning: '&' within '|' [-Wbitwise-op-parentheses]
    _GEN | _GEN_9 | ~_GEN_26 & (_GEN_21 | ~_GEN_22 & (_GEN_24 | _GEN_25));
                  ~ ~~~~~~~~~^~~~~~~~~~~~~~~~~~~~~~~~~~~~~~~~~~~~~~~~~~~~
berkeley/generated/MBTrainResponder.sv:439:30: note: place parentheses around the '&' expression to silence this warning
    _GEN | _GEN_9 | ~_GEN_26 & (_GEN_21 | ~_GEN_22 & (_GEN_24 | _GEN_25));
                    ~~~~~~~~~^~~~~~~~~~~~~~~~~~~~~~~~~~~~~~~~~~~~~~~~~~~~
berkeley/generated/MBTrainResponder.sv:439:52: warning: '&' within '|' [-Wbitwise-op-parentheses]
    _GEN | _GEN_9 | ~_GEN_26 & (_GEN_21 | ~_GEN_22 & (_GEN_24 | _GEN_25));
                                        ~ ~~~~~~~~~^~~~~~~~~~~~~~~~~~~~~
berkeley/generated/MBTrainResponder.sv:439:52: note: place parentheses around the '&' expression to silence this warning
    _GEN | _GEN_9 | ~_GEN_26 & (_GEN_21 | ~_GEN_22 & (_GEN_24 | _GEN_25));
                                          ~~~~~~~~~^~~~~~~~~~~~~~~~~~~~~
berkeley/generated/MBTrainResponder.sv:499:24: warning: '&' within '|' [-Wbitwise-op-parentheses]
    _GEN_33 | ~_GEN_19 & (_GEN_21 | _GEN_22 | _GEN_32 | ~_GEN_30) | _GEN_0
            ~ ~~~~~~~~~^~~~~~~~~~~~~~~~~~~~~~~~~~~~~~~~~~~~~~~~~~
berkeley/generated/MBTrainResponder.sv:499:24: note: place parentheses around the '&' expression to silence this warning
    _GEN_33 | ~_GEN_19 & (_GEN_21 | _GEN_22 | _GEN_32 | ~_GEN_30) | _GEN_0
              ~~~~~~~~~^~~~~~~~~~~~~~~~~~~~~~~~~~~~~~~~~~~~~~~~~~
berkeley/generated/MBTrainResponder.sv:536:21: warning: '&' within '|' [-Wbitwise-op-parentheses]
          ? _GEN_37 & (_GEN_39 | _GEN_40 | _GEN_41) | _sbMsgExchanger_io_sbLaneIo_rx_ready
            ~~~~~~~~^~~~~~~~~~~~~~~~~~~~~~~~~~~~~~~ ~
berkeley/generated/MBTrainResponder.sv:536:21: note: place parentheses around the '&' expression to silence this warning
          ? _GEN_37 & (_GEN_39 | _GEN_40 | _GEN_41) | _sbMsgExchanger_io_sbLaneIo_rx_ready
            ~~~~~~~~^~~~~~~~~~~~~~~~~~~~~~~~~~~~~~~
berkeley/generated/MBTrainResponder.sv:537:57: warning: '&' within '|' [-Wbitwise-op-parentheses]
          : ~_GEN_42 & _GEN_44 & io_sbLaneIo_rx_valid_0 & (_GEN_45 | _GEN_46)
            ~~~~~~~~~~~~~~~~~~~~~~~~~~~~~~~~~~~~~~~~~~~~^~~~~~~~~~~~~~~~~~~~~
berkeley/generated/MBTrainResponder.sv:537:57: note: place parentheses around the '&' expression to silence this warning
          : ~_GEN_42 & _GEN_44 & io_sbLaneIo_rx_valid_0 & (_GEN_45 | _GEN_46)
            ~~~~~~~~~~~~~~~~~~~~~~~~~~~~~~~~~~~~~~~~~~~~^~~~~~~~~~~~~~~~~~~~~
berkeley/generated/MBTrainResponder.sv:555:53: warning: '&' within '|' [-Wbitwise-op-parentheses]
         : _GEN_53 | ~(_GEN_52 | _GEN_55 | _GEN_56) & (_GEN_57 | _GEN_58));
                   ~ ~~~~~~~~~~~~~~~~~~~~~~~~~~~~~~~^~~~~~~~~~~~~~~~~~~~~
berkeley/generated/MBTrainResponder.sv:555:53: note: place parentheses around the '&' expression to silence this warning
         : _GEN_53 | ~(_GEN_52 | _GEN_55 | _GEN_56) & (_GEN_57 | _GEN_58));
                     ~~~~~~~~~~~~~~~~~~~~~~~~~~~~~~~^~~~~~~~~~~~~~~~~~~~~
berkeley/generated/MBTrainResponder.sv:615:53: warning: '&' within '|' [-Wbitwise-op-parentheses]
                      : _GEN_51 | _GEN_52 | _GEN_55 & io_localInitiatingDone_0))},
                                          ~ ~~~~~~~~^~~~~~~~~~~~~~~~~~~~~~~~~~
berkeley/generated/MBTrainResponder.sv:615:53: note: place parentheses around the '&' expression to silence this warning
                      : _GEN_51 | _GEN_52 | _GEN_55 & io_localInitiatingDone_0))},
                                            ~~~~~~~~^~~~~~~~~~~~~~~~~~~~~~~~~~
berkeley/generated/MBTrainResponder.sv:801:9: warning: '&' within '|' [-Wbitwise-op-parentheses]
        & responderRdyStatusReg;
        ^~~~~~~~~~~~~~~~~~~~~~~
berkeley/generated/MBTrainResponder.sv:801:9: note: place parentheses around the '&' expression to silence this warning
        & responderRdyStatusReg;
        ^~~~~~~~~~~~~~~~~~~~~~~
berkeley/generated/MBTrainResponder.sv:823:29: warning: '&' within '|' [-Wbitwise-op-parentheses]
          ~_GEN_0 & (_GEN_1 & io_txPtTestRespIntfIo_done_0 | ptTestDoneInLinkSpeed);
                     ~~~~~~~^~~~~~~~~~~~~~~~~~~~~~~~~~~~~~ ~
berkeley/generated/MBTrainResponder.sv:823:29: note: place parentheses around the '&' expression to silence this warning
          ~_GEN_0 & (_GEN_1 & io_txPtTestRespIntfIo_done_0 | ptTestDoneInLinkSpeed);
                     ~~~~~~~^~~~~~~~~~~~~~~~~~~~~~~~~~~~~~
berkeley/generated/MBTrainResponder.sv:825:30: warning: '&' within '|' [-Wbitwise-op-parentheses]
          ~_GEN_0 & (~_GEN_1 & _GEN_42 | remoteErrorInLinkspeedFlag);
                     ~~~~~~~~^~~~~~~~~ ~
berkeley/generated/MBTrainResponder.sv:825:30: note: place parentheses around the '&' expression to silence this warning
          ~_GEN_0 & (~_GEN_1 & _GEN_42 | remoteErrorInLinkspeedFlag);
                     ~~~~~~~~^~~~~~~~~
berkeley/generated/PatternReader.sv:1148:26: warning: '&' within '|' [-Wbitwise-op-parentheses]
    & (_GEN_7 | ~_GEN_11 & (_GEN_8 ? laneMap[1] : (&patternTypeReg) & laneMap[1]));
              ~ ~~~~~~~~~^~~~~~~~~~~~~~~~~~~~~~~~~~~~~~~~~~~~~~~~~~~~~~~~~~~~~~~~
berkeley/generated/PatternReader.sv:1148:26: note: place parentheses around the '&' expression to silence this warning
    & (_GEN_7 | ~_GEN_11 & (_GEN_8 ? laneMap[1] : (&patternTypeReg) & laneMap[1]));
                ~~~~~~~~~^~~~~~~~~~~~~~~~~~~~~~~~~~~~~~~~~~~~~~~~~~~~~~~~~~~~~~~~
berkeley/generated/PatternReader.sv:1151:26: warning: '&' within '|' [-Wbitwise-op-parentheses]
    & (_GEN_7 | ~_GEN_11 & (_GEN_8 ? laneMap[2] : (&patternTypeReg) & laneMap[2]));
              ~ ~~~~~~~~~^~~~~~~~~~~~~~~~~~~~~~~~~~~~~~~~~~~~~~~~~~~~~~~~~~~~~~~~
berkeley/generated/PatternReader.sv:1151:26: note: place parentheses around the '&' expression to silence this warning
    & (_GEN_7 | ~_GEN_11 & (_GEN_8 ? laneMap[2] : (&patternTypeReg) & laneMap[2]));
                ~~~~~~~~~^~~~~~~~~~~~~~~~~~~~~~~~~~~~~~~~~~~~~~~~~~~~~~~~~~~~~~~~
berkeley/generated/PatternWriter.sv:270:69: warning: '&' within '|' [-Wbitwise-op-parentheses]
      inProgress <= _io_txLfsrCtrl_resetLfsr_T | ~(_GEN_6 & _GEN_7) & inProgress;
                                               ~ ~~~~~~~~~~~~~~~~~~~^~~~~~~~~~~~
berkeley/generated/PatternWriter.sv:270:69: note: place parentheses around the '&' expression to silence this warning
      inProgress <= _io_txLfsrCtrl_resetLfsr_T | ~(_GEN_6 & _GEN_7) & inProgress;
                                                 ~~~~~~~~~~~~~~~~~~~^~~~~~~~~~~~
berkeley/generated/PhyRetrainRequester.sv:51:40: warning: '&' within '|' [-Wbitwise-op-parentheses]
    ~currentState & (io_requesterRdy_0 & io_responderRdy_0 | currentState);
                     ~~~~~~~~~~~~~~~~~~^~~~~~~~~~~~~~~~~~~ ~
berkeley/generated/PhyRetrainRequester.sv:51:40: note: place parentheses around the '&' expression to silence this warning
    ~currentState & (io_requesterRdy_0 & io_responderRdy_0 | currentState);
                     ~~~~~~~~~~~~~~~~~~^~~~~~~~~~~~~~~~~~~
berkeley/generated/PhyRetrainRequester.sv:62:50: warning: '&' within '|' [-Wbitwise-op-parentheses]
        requesterRdy | currentState == nextState & requesterRdyStatusReg;
                     ~ ~~~~~~~~~~~~~~~~~~~~~~~~~~^~~~~~~~~~~~~~~~~~~~~~~
berkeley/generated/PhyRetrainRequester.sv:62:50: note: place parentheses around the '&' expression to silence this warning
        requesterRdy | currentState == nextState & requesterRdyStatusReg;
                       ~~~~~~~~~~~~~~~~~~~~~~~~~~^~~~~~~~~~~~~~~~~~~~~~~
berkeley/generated/PhyRetrainRequester.sv:100:6: warning: output port 'io_msgReceived' is explicitly connected to nothing [-Wempty-output-connection]
    .io_msgReceived            (/* unused */),
     ^~~~~~~~~~~~~~
berkeley/generated/PhyRetrainResponder.sv:52:40: warning: '&' within '|' [-Wbitwise-op-parentheses]
    ~currentState & (io_requesterRdy_0 & io_responderRdy_0 | currentState);
                     ~~~~~~~~~~~~~~~~~~^~~~~~~~~~~~~~~~~~~ ~
berkeley/generated/PhyRetrainResponder.sv:52:40: note: place parentheses around the '&' expression to silence this warning
    ~currentState & (io_requesterRdy_0 & io_responderRdy_0 | currentState);
                     ~~~~~~~~~~~~~~~~~~^~~~~~~~~~~~~~~~~~~
berkeley/generated/PhyRetrainResponder.sv:63:50: warning: '&' within '|' [-Wbitwise-op-parentheses]
        responderRdy | currentState == nextState & responderRdyStatusReg;
                     ~ ~~~~~~~~~~~~~~~~~~~~~~~~~~^~~~~~~~~~~~~~~~~~~~~~~
berkeley/generated/PhyRetrainResponder.sv:63:50: note: place parentheses around the '&' expression to silence this warning
        responderRdy | currentState == nextState & responderRdyStatusReg;
                       ~~~~~~~~~~~~~~~~~~~~~~~~~~^~~~~~~~~~~~~~~~~~~~~~~
berkeley/generated/PhyRetrainResponder.sv:100:6: warning: output port 'io_msgSent' is explicitly connected to nothing [-Wempty-output-connection]
    .io_msgSent                (/* unused */),
     ^~~~~~~~~~
berkeley/generated/PhyRetrainResponder.sv:101:6: warning: output port 'io_msgReceived' is explicitly connected to nothing [-Wempty-output-connection]
    .io_msgReceived            (/* unused */),
     ^~~~~~~~~~~~~~
berkeley/generated/RDIController.sv:93:5: warning: '&' within '|' [-Wbitwise-op-parentheses]
    & (effectiveLpStateReq == 4'hB | effectiveLpStateReq == 4'h9
    ^~~~~~~~~~~~~~~~~~~~~~~~~~~~~~~~~~~~~~~~~~~~~~~~~~~~~~~~~~~~
berkeley/generated/RDIController.sv:93:5: note: place parentheses around the '&' expression to silence this warning
    & (effectiveLpStateReq == 4'hB | effectiveLpStateReq == 4'h9
    ^~~~~~~~~~~~~~~~~~~~~~~~~~~~~~~~~~~~~~~~~~~~~~~~~~~~~~~~~~~~
berkeley/generated/RDIController.sv:107:54: warning: '&' within '|' [-Wbitwise-op-parentheses]
    shouldForceBringupActive | _io_doingRdiBringup_T & effectiveLpStateReq == 4'h1;
                             ~ ~~~~~~~~~~~~~~~~~~~~~~^~~~~~~~~~~~~~~~~~~~~~~~~~~~~
berkeley/generated/RDIController.sv:107:54: note: place parentheses around the '&' expression to silence this warning
    shouldForceBringupActive | _io_doingRdiBringup_T & effectiveLpStateReq == 4'h1;
                               ~~~~~~~~~~~~~~~~~~~~~~^~~~~~~~~~~~~~~~~~~~~~~~~~~~~
berkeley/generated/RDIStateMachineRequester.sv:210:6: warning: output port 'io_resp_valid' is explicitly connected to nothing [-Wempty-output-connection]
    .io_resp_valid             (/* unused */),
     ^~~~~~~~~~~~~
berkeley/generated/RDIStateMachineRequester.sv:211:6: warning: output port 'io_resp_bits' is explicitly connected to nothing [-Wempty-output-connection]
    .io_resp_bits              (/* unused */),
     ^~~~~~~~~~~~
berkeley/generated/RDIStateMachineRequester.sv:213:6: warning: output port 'io_msgReceived' is explicitly connected to nothing [-Wempty-output-connection]
    .io_msgReceived            (/* unused */),
     ^~~~~~~~~~~~~~
berkeley/generated/RDIStateMachineResponder.sv:193:6: warning: output port 'io_resp_valid' is explicitly connected to nothing [-Wempty-output-connection]
    .io_resp_valid             (/* unused */),
     ^~~~~~~~~~~~~
berkeley/generated/RDIStateMachineResponder.sv:194:6: warning: output port 'io_resp_bits' is explicitly connected to nothing [-Wempty-output-connection]
    .io_resp_bits              (/* unused */),
     ^~~~~~~~~~~~
berkeley/generated/RDIStateMachineResponder.sv:196:6: warning: output port 'io_msgReceived' is explicitly connected to nothing [-Wempty-output-connection]
    .io_msgReceived            (/* unused */),
     ^~~~~~~~~~~~~~
berkeley/generated/RDIStateMachineResponder.sv:197:6: warning: output port 'io_exchDone' is explicitly connected to nothing [-Wempty-output-connection]
    .io_exchDone               (/* unused */),
     ^~~~~~~~~~~
berkeley/generated/RRArbiter12_SidebandLanes.sv:191:13: warning: '&' within '|' [-Wbitwise-op-parentheses]
    (ctrl_2 & ctrl_validMask_grantMask_2 | ctrl_14) & io_out_ready_0;
     ~~~~~~~^~~~~~~~~~~~~~~~~~~~~~~~~~~~ ~
berkeley/generated/RRArbiter12_SidebandLanes.sv:191:13: note: place parentheses around the '&' expression to silence this warning
    (ctrl_2 & ctrl_validMask_grantMask_2 | ctrl_14) & io_out_ready_0;
     ~~~~~~~^~~~~~~~~~~~~~~~~~~~~~~~~~~~
berkeley/generated/RRArbiter12_SidebandLanes.sv:193:13: warning: '&' within '|' [-Wbitwise-op-parentheses]
    (ctrl_3 & ctrl_validMask_grantMask_3 | ctrl_15) & io_out_ready_0;
     ~~~~~~~^~~~~~~~~~~~~~~~~~~~~~~~~~~~ ~
berkeley/generated/RRArbiter12_SidebandLanes.sv:193:13: note: place parentheses around the '&' expression to silence this warning
    (ctrl_3 & ctrl_validMask_grantMask_3 | ctrl_15) & io_out_ready_0;
     ~~~~~~~^~~~~~~~~~~~~~~~~~~~~~~~~~~~
berkeley/generated/RRArbiter12_SidebandLanes.sv:195:13: warning: '&' within '|' [-Wbitwise-op-parentheses]
    (ctrl_4 & ctrl_validMask_grantMask_4 | ctrl_16) & io_out_ready_0;
     ~~~~~~~^~~~~~~~~~~~~~~~~~~~~~~~~~~~ ~
berkeley/generated/RRArbiter12_SidebandLanes.sv:195:13: note: place parentheses around the '&' expression to silence this warning
    (ctrl_4 & ctrl_validMask_grantMask_4 | ctrl_16) & io_out_ready_0;
     ~~~~~~~^~~~~~~~~~~~~~~~~~~~~~~~~~~~
berkeley/generated/RRArbiter12_SidebandLanes.sv:197:13: warning: '&' within '|' [-Wbitwise-op-parentheses]
    (ctrl_5 & ctrl_validMask_grantMask_5 | ctrl_17) & io_out_ready_0;
     ~~~~~~~^~~~~~~~~~~~~~~~~~~~~~~~~~~~ ~
berkeley/generated/RRArbiter12_SidebandLanes.sv:197:13: note: place parentheses around the '&' expression to silence this warning
    (ctrl_5 & ctrl_validMask_grantMask_5 | ctrl_17) & io_out_ready_0;
     ~~~~~~~^~~~~~~~~~~~~~~~~~~~~~~~~~~~
berkeley/generated/RRArbiter12_SidebandLanes.sv:199:13: warning: '&' within '|' [-Wbitwise-op-parentheses]
    (ctrl_6 & ctrl_validMask_grantMask_6 | ctrl_18) & io_out_ready_0;
     ~~~~~~~^~~~~~~~~~~~~~~~~~~~~~~~~~~~ ~
berkeley/generated/RRArbiter12_SidebandLanes.sv:199:13: note: place parentheses around the '&' expression to silence this warning
    (ctrl_6 & ctrl_validMask_grantMask_6 | ctrl_18) & io_out_ready_0;
     ~~~~~~~^~~~~~~~~~~~~~~~~~~~~~~~~~~~
berkeley/generated/RRArbiter12_SidebandLanes.sv:201:13: warning: '&' within '|' [-Wbitwise-op-parentheses]
    (ctrl_7 & ctrl_validMask_grantMask_7 | ctrl_19) & io_out_ready_0;
     ~~~~~~~^~~~~~~~~~~~~~~~~~~~~~~~~~~~ ~
berkeley/generated/RRArbiter12_SidebandLanes.sv:201:13: note: place parentheses around the '&' expression to silence this warning
    (ctrl_7 & ctrl_validMask_grantMask_7 | ctrl_19) & io_out_ready_0;
     ~~~~~~~^~~~~~~~~~~~~~~~~~~~~~~~~~~~
berkeley/generated/RRArbiter12_SidebandLanes.sv:203:13: warning: '&' within '|' [-Wbitwise-op-parentheses]
    (ctrl_8 & ctrl_validMask_grantMask_8 | ctrl_20) & io_out_ready_0;
     ~~~~~~~^~~~~~~~~~~~~~~~~~~~~~~~~~~~ ~
berkeley/generated/RRArbiter12_SidebandLanes.sv:203:13: note: place parentheses around the '&' expression to silence this warning
    (ctrl_8 & ctrl_validMask_grantMask_8 | ctrl_20) & io_out_ready_0;
     ~~~~~~~^~~~~~~~~~~~~~~~~~~~~~~~~~~~
berkeley/generated/RRArbiter12_SidebandLanes.sv:205:13: warning: '&' within '|' [-Wbitwise-op-parentheses]
    (ctrl_9 & ctrl_validMask_grantMask_9 | ctrl_21) & io_out_ready_0;
     ~~~~~~~^~~~~~~~~~~~~~~~~~~~~~~~~~~~ ~
berkeley/generated/RRArbiter12_SidebandLanes.sv:205:13: note: place parentheses around the '&' expression to silence this warning
    (ctrl_9 & ctrl_validMask_grantMask_9 | ctrl_21) & io_out_ready_0;
     ~~~~~~~^~~~~~~~~~~~~~~~~~~~~~~~~~~~
berkeley/generated/RRArbiter12_SidebandLanes.sv:207:14: warning: '&' within '|' [-Wbitwise-op-parentheses]
    (ctrl_10 & ctrl_validMask_grantMask_10 | ctrl_22) & io_out_ready_0;
     ~~~~~~~~^~~~~~~~~~~~~~~~~~~~~~~~~~~~~ ~
berkeley/generated/RRArbiter12_SidebandLanes.sv:207:14: note: place parentheses around the '&' expression to silence this warning
    (ctrl_10 & ctrl_validMask_grantMask_10 | ctrl_22) & io_out_ready_0;
     ~~~~~~~~^~~~~~~~~~~~~~~~~~~~~~~~~~~~~
berkeley/generated/RRArbiter12_SidebandLanes.sv:209:14: warning: '&' within '|' [-Wbitwise-op-parentheses]
    (ctrl_11 & ctrl_validMask_grantMask_11 | ctrl_23) & io_out_ready_0;
     ~~~~~~~~^~~~~~~~~~~~~~~~~~~~~~~~~~~~~ ~
berkeley/generated/RRArbiter12_SidebandLanes.sv:209:14: note: place parentheses around the '&' expression to silence this warning
    (ctrl_11 & ctrl_validMask_grantMask_11 | ctrl_23) & io_out_ready_0;
     ~~~~~~~~^~~~~~~~~~~~~~~~~~~~~~~~~~~~~
berkeley/generated/RxD2CEyeWidthSweepRequester.sv:270:66: warning: '&' within '|' [-Wbitwise-op-parentheses]
    ~(~(|currentState) | _layer_probe_0 | _layer_probe_1) & _GEN & _GEN_3 | ~_GEN
    ~~~~~~~~~~~~~~~~~~~~~~~~~~~~~~~~~~~~~~~~~~~~~~~~~~~~~~~~~~~~~^~~~~~~~ ~
berkeley/generated/RxD2CEyeWidthSweepRequester.sv:270:66: note: place parentheses around the '&' expression to silence this warning
    ~(~(|currentState) | _layer_probe_0 | _layer_probe_1) & _GEN & _GEN_3 | ~_GEN
    ~~~~~~~~~~~~~~~~~~~~~~~~~~~~~~~~~~~~~~~~~~~~~~~~~~~~~~~~~~~~~^~~~~~~~
berkeley/generated/RxD2CEyeWidthSweepRequester.sv:271:5: warning: '&' within '|' [-Wbitwise-op-parentheses]
    & _sbMsgExchanger_io_sbLaneIo_rx_ready;
    ^~~~~~~~~~~~~~~~~~~~~~~~~~~~~~~~~~~~~~
berkeley/generated/RxD2CEyeWidthSweepRequester.sv:271:5: note: place parentheses around the '&' expression to silence this warning
    & _sbMsgExchanger_io_sbLaneIo_rx_ready;
    ^~~~~~~~~~~~~~~~~~~~~~~~~~~~~~~~~~~~~~
berkeley/generated/RxD2CEyeWidthSweepRequester.sv:320:63: warning: '&' within '|' [-Wbitwise-op-parentheses]
            : ~_layer_probe_1 & _GEN & io_sbLaneIo_rx_valid_0 & _GEN_1 | gotLFSRClearReq;
              ~~~~~~~~~~~~~~~~~~~~~~~~~~~~~~~~~~~~~~~~~~~~~~~~^~~~~~~~ ~
berkeley/generated/RxD2CEyeWidthSweepRequester.sv:320:63: note: place parentheses around the '&' expression to silence this warning
            : ~_layer_probe_1 & _GEN & io_sbLaneIo_rx_valid_0 & _GEN_1 | gotLFSRClearReq;
              ~~~~~~~~~~~~~~~~~~~~~~~~~~~~~~~~~~~~~~~~~~~~~~~~^~~~~~~~
berkeley/generated/RxD2CEyeWidthSweepRequester.sv:388:6: warning: output port 'io_resp_bits' is explicitly connected to nothing [-Wempty-output-connection]
    .io_resp_bits              (/* unused */),
     ^~~~~~~~~~~~
berkeley/generated/RxD2CEyeWidthSweepRequester.sv:389:6: warning: output port 'io_msgSent' is explicitly connected to nothing [-Wempty-output-connection]
    .io_msgSent                (/* unused */),
     ^~~~~~~~~~
berkeley/generated/RxD2CEyeWidthSweepResponder.sv:284:73: warning: '&' within '|' [-Wbitwise-op-parentheses]
    .io_rxRefBitPattern_valid  (_GEN_0 ? io_start_0 : _GEN_10 | ~_GEN_6 & _GEN_7),
                                                              ~ ~~~~~~~~^~~~~~~~
berkeley/generated/RxD2CEyeWidthSweepResponder.sv:284:73: note: place parentheses around the '&' expression to silence this warning
    .io_rxRefBitPattern_valid  (_GEN_0 ? io_start_0 : _GEN_10 | ~_GEN_6 & _GEN_7),
                                                                ~~~~~~~~^~~~~~~~
berkeley/generated/RxD2CEyeWidthSweepResponder.sv:298:6: warning: output port 'io_msgReceived' is explicitly connected to nothing [-Wempty-output-connection]
    .io_msgReceived            (/* unused */),
     ^~~~~~~~~~~~~~
berkeley/generated/RxD2CPointTestRequester.sv:315:6: warning: output port 'io_resp_bits' is explicitly connected to nothing [-Wempty-output-connection]
    .io_resp_bits              (/* unused */),
     ^~~~~~~~~~~~
berkeley/generated/RxD2CPointTestRequester.sv:316:6: warning: output port 'io_msgSent' is explicitly connected to nothing [-Wempty-output-connection]
    .io_msgSent                (/* unused */),
     ^~~~~~~~~~
berkeley/generated/RxD2CPointTestResponder.sv:126:37: warning: '&' within '|' [-Wbitwise-op-parentheses]
         : _GEN_3 | (&currentState) & _sbMsgExchanger_io_msgReceived),
                  ~ ~~~~~~~~~~~~~~~~^~~~~~~~~~~~~~~~~~~~~~~~~~~~~~~~
berkeley/generated/RxD2CPointTestResponder.sv:126:37: note: place parentheses around the '&' expression to silence this warning
         : _GEN_3 | (&currentState) & _sbMsgExchanger_io_msgReceived),
                    ~~~~~~~~~~~~~~~~^~~~~~~~~~~~~~~~~~~~~~~~~~~~~~~~
berkeley/generated/RxD2CPointTestResponder.sv:134:6: warning: output port 'io_msgSent' is explicitly connected to nothing [-Wempty-output-connection]
    .io_msgSent                (/* unused */),
     ^~~~~~~~~~
berkeley/generated/SBInitRequester.sv:73:77: warning: '&' within '|' [-Wbitwise-op-parentheses]
  wire         io_sbLaneIo_rx_ready_0 = _GEN ? io_start_0 : _GEN_0 | _GEN_2 & _GEN_4;
                                                                   ~ ~~~~~~~^~~~~~~~
berkeley/generated/SBInitRequester.sv:73:77: note: place parentheses around the '&' expression to silence this warning
  wire         io_sbLaneIo_rx_ready_0 = _GEN ? io_start_0 : _GEN_0 | _GEN_2 & _GEN_4;
                                                                     ~~~~~~~^~~~~~~~
berkeley/generated/SBInitRequester.sv:95:47: warning: '^' within '|' [-Wbitwise-op-parentheses]
      isSendingPattern <= _isSendingPattern_T ^ isSendingPattern | patternDetected;
                          ~~~~~~~~~~~~~~~~~~~~^~~~~~~~~~~~~~~~~~ ~
berkeley/generated/SBInitRequester.sv:95:47: note: place parentheses around the '^' expression to silence this warning
      isSendingPattern <= _isSendingPattern_T ^ isSendingPattern | patternDetected;
                          ~~~~~~~~~~~~~~~~~~~~^~~~~~~~~~~~~~~~~~
berkeley/generated/SBInitRequester.sv:102:26: warning: '&' within '|' [-Wbitwise-op-parentheses]
      msgSent <= ~_GEN_5 & _GEN_3 | msgSent;
                 ~~~~~~~~^~~~~~~~ ~
berkeley/generated/SBInitRequester.sv:102:26: note: place parentheses around the '&' expression to silence this warning
      msgSent <= ~_GEN_5 & _GEN_3 | msgSent;
                 ~~~~~~~~^~~~~~~~
berkeley/generated/SBInitRequester.sv:103:39: warning: '&' within '|' [-Wbitwise-op-parentheses]
      msgReceived <= ~_GEN_5 & _GEN_2 & _GEN_4 | msgReceived;
                     ~~~~~~~~~~~~~~~~~^~~~~~~~ ~
berkeley/generated/SBInitRequester.sv:103:39: note: place parentheses around the '&' expression to silence this warning
      msgReceived <= ~_GEN_5 & _GEN_2 & _GEN_4 | msgReceived;
                     ~~~~~~~~~~~~~~~~~^~~~~~~~
berkeley/generated/SBInitResponder.sv:40:8: warning: '&' within '|' [-Wbitwise-op-parentheses]
       & io_sbLaneIo_rx_bits_data_0[39:32] == 8'h1
       ^~~~~~~~~~~~~~~~~~~~~~~~~~~~~~~~~~~~~~~~~~~
berkeley/generated/SBInitResponder.sv:40:8: note: place parentheses around the '&' expression to silence this warning
       & io_sbLaneIo_rx_bits_data_0[39:32] == 8'h1
       ^~~~~~~~~~~~~~~~~~~~~~~~~~~~~~~~~~~~~~~~~~~
berkeley/generated/SBInitResponder.sv:43:8: warning: '&' within '|' [-Wbitwise-op-parentheses]
       & io_sbLaneIo_rx_bits_data_0[39:32] == 8'h0);
       ^~~~~~~~~~~~~~~~~~~~~~~~~~~~~~~~~~~~~~~~~~~
berkeley/generated/SBInitResponder.sv:43:8: note: place parentheses around the '&' expression to silence this warning
       & io_sbLaneIo_rx_bits_data_0[39:32] == 8'h0);
       ^~~~~~~~~~~~~~~~~~~~~~~~~~~~~~~~~~~~~~~~~~~
  in instance: UcieSerialBringUp_tb.berkeley_die.phy.logPhySidebandChannel.rdiIntfNode
berkeley/generated/SidebandInterfaceNode.sv:109:50: warning: '&' within '|' [-Wbitwise-op-parentheses]
      parityErrReg <= _deserializer_io_out_valid & parityError | parityErrReg;
                      ~~~~~~~~~~~~~~~~~~~~~~~~~~~^~~~~~~~~~~~~ ~
berkeley/generated/SidebandInterfaceNode.sv:109:50: note: place parentheses around the '&' expression to silence this warning
      parityErrReg <= _deserializer_io_out_valid & parityError | parityErrReg;
                      ~~~~~~~~~~~~~~~~~~~~~~~~~~~^~~~~~~~~~~~~
  in instance: UcieSerialBringUp_tb.berkeley_die.phy.logPhySidebandChannel.rdiIntfNode.serializer
berkeley/generated/SidebandInterfaceSerializer.sv:52:72: warning: '&' within '|' [-Wbitwise-op-parentheses]
      inProgress <= _GEN | (~inProgress | ~isLastBeat | io_in_valid_0) & inProgress;
                         ~ ~~~~~~~~~~~~~~~~~~~~~~~~~~~~~~~~~~~~~~~~~~~~^~~~~~~~~~~~
berkeley/generated/SidebandInterfaceSerializer.sv:52:72: note: place parentheses around the '&' expression to silence this warning
      inProgress <= _GEN | (~inProgress | ~isLastBeat | io_in_valid_0) & inProgress;
                           ~~~~~~~~~~~~~~~~~~~~~~~~~~~~~~~~~~~~~~~~~~~~^~~~~~~~~~~~
berkeley/generated/SidebandLinkNode.sv:113:50: warning: '&' within '|' [-Wbitwise-op-parentheses]
      parityErrReg <= _deserializer_io_out_valid & parityError | parityErrReg;
                      ~~~~~~~~~~~~~~~~~~~~~~~~~~~^~~~~~~~~~~~~ ~
berkeley/generated/SidebandLinkNode.sv:113:50: note: place parentheses around the '&' expression to silence this warning
      parityErrReg <= _deserializer_io_out_valid & parityError | parityErrReg;
                      ~~~~~~~~~~~~~~~~~~~~~~~~~~~^~~~~~~~~~~~~
berkeley/generated/SidebandLinkSerializer.sv:78:56: warning: '&' within '|' [-Wbitwise-op-parentheses]
  assign io_in_ready_0 = _layer_probe | ~_GEN & _GEN_0 & _GEN_2;
                                      ~ ~~~~~~~~~~~~~~~^~~~~~~~
berkeley/generated/SidebandLinkSerializer.sv:78:56: note: place parentheses around the '&' expression to silence this warning
  assign io_in_ready_0 = _layer_probe | ~_GEN & _GEN_0 & _GEN_2;
                                        ~~~~~~~~~~~~~~~^~~~~~~~
  in instance: UcieSerialBringUp_tb.berkeley_die.phy.ltsm.mbInitSM.requester.sbMsgExchanger
berkeley/generated/SidebandMessageExchanger.sv:59:50: warning: '&' within '|' [-Wbitwise-op-parentheses]
        ~io_clear_0 & (~msgSent & io_req_valid_0 & io_sbLaneIo_tx_ready_0 | msgSent);
                       ~~~~~~~~~~~~~~~~~~~~~~~~~~^~~~~~~~~~~~~~~~~~~~~~~~ ~
berkeley/generated/SidebandMessageExchanger.sv:59:50: note: place parentheses around the '&' expression to silence this warning
        ~io_clear_0 & (~msgSent & io_req_valid_0 & io_sbLaneIo_tx_ready_0 | msgSent);
                       ~~~~~~~~~~~~~~~~~~~~~~~~~~^~~~~~~~~~~~~~~~~~~~~~~~
  in instance: UcieSerialBringUp_tb.berkeley_die.phy.ltsm.txPtTestRequester.sbMsgExchanger
berkeley/generated/SidebandMessageExchanger_4.sv:59:50: warning: '&' within '|' [-Wbitwise-op-parentheses]
        ~io_clear_0 & (~msgSent & io_req_valid_0 & io_sbLaneIo_tx_ready_0 | msgSent);
                       ~~~~~~~~~~~~~~~~~~~~~~~~~~^~~~~~~~~~~~~~~~~~~~~~~~ ~
berkeley/generated/SidebandMessageExchanger_4.sv:59:50: note: place parentheses around the '&' expression to silence this warning
        ~io_clear_0 & (~msgSent & io_req_valid_0 & io_sbLaneIo_tx_ready_0 | msgSent);
                       ~~~~~~~~~~~~~~~~~~~~~~~~~~^~~~~~~~~~~~~~~~~~~~~~~~
berkeley/generated/TrainErrorRequester.sv:40:6: warning: output port 'io_resp_valid' is explicitly connected to nothing [-Wempty-output-connection]
    .io_resp_valid             (/* unused */),
     ^~~~~~~~~~~~~
berkeley/generated/TrainErrorRequester.sv:41:6: warning: output port 'io_resp_bits' is explicitly connected to nothing [-Wempty-output-connection]
    .io_resp_bits              (/* unused */),
     ^~~~~~~~~~~~
berkeley/generated/TrainErrorRequester.sv:43:6: warning: output port 'io_msgReceived' is explicitly connected to nothing [-Wempty-output-connection]
    .io_msgReceived            (/* unused */),
     ^~~~~~~~~~~~~~
berkeley/generated/TrainErrorResponder.sv:63:6: warning: output port 'io_resp_valid' is explicitly connected to nothing [-Wempty-output-connection]
    .io_resp_valid             (/* unused */),
     ^~~~~~~~~~~~~
berkeley/generated/TrainErrorResponder.sv:64:6: warning: output port 'io_resp_bits' is explicitly connected to nothing [-Wempty-output-connection]
    .io_resp_bits              (/* unused */),
     ^~~~~~~~~~~~
berkeley/generated/TrainErrorResponder.sv:65:6: warning: output port 'io_msgSent' is explicitly connected to nothing [-Wempty-output-connection]
    .io_msgSent                (/* unused */),
     ^~~~~~~~~~
berkeley/generated/TxD2CEyeWidthSweepRequester.sv:217:41: warning: '&' within '|' [-Wbitwise-op-parentheses]
      resultValid <= ~_GEN_4 & (~_GEN_5 & _GEN_12 | resultValid);
                                ~~~~~~~~^~~~~~~~~ ~
berkeley/generated/TxD2CEyeWidthSweepRequester.sv:217:41: note: place parentheses around the '&' expression to silence this warning
      resultValid <= ~_GEN_4 & (~_GEN_5 & _GEN_12 | resultValid);
                                ~~~~~~~~^~~~~~~~~
berkeley/generated/TxD2CEyeWidthSweepRequester.sv:252:6: warning: output port 'io_msgSent' is explicitly connected to nothing [-Wempty-output-connection]
    .io_msgSent                (/* unused */),
     ^~~~~~~~~~
berkeley/generated/TxD2CEyeWidthSweepRequester.sv:253:6: warning: output port 'io_msgReceived' is explicitly connected to nothing [-Wempty-output-connection]
    .io_msgReceived            (/* unused */),
     ^~~~~~~~~~~~~~
berkeley/generated/TxD2CEyeWidthSweepResponder.sv:181:5: warning: '&' within '|' [-Wbitwise-op-parentheses]
    & (_GEN_4 | _GEN_5) | ~_GEN & _sbMsgExchanger_io_sbLaneIo_rx_ready;
    ^~~~~~~~~~~~~~~~~~~ ~
berkeley/generated/TxD2CEyeWidthSweepResponder.sv:181:5: note: place parentheses around the '&' expression to silence this warning
    & (_GEN_4 | _GEN_5) | ~_GEN & _sbMsgExchanger_io_sbLaneIo_rx_ready;
    ^~~~~~~~~~~~~~~~~~~
berkeley/generated/TxD2CEyeWidthSweepResponder.sv:181:33: warning: '&' within '|' [-Wbitwise-op-parentheses]
    & (_GEN_4 | _GEN_5) | ~_GEN & _sbMsgExchanger_io_sbLaneIo_rx_ready;
                        ~ ~~~~~~^~~~~~~~~~~~~~~~~~~~~~~~~~~~~~~~~~~~~~
berkeley/generated/TxD2CEyeWidthSweepResponder.sv:181:33: note: place parentheses around the '&' expression to silence this warning
    & (_GEN_4 | _GEN_5) | ~_GEN & _sbMsgExchanger_io_sbLaneIo_rx_ready;
                          ~~~~~~^~~~~~~~~~~~~~~~~~~~~~~~~~~~~~~~~~~~~~
berkeley/generated/TxD2CEyeWidthSweepResponder.sv:214:66: warning: '&' within '|' [-Wbitwise-op-parentheses]
               : ~_layer_probe_1 & _GEN & io_sbLaneIo_rx_valid_0 & _GEN_4
                 ~~~~~~~~~~~~~~~~~~~~~~~~~~~~~~~~~~~~~~~~~~~~~~~~^~~~~~~~
berkeley/generated/TxD2CEyeWidthSweepResponder.sv:214:66: note: place parentheses around the '&' expression to silence this warning
               : ~_layer_probe_1 & _GEN & io_sbLaneIo_rx_valid_0 & _GEN_4
                 ~~~~~~~~~~~~~~~~~~~~~~~~~~~~~~~~~~~~~~~~~~~~~~~~^~~~~~~~
berkeley/generated/TxD2CPointTestRequester.sv:264:6: warning: output port 'io_msgSent' is explicitly connected to nothing [-Wempty-output-connection]
    .io_msgSent                (/* unused */),
     ^~~~~~~~~~
berkeley/generated/TxD2CPointTestRequester.sv:265:6: warning: output port 'io_msgReceived' is explicitly connected to nothing [-Wempty-output-connection]
    .io_msgReceived            (/* unused */),
     ^~~~~~~~~~~~~~
berkeley/generated/TxD2CPointTestResponder.sv:232:6: warning: output port 'io_msgSent' is explicitly connected to nothing [-Wempty-output-connection]
    .io_msgSent                (/* unused */),
     ^~~~~~~~~~
  in instance: UcieSerialBringUp_tb.berkeley_die.phy.logPhySidebandChannel.rdiIntfNode.priorityQueue.enqArbiter.verification_assert
berkeley/generated/verification/assert/EnqueueArbiter_Verification_Assert.sv:6:20: warning: 'EnqueueArbiter' is an upward hierarchical name reference [-Wupward-name]
  always @(posedge EnqueueArbiter.clock) begin
                   ^~~~~~~~~~~~~~
  in instance: UcieSerialBringUp_tb.berkeley_die.phy.logPhySidebandChannel.rdiIntfNode.priorityQueue.enqArbiter.verification_assert
berkeley/generated/verification/assert/EnqueueArbiter_Verification_Assert.sv:7:9: warning: 'EnqueueArbiter' is an upward hierarchical name reference [-Wupward-name]
    if (EnqueueArbiter.reset)
        ^~~~~~~~~~~~~~
  in instance: UcieSerialBringUp_tb.berkeley_die.phy.logPhySidebandChannel.rdiIntfNode.priorityQueue.enqArbiter.verification_assert
berkeley/generated/verification/assert/EnqueueArbiter_Verification_Assert.sv:10:55: warning: 'EnqueueArbiter' is an upward hierarchical name reference [-Wupward-name]
  wire x4_has_been_reset = hasBeenResetReg === 1'h1 & EnqueueArbiter.reset === 1'h0;
                                                      ^~~~~~~~~~~~~~
  in instance: UcieSerialBringUp_tb.berkeley_die.phy.logPhySidebandChannel.rdiIntfNode.priorityQueue.enqArbiter.verification_assert
berkeley/generated/verification/assert/EnqueueArbiter_Verification_Assert.sv:13:32: warning: 'EnqueueArbiter' is an upward hierarchical name reference [-Wupward-name]
    assert property (@(posedge EnqueueArbiter.clock) disable iff (x4)
                               ^~~~~~~~~~~~~~
  in instance: UcieSerialBringUp_tb.berkeley_die.phy.logPhySidebandChannel.rdiIntfNode.priorityQueue.enqArbiter.verification_assert
berkeley/generated/verification/assert/EnqueueArbiter_Verification_Assert.sv:14:24: warning: 'EnqueueArbiter' is an upward hierarchical name reference [-Wupward-name]
                       EnqueueArbiter.io_in_valid_2
                       ^~~~~~~~~~~~~~
  in instance: UcieSerialBringUp_tb.berkeley_die.phy.logPhySidebandChannel.rdiIntfNode.priorityQueue.enqArbiter.verification_assert
berkeley/generated/verification/assert/EnqueueArbiter_Verification_Assert.sv:16:36: warning: 'EnqueueArbiter' is an upward hierarchical name reference [-Wupward-name]
                            {1'h0, EnqueueArbiter.io_out_0_valid_1}
                                   ^~~~~~~~~~~~~~
  in instance: UcieSerialBringUp_tb.berkeley_die.phy.logPhySidebandChannel.rdiIntfNode.priorityQueue.enqArbiter.verification_assert
berkeley/generated/verification/assert/EnqueueArbiter_Verification_Assert.sv:17:40: warning: 'EnqueueArbiter' is an upward hierarchical name reference [-Wupward-name]
                              + {1'h0, EnqueueArbiter.io_out_1_valid_1}}
                                       ^~~~~~~~~~~~~~
  in instance: UcieSerialBringUp_tb.berkeley_die.phy.logPhySidebandChannel.rdiIntfNode.priorityQueue.enqArbiter.verification_assert
berkeley/generated/verification/assert/EnqueueArbiter_Verification_Assert.sv:19:38: warning: 'EnqueueArbiter' is an upward hierarchical name reference [-Wupward-name]
                              {1'h0, EnqueueArbiter.io_out_2_valid_1}
                                     ^~~~~~~~~~~~~~
  in instance: UcieSerialBringUp_tb.berkeley_die.phy.logPhySidebandChannel.rdiIntfNode.priorityQueue.enqArbiter.verification_assert
berkeley/generated/verification/assert/EnqueueArbiter_Verification_Assert.sv:20:42: warning: 'EnqueueArbiter' is an upward hierarchical name reference [-Wupward-name]
                                + {1'h0, EnqueueArbiter.io_out_3_valid_1}} == 3'h1);
                                         ^~~~~~~~~~~~~~
berkeley/generated/verification/assert/LinkTrainingSM_Verification_Assert.sv:23:13: warning: 'LinkTrainingSM' is an upward hierarchical name reference [-Wupward-name]
     {1'h0, LinkTrainingSM.mbInitSM_io_usingPatternWriter}
            ^~~~~~~~~~~~~~
berkeley/generated/verification/assert/LinkTrainingSM_Verification_Assert.sv:24:17: warning: 'LinkTrainingSM' is an upward hierarchical name reference [-Wupward-name]
       + {1'h0, LinkTrainingSM.txPtTestRequester_io_usingPatternWriter}}
                ^~~~~~~~~~~~~~
berkeley/generated/verification/assert/LinkTrainingSM_Verification_Assert.sv:26:15: warning: 'LinkTrainingSM' is an upward hierarchical name reference [-Wupward-name]
       {1'h0, LinkTrainingSM.txEwSweepRequester_io_usingPatternWriter}
              ^~~~~~~~~~~~~~
berkeley/generated/verification/assert/LinkTrainingSM_Verification_Assert.sv:27:19: warning: 'LinkTrainingSM' is an upward hierarchical name reference [-Wupward-name]
         + {1'h0, LinkTrainingSM.rxPtTestResponder_io_usingPatternWriter}
                  ^~~~~~~~~~~~~~
berkeley/generated/verification/assert/LinkTrainingSM_Verification_Assert.sv:28:19: warning: 'LinkTrainingSM' is an upward hierarchical name reference [-Wupward-name]
         + {1'h0, LinkTrainingSM.rxEwSweepResponder_io_usingPatternWriter}};
                  ^~~~~~~~~~~~~~
berkeley/generated/verification/assert/LinkTrainingSM_Verification_Assert.sv:31:13: warning: 'LinkTrainingSM' is an upward hierarchical name reference [-Wupward-name]
     {1'h0, LinkTrainingSM.mbInitSM_io_usingPatternReader}
            ^~~~~~~~~~~~~~
berkeley/generated/verification/assert/LinkTrainingSM_Verification_Assert.sv:32:17: warning: 'LinkTrainingSM' is an upward hierarchical name reference [-Wupward-name]
       + {1'h0, LinkTrainingSM.txPtTestResponder_io_usingPatternReader}}
                ^~~~~~~~~~~~~~
berkeley/generated/verification/assert/LinkTrainingSM_Verification_Assert.sv:34:15: warning: 'LinkTrainingSM' is an upward hierarchical name reference [-Wupward-name]
       {1'h0, LinkTrainingSM.txEwSweepResponder_io_usingPatternReader}
              ^~~~~~~~~~~~~~
berkeley/generated/verification/assert/LinkTrainingSM_Verification_Assert.sv:35:19: warning: 'LinkTrainingSM' is an upward hierarchical name reference [-Wupward-name]
         + {1'h0, LinkTrainingSM.rxPtTestRequester_io_usingPatternReader}
                  ^~~~~~~~~~~~~~
berkeley/generated/verification/assert/LinkTrainingSM_Verification_Assert.sv:36:19: warning: 'LinkTrainingSM' is an upward hierarchical name reference [-Wupward-name]
         + {1'h0, LinkTrainingSM.rxEwSweepRequester_io_usingPatternReader}};
                  ^~~~~~~~~~~~~~
berkeley/generated/verification/assert/LinkTrainingSM_Verification_Assert.sv:40:14: warning: 'LinkTrainingSM' is an upward hierarchical name reference [-Wupward-name]
      {1'h0, LinkTrainingSM.activeReqSbLane_rx_ready_0}
             ^~~~~~~~~~~~~~
berkeley/generated/verification/assert/LinkTrainingSM_Verification_Assert.sv:41:18: warning: 'LinkTrainingSM' is an upward hierarchical name reference [-Wupward-name]
        + {1'h0, LinkTrainingSM.activeRespSbLane_rx_ready_0}
                 ^~~~~~~~~~~~~~
berkeley/generated/verification/assert/LinkTrainingSM_Verification_Assert.sv:42:18: warning: 'LinkTrainingSM' is an upward hierarchical name reference [-Wupward-name]
        + {1'h0, LinkTrainingSM.trainErrorRequester_io_sbLaneIo_rx_ready}}
                 ^~~~~~~~~~~~~~
berkeley/generated/verification/assert/LinkTrainingSM_Verification_Assert.sv:44:18: warning: 'LinkTrainingSM' is an upward hierarchical name reference [-Wupward-name]
          {1'h0, LinkTrainingSM.trainErrorResponder_io_sbLaneIo_rx_ready}
                 ^~~~~~~~~~~~~~
berkeley/generated/verification/assert/LinkTrainingSM_Verification_Assert.sv:45:22: warning: 'LinkTrainingSM' is an upward hierarchical name reference [-Wupward-name]
            + {1'h0, LinkTrainingSM.txPtTestResponder_io_sbLaneIo_rx_ready}
                     ^~~~~~~~~~~~~~
berkeley/generated/verification/assert/LinkTrainingSM_Verification_Assert.sv:46:22: warning: 'LinkTrainingSM' is an upward hierarchical name reference [-Wupward-name]
            + {1'h0, LinkTrainingSM.txPtTestRequester_io_sbLaneIo_rx_ready}}}
                     ^~~~~~~~~~~~~~
berkeley/generated/verification/assert/LinkTrainingSM_Verification_Assert.sv:49:16: warning: 'LinkTrainingSM' is an upward hierarchical name reference [-Wupward-name]
        {1'h0, LinkTrainingSM.txEwSweepResponder_io_sbLaneIo_rx_ready}
               ^~~~~~~~~~~~~~
berkeley/generated/verification/assert/LinkTrainingSM_Verification_Assert.sv:50:20: warning: 'LinkTrainingSM' is an upward hierarchical name reference [-Wupward-name]
          + {1'h0, LinkTrainingSM.rxPtTestRequester_io_sbLaneIo_rx_ready}
                   ^~~~~~~~~~~~~~
berkeley/generated/verification/assert/LinkTrainingSM_Verification_Assert.sv:51:20: warning: 'LinkTrainingSM' is an upward hierarchical name reference [-Wupward-name]
          + {1'h0, LinkTrainingSM.txEwSweepRequester_io_sbLaneIo_rx_ready}}
                   ^~~~~~~~~~~~~~
berkeley/generated/verification/assert/LinkTrainingSM_Verification_Assert.sv:53:20: warning: 'LinkTrainingSM' is an upward hierarchical name reference [-Wupward-name]
            {1'h0, LinkTrainingSM.rxEwSweepRequester_io_sbLaneIo_rx_ready}
                   ^~~~~~~~~~~~~~
berkeley/generated/verification/assert/LinkTrainingSM_Verification_Assert.sv:54:24: warning: 'LinkTrainingSM' is an upward hierarchical name reference [-Wupward-name]
              + {1'h0, LinkTrainingSM.rxEwSweepResponder_io_sbLaneIo_rx_ready}
                       ^~~~~~~~~~~~~~
berkeley/generated/verification/assert/LinkTrainingSM_Verification_Assert.sv:55:24: warning: 'LinkTrainingSM' is an upward hierarchical name reference [-Wupward-name]
              + {1'h0, LinkTrainingSM.rxPtTestResponder_io_sbLaneIo_rx_ready}}};
                       ^~~~~~~~~~~~~~
berkeley/generated/verification/assert/LinkTrainingSM_Verification_Assert.sv:57:22: warning: 'LinkTrainingSM' is an upward hierarchical name reference [-Wupward-name]
    always @(posedge LinkTrainingSM.clock) begin
                     ^~~~~~~~~~~~~~
berkeley/generated/verification/assert/LinkTrainingSM_Verification_Assert.sv:58:12: warning: 'LinkTrainingSM' is an upward hierarchical name reference [-Wupward-name]
      if (~LinkTrainingSM.reset & (|(activeWriterClients[2:1]))) begin
           ^~~~~~~~~~~~~~
berkeley/generated/verification/assert/LinkTrainingSM_Verification_Assert.sv:64:12: warning: 'LinkTrainingSM' is an upward hierarchical name reference [-Wupward-name]
      if (~LinkTrainingSM.reset & (|(activeReaderClients[2:1]))) begin
           ^~~~~~~~~~~~~~
berkeley/generated/verification/assert/LinkTrainingSM_Verification_Assert.sv:70:12: warning: 'LinkTrainingSM' is an upward hierarchical name reference [-Wupward-name]
      if (~LinkTrainingSM.reset & (|(activeReaderClients_1[3:1]))) begin
           ^~~~~~~~~~~~~~
berkeley/generated/verification/assert/LogicalPhy_Verification_Assert.sv:23:14: warning: 'LogicalPhy' is an upward hierarchical name reference [-Wupward-name]
      {1'h0, LogicalPhy.sidebandRxReadyLtsm_0} + {1'h0, LogicalPhy.sidebandRxReadyRdi_0};
             ^~~~~~~~~~
berkeley/generated/verification/assert/LogicalPhy_Verification_Assert.sv:23:57: warning: 'LogicalPhy' is an upward hierarchical name reference [-Wupward-name]
      {1'h0, LogicalPhy.sidebandRxReadyLtsm_0} + {1'h0, LogicalPhy.sidebandRxReadyRdi_0};
                                                        ^~~~~~~~~~
berkeley/generated/verification/assert/LogicalPhy_Verification_Assert.sv:24:22: warning: 'LogicalPhy' is an upward hierarchical name reference [-Wupward-name]
    always @(posedge LogicalPhy.clock) begin
                     ^~~~~~~~~~
berkeley/generated/verification/assert/LogicalPhy_Verification_Assert.sv:25:12: warning: 'LogicalPhy' is an upward hierarchical name reference [-Wupward-name]
      if (~LogicalPhy.reset & _GEN[1]) begin
           ^~~~~~~~~~
berkeley/generated/verification/assert/LogicalPhy_Verification_Assert.sv:31:11: warning: 'LogicalPhy' is an upward hierarchical name reference [-Wupward-name]
      if (LogicalPhy.rxClkCalOverride_0 & ~LogicalPhy.reset
          ^~~~~~~~~~
berkeley/generated/verification/assert/LogicalPhy_Verification_Assert.sv:31:44: warning: 'LogicalPhy' is an upward hierarchical name reference [-Wupward-name]
      if (LogicalPhy.rxClkCalOverride_0 & ~LogicalPhy.reset
                                           ^~~~~~~~~~
berkeley/generated/verification/assert/LogicalPhy_Verification_Assert.sv:32:14: warning: 'LogicalPhy' is an upward hierarchical name reference [-Wupward-name]
          & ~LogicalPhy.io_analog_mainband_tx_ready_1) begin
             ^~~~~~~~~~
berkeley/generated/verification/assert/MBInitResponder_Verification_Assert.sv:22:22: warning: 'MBInitResponder' is an upward hierarchical name reference [-Wupward-name]
    always @(posedge MBInitResponder.clock) begin
                     ^~~~~~~~~~~~~~~
berkeley/generated/verification/assert/MBInitResponder_Verification_Assert.sv:23:11: warning: 'MBInitResponder' is an upward hierarchical name reference [-Wupward-name]
      if (MBInitResponder._layer_probe_0 & MBInitResponder.currentState_0 != 3'h1
          ^~~~~~~~~~~~~~~
berkeley/generated/verification/assert/MBInitResponder_Verification_Assert.sv:23:44: warning: 'MBInitResponder' is an upward hierarchical name reference [-Wupward-name]
      if (MBInitResponder._layer_probe_0 & MBInitResponder.currentState_0 != 3'h1
                                           ^~~~~~~~~~~~~~~
berkeley/generated/verification/assert/MBInitResponder_Verification_Assert.sv:24:13: warning: 'MBInitResponder' is an upward hierarchical name reference [-Wupward-name]
          & MBInitResponder.currentState_0 != 3'h2
            ^~~~~~~~~~~~~~~
berkeley/generated/verification/assert/MBInitResponder_Verification_Assert.sv:25:13: warning: 'MBInitResponder' is an upward hierarchical name reference [-Wupward-name]
          & MBInitResponder.currentState_0 != 3'h3 & MBInitResponder._layer_probe
            ^~~~~~~~~~~~~~~
berkeley/generated/verification/assert/MBInitResponder_Verification_Assert.sv:25:54: warning: 'MBInitResponder' is an upward hierarchical name reference [-Wupward-name]
          & MBInitResponder.currentState_0 != 3'h3 & MBInitResponder._layer_probe
                                                     ^~~~~~~~~~~~~~~
berkeley/generated/verification/assert/MBInitResponder_Verification_Assert.sv:26:13: warning: 'MBInitResponder' is an upward hierarchical name reference [-Wupward-name]
          & MBInitResponder._layer_probe_2 & MBInitResponder._layer_probe_1
            ^~~~~~~~~~~~~~~
berkeley/generated/verification/assert/MBInitResponder_Verification_Assert.sv:26:46: warning: 'MBInitResponder' is an upward hierarchical name reference [-Wupward-name]
          & MBInitResponder._layer_probe_2 & MBInitResponder._layer_probe_1
                                             ^~~~~~~~~~~~~~~
berkeley/generated/verification/assert/MBInitResponder_Verification_Assert.sv:27:14: warning: 'MBInitResponder' is an upward hierarchical name reference [-Wupward-name]
          & ~MBInitResponder.reset
             ^~~~~~~~~~~~~~~
berkeley/generated/verification/assert/MBInitResponder_Verification_Assert.sv:28:14: warning: 'MBInitResponder' is an upward hierarchical name reference [-Wupward-name]
          & ~MBInitResponder.io_patternReaderIo_req_ready_1) begin
             ^~~~~~~~~~~~~~~
berkeley/generated/verification/assert/PatternReader_Verification_Assert.sv:6:57: warning: 'PatternReader' is an upward hierarchical name reference [-Wupward-name]
  wire        hasBeenReset = hasBeenResetReg === 1'h1 & PatternReader.reset === 1'h0;
                                                        ^~~~~~~~~~~~~
berkeley/generated/verification/assert/PatternReader_Verification_Assert.sv:25:5: warning: 'PatternReader' is an upward hierarchical name reference [-Wupward-name]
    PatternReader._io_rxLfsrCtrl_resetLfsr_T
    ^~~~~~~~~~~~~
berkeley/generated/verification/assert/PatternReader_Verification_Assert.sv:26:7: warning: 'PatternReader' is an upward hierarchical name reference [-Wupward-name]
    & PatternReader.io_interfaceIo_req_bits_doConsecutiveCount_1;
      ^~~~~~~~~~~~~
berkeley/generated/verification/assert/PatternReader_Verification_Assert.sv:28:32: warning: 'PatternReader' is an upward hierarchical name reference [-Wupward-name]
    assert property (@(posedge PatternReader.clock) disable iff (x4)
                               ^~~~~~~~~~~~~
berkeley/generated/verification/assert/PatternReader_Verification_Assert.sv:29:34: warning: 'PatternReader' is an upward hierarchical name reference [-Wupward-name]
                       _GEN |-> ~PatternReader.io_interfaceIo_req_bits_comparisonMode_1);
                                 ^~~~~~~~~~~~~
berkeley/generated/verification/assert/PatternReader_Verification_Assert.sv:32:32: warning: 'PatternReader' is an upward hierarchical name reference [-Wupward-name]
    assert property (@(posedge PatternReader.clock) disable iff (x8)
                               ^~~~~~~~~~~~~
berkeley/generated/verification/assert/PatternReader_Verification_Assert.sv:34:28: warning: 'PatternReader' is an upward hierarchical name reference [-Wupward-name]
                       |-> PatternReader.io_interfaceIo_req_bits_patternType_1 != 2'h3);
                           ^~~~~~~~~~~~~
berkeley/generated/verification/assert/PatternReader_Verification_Assert.sv:37:32: warning: 'PatternReader' is an upward hierarchical name reference [-Wupward-name]
    assert property (@(posedge PatternReader.clock) disable iff (x12)
                               ^~~~~~~~~~~~~
berkeley/generated/verification/assert/PatternReader_Verification_Assert.sv:38:26: warning: 'PatternReader' is an upward hierarchical name reference [-Wupward-name]
                       ~(PatternReader.io_interfaceIo_req_ready_1
                         ^~~~~~~~~~~~~
berkeley/generated/verification/assert/PatternReader_Verification_Assert.sv:39:28: warning: 'PatternReader' is an upward hierarchical name reference [-Wupward-name]
                         & PatternReader.io_interfaceIo_resp_valid_1));
                           ^~~~~~~~~~~~~
berkeley/generated/verification/assert/PatternReader_Verification_Assert.sv:44:32: warning: 'PatternReader' is an upward hierarchical name reference [-Wupward-name]
    assert property (@(posedge PatternReader.clock) disable iff (x16)
                               ^~~~~~~~~~~~~
berkeley/generated/verification/assert/PatternReader_Verification_Assert.sv:46:28: warning: 'PatternReader' is an upward hierarchical name reference [-Wupward-name]
                       |-> PatternReader.io_interfaceIo_resp_valid_1
                           ^~~~~~~~~~~~~
berkeley/generated/verification/assert/PatternReader_Verification_Assert.sv:47:31: warning: 'PatternReader' is an upward hierarchical name reference [-Wupward-name]
                           & {PatternReader.io_interfaceIo_resp_bits_perLaneStatusBits_15_1,
                              ^~~~~~~~~~~~~
berkeley/generated/verification/assert/PatternReader_Verification_Assert.sv:48:31: warning: 'PatternReader' is an upward hierarchical name reference [-Wupward-name]
                              PatternReader.io_interfaceIo_resp_bits_perLaneStatusBits_14_1,
                              ^~~~~~~~~~~~~
berkeley/generated/verification/assert/PatternReader_Verification_Assert.sv:49:31: warning: 'PatternReader' is an upward hierarchical name reference [-Wupward-name]
                              PatternReader.io_interfaceIo_resp_bits_perLaneStatusBits_13_1,
                              ^~~~~~~~~~~~~
berkeley/generated/verification/assert/PatternReader_Verification_Assert.sv:50:31: warning: 'PatternReader' is an upward hierarchical name reference [-Wupward-name]
                              PatternReader.io_interfaceIo_resp_bits_perLaneStatusBits_12_1,
                              ^~~~~~~~~~~~~
berkeley/generated/verification/assert/PatternReader_Verification_Assert.sv:51:31: warning: 'PatternReader' is an upward hierarchical name reference [-Wupward-name]
                              PatternReader.io_interfaceIo_resp_bits_perLaneStatusBits_11_1,
                              ^~~~~~~~~~~~~
berkeley/generated/verification/assert/PatternReader_Verification_Assert.sv:52:31: warning: 'PatternReader' is an upward hierarchical name reference [-Wupward-name]
                              PatternReader.io_interfaceIo_resp_bits_perLaneStatusBits_10_1,
                              ^~~~~~~~~~~~~
berkeley/generated/verification/assert/PatternReader_Verification_Assert.sv:53:31: warning: 'PatternReader' is an upward hierarchical name reference [-Wupward-name]
                              PatternReader.io_interfaceIo_resp_bits_perLaneStatusBits_9_1,
                              ^~~~~~~~~~~~~
berkeley/generated/verification/assert/PatternReader_Verification_Assert.sv:54:31: warning: 'PatternReader' is an upward hierarchical name reference [-Wupward-name]
                              PatternReader.io_interfaceIo_resp_bits_perLaneStatusBits_8_1,
                              ^~~~~~~~~~~~~
berkeley/generated/verification/assert/PatternReader_Verification_Assert.sv:55:31: warning: 'PatternReader' is an upward hierarchical name reference [-Wupward-name]
                              PatternReader.io_interfaceIo_resp_bits_perLaneStatusBits_7_1,
                              ^~~~~~~~~~~~~
berkeley/generated/verification/assert/PatternReader_Verification_Assert.sv:56:31: warning: 'PatternReader' is an upward hierarchical name reference [-Wupward-name]
                              PatternReader.io_interfaceIo_resp_bits_perLaneStatusBits_6_1,
                              ^~~~~~~~~~~~~
berkeley/generated/verification/assert/PatternReader_Verification_Assert.sv:57:31: warning: 'PatternReader' is an upward hierarchical name reference [-Wupward-name]
                              PatternReader.io_interfaceIo_resp_bits_perLaneStatusBits_5_1,
                              ^~~~~~~~~~~~~
berkeley/generated/verification/assert/PatternReader_Verification_Assert.sv:58:31: warning: 'PatternReader' is an upward hierarchical name reference [-Wupward-name]
                              PatternReader.io_interfaceIo_resp_bits_perLaneStatusBits_4_1,
                              ^~~~~~~~~~~~~
berkeley/generated/verification/assert/PatternReader_Verification_Assert.sv:59:31: warning: 'PatternReader' is an upward hierarchical name reference [-Wupward-name]
                              PatternReader.io_interfaceIo_resp_bits_perLaneStatusBits_3_1,
                              ^~~~~~~~~~~~~
berkeley/generated/verification/assert/PatternReader_Verification_Assert.sv:60:31: warning: 'PatternReader' is an upward hierarchical name reference [-Wupward-name]
                              PatternReader.io_interfaceIo_resp_bits_perLaneStatusBits_2_1,
                              ^~~~~~~~~~~~~
berkeley/generated/verification/assert/PatternReader_Verification_Assert.sv:61:31: warning: 'PatternReader' is an upward hierarchical name reference [-Wupward-name]
                              PatternReader.io_interfaceIo_resp_bits_perLaneStatusBits_1_1,
                              ^~~~~~~~~~~~~
berkeley/generated/verification/assert/PatternReader_Verification_Assert.sv:62:31: warning: 'PatternReader' is an upward hierarchical name reference [-Wupward-name]
                              PatternReader.io_interfaceIo_resp_bits_perLaneStatusBits_0_1,
                              ^~~~~~~~~~~~~
berkeley/generated/verification/assert/PatternReader_Verification_Assert.sv:63:31: warning: 'PatternReader' is an upward hierarchical name reference [-Wupward-name]
                              PatternReader.io_interfaceIo_resp_bits_aggregateStatus_1} == previousRespBits);
                              ^~~~~~~~~~~~~
berkeley/generated/verification/assert/PatternReader_Verification_Assert.sv:66:32: warning: 'PatternReader' is an upward hierarchical name reference [-Wupward-name]
    assert property (@(posedge PatternReader.clock) disable iff (x20)
                               ^~~~~~~~~~~~~
berkeley/generated/verification/assert/PatternReader_Verification_Assert.sv:67:25: warning: 'PatternReader' is an upward hierarchical name reference [-Wupward-name]
                       ~PatternReader.io_interfaceIo_req_ready_1
                        ^~~~~~~~~~~~~
berkeley/generated/verification/assert/PatternReader_Verification_Assert.sv:68:27: warning: 'PatternReader' is an upward hierarchical name reference [-Wupward-name]
                       & ~PatternReader.io_interfaceIo_resp_valid_1
                          ^~~~~~~~~~~~~
berkeley/generated/verification/assert/PatternReader_Verification_Assert.sv:69:26: warning: 'PatternReader' is an upward hierarchical name reference [-Wupward-name]
                       & PatternReader.io_interfaceIo_done_1
                         ^~~~~~~~~~~~~
berkeley/generated/verification/assert/PatternReader_Verification_Assert.sv:70:28: warning: 'PatternReader' is an upward hierarchical name reference [-Wupward-name]
                       |=> PatternReader.io_interfaceIo_resp_valid_1);
                           ^~~~~~~~~~~~~
berkeley/generated/verification/assert/PatternReader_Verification_Assert.sv:73:32: warning: 'PatternReader' is an upward hierarchical name reference [-Wupward-name]
    assert property (@(posedge PatternReader.clock) disable iff (x24)
                               ^~~~~~~~~~~~~
berkeley/generated/verification/assert/PatternReader_Verification_Assert.sv:74:24: warning: 'PatternReader' is an upward hierarchical name reference [-Wupward-name]
                       PatternReader.io_interfaceIo_req_ready_1
                       ^~~~~~~~~~~~~
berkeley/generated/verification/assert/PatternReader_Verification_Assert.sv:75:26: warning: 'PatternReader' is an upward hierarchical name reference [-Wupward-name]
                       & PatternReader.io_interfaceIo_done_1
                         ^~~~~~~~~~~~~
berkeley/generated/verification/assert/PatternReader_Verification_Assert.sv:76:29: warning: 'PatternReader' is an upward hierarchical name reference [-Wupward-name]
                       |=> ~PatternReader.io_interfaceIo_resp_valid_1);
                            ^~~~~~~~~~~~~
berkeley/generated/verification/assert/PatternReader_Verification_Assert.sv:79:32: warning: 'PatternReader' is an upward hierarchical name reference [-Wupward-name]
    assert property (@(posedge PatternReader.clock) disable iff (x28)
                               ^~~~~~~~~~~~~
berkeley/generated/verification/assert/PatternReader_Verification_Assert.sv:80:26: warning: 'PatternReader' is an upward hierarchical name reference [-Wupward-name]
                       ~(PatternReader.io_rxLfsrCtrl_resetLfsr_1
                         ^~~~~~~~~~~~~
berkeley/generated/verification/assert/PatternReader_Verification_Assert.sv:81:28: warning: 'PatternReader' is an upward hierarchical name reference [-Wupward-name]
                         & PatternReader.io_rxLfsrCtrl_increment_1));
                           ^~~~~~~~~~~~~
berkeley/generated/verification/assert/PatternReader_Verification_Assert.sv:84:32: warning: 'PatternReader' is an upward hierarchical name reference [-Wupward-name]
    assert property (@(posedge PatternReader.clock) disable iff (x32)
                               ^~~~~~~~~~~~~
berkeley/generated/verification/assert/PatternReader_Verification_Assert.sv:85:24: warning: 'PatternReader' is an upward hierarchical name reference [-Wupward-name]
                       PatternReader.io_interfaceIo_req_ready_1
                       ^~~~~~~~~~~~~
berkeley/generated/verification/assert/PatternReader_Verification_Assert.sv:86:29: warning: 'PatternReader' is an upward hierarchical name reference [-Wupward-name]
                       |-> ~PatternReader.io_rxLfsrCtrl_increment_1);
                            ^~~~~~~~~~~~~
berkeley/generated/verification/assert/PatternReader_Verification_Assert.sv:87:20: warning: 'PatternReader' is an upward hierarchical name reference [-Wupward-name]
  always @(posedge PatternReader.clock) begin
                   ^~~~~~~~~~~~~
berkeley/generated/verification/assert/PatternReader_Verification_Assert.sv:88:9: warning: 'PatternReader' is an upward hierarchical name reference [-Wupward-name]
    if (PatternReader.reset) begin
        ^~~~~~~~~~~~~
berkeley/generated/verification/assert/PatternReader_Verification_Assert.sv:94:9: warning: 'PatternReader' is an upward hierarchical name reference [-Wupward-name]
        PatternReader.io_interfaceIo_resp_valid_1
        ^~~~~~~~~~~~~
berkeley/generated/verification/assert/PatternReader_Verification_Assert.sv:95:12: warning: 'PatternReader' is an upward hierarchical name reference [-Wupward-name]
        & ~PatternReader.io_interfaceIo_resp_ready_1;
           ^~~~~~~~~~~~~
berkeley/generated/verification/assert/PatternReader_Verification_Assert.sv:97:8: warning: 'PatternReader' is an upward hierarchical name reference [-Wupward-name]
      {PatternReader.io_interfaceIo_resp_bits_perLaneStatusBits_15_1,
       ^~~~~~~~~~~~~
berkeley/generated/verification/assert/PatternReader_Verification_Assert.sv:98:8: warning: 'PatternReader' is an upward hierarchical name reference [-Wupward-name]
       PatternReader.io_interfaceIo_resp_bits_perLaneStatusBits_14_1,
       ^~~~~~~~~~~~~
berkeley/generated/verification/assert/PatternReader_Verification_Assert.sv:99:8: warning: 'PatternReader' is an upward hierarchical name reference [-Wupward-name]
       PatternReader.io_interfaceIo_resp_bits_perLaneStatusBits_13_1,
       ^~~~~~~~~~~~~
berkeley/generated/verification/assert/PatternReader_Verification_Assert.sv:100:8: warning: 'PatternReader' is an upward hierarchical name reference [-Wupward-name]
       PatternReader.io_interfaceIo_resp_bits_perLaneStatusBits_12_1,
       ^~~~~~~~~~~~~
berkeley/generated/verification/assert/PatternReader_Verification_Assert.sv:101:8: warning: 'PatternReader' is an upward hierarchical name reference [-Wupward-name]
       PatternReader.io_interfaceIo_resp_bits_perLaneStatusBits_11_1,
       ^~~~~~~~~~~~~
berkeley/generated/verification/assert/PatternReader_Verification_Assert.sv:102:8: warning: 'PatternReader' is an upward hierarchical name reference [-Wupward-name]
       PatternReader.io_interfaceIo_resp_bits_perLaneStatusBits_10_1,
       ^~~~~~~~~~~~~
berkeley/generated/verification/assert/PatternReader_Verification_Assert.sv:103:8: warning: 'PatternReader' is an upward hierarchical name reference [-Wupward-name]
       PatternReader.io_interfaceIo_resp_bits_perLaneStatusBits_9_1,
       ^~~~~~~~~~~~~
berkeley/generated/verification/assert/PatternReader_Verification_Assert.sv:104:8: warning: 'PatternReader' is an upward hierarchical name reference [-Wupward-name]
       PatternReader.io_interfaceIo_resp_bits_perLaneStatusBits_8_1,
       ^~~~~~~~~~~~~
berkeley/generated/verification/assert/PatternReader_Verification_Assert.sv:105:8: warning: 'PatternReader' is an upward hierarchical name reference [-Wupward-name]
       PatternReader.io_interfaceIo_resp_bits_perLaneStatusBits_7_1,
       ^~~~~~~~~~~~~
berkeley/generated/verification/assert/PatternReader_Verification_Assert.sv:106:8: warning: 'PatternReader' is an upward hierarchical name reference [-Wupward-name]
       PatternReader.io_interfaceIo_resp_bits_perLaneStatusBits_6_1,
       ^~~~~~~~~~~~~
berkeley/generated/verification/assert/PatternReader_Verification_Assert.sv:107:8: warning: 'PatternReader' is an upward hierarchical name reference [-Wupward-name]
       PatternReader.io_interfaceIo_resp_bits_perLaneStatusBits_5_1,
       ^~~~~~~~~~~~~
berkeley/generated/verification/assert/PatternReader_Verification_Assert.sv:108:8: warning: 'PatternReader' is an upward hierarchical name reference [-Wupward-name]
       PatternReader.io_interfaceIo_resp_bits_perLaneStatusBits_4_1,
       ^~~~~~~~~~~~~
berkeley/generated/verification/assert/PatternReader_Verification_Assert.sv:109:8: warning: 'PatternReader' is an upward hierarchical name reference [-Wupward-name]
       PatternReader.io_interfaceIo_resp_bits_perLaneStatusBits_3_1,
       ^~~~~~~~~~~~~
berkeley/generated/verification/assert/PatternReader_Verification_Assert.sv:110:8: warning: 'PatternReader' is an upward hierarchical name reference [-Wupward-name]
       PatternReader.io_interfaceIo_resp_bits_perLaneStatusBits_2_1,
       ^~~~~~~~~~~~~
berkeley/generated/verification/assert/PatternReader_Verification_Assert.sv:111:8: warning: 'PatternReader' is an upward hierarchical name reference [-Wupward-name]
       PatternReader.io_interfaceIo_resp_bits_perLaneStatusBits_1_1,
       ^~~~~~~~~~~~~
berkeley/generated/verification/assert/PatternReader_Verification_Assert.sv:112:8: warning: 'PatternReader' is an upward hierarchical name reference [-Wupward-name]
       PatternReader.io_interfaceIo_resp_bits_perLaneStatusBits_0_1,
       ^~~~~~~~~~~~~
berkeley/generated/verification/assert/PatternReader_Verification_Assert.sv:113:8: warning: 'PatternReader' is an upward hierarchical name reference [-Wupward-name]
       PatternReader.io_interfaceIo_resp_bits_aggregateStatus_1};
       ^~~~~~~~~~~~~
berkeley/generated/verification/assert/PatternWriter_Verification_Assert.sv:6:58: warning: 'PatternWriter' is an upward hierarchical name reference [-Wupward-name]
  wire         hasBeenReset = hasBeenResetReg === 1'h1 & PatternWriter.reset === 1'h0;
                                                         ^~~~~~~~~~~~~
berkeley/generated/verification/assert/PatternWriter_Verification_Assert.sv:23:32: warning: 'PatternWriter' is an upward hierarchical name reference [-Wupward-name]
    assert property (@(posedge PatternWriter.clock) disable iff (x4)
                               ^~~~~~~~~~~~~
berkeley/generated/verification/assert/PatternWriter_Verification_Assert.sv:24:24: warning: 'PatternWriter' is an upward hierarchical name reference [-Wupward-name]
                       PatternWriter._io_txLfsrCtrl_resetLfsr_T
                       ^~~~~~~~~~~~~
berkeley/generated/verification/assert/PatternWriter_Verification_Assert.sv:25:28: warning: 'PatternWriter' is an upward hierarchical name reference [-Wupward-name]
                       |=> PatternWriter.inProgress_0);
                           ^~~~~~~~~~~~~
berkeley/generated/verification/assert/PatternWriter_Verification_Assert.sv:28:32: warning: 'PatternWriter' is an upward hierarchical name reference [-Wupward-name]
    assert property (@(posedge PatternWriter.clock) disable iff (x8)
                               ^~~~~~~~~~~~~
berkeley/generated/verification/assert/PatternWriter_Verification_Assert.sv:29:24: warning: 'PatternWriter' is an upward hierarchical name reference [-Wupward-name]
                       PatternWriter.io_mbTxLaneIo_valid_1
                       ^~~~~~~~~~~~~
berkeley/generated/verification/assert/PatternWriter_Verification_Assert.sv:30:27: warning: 'PatternWriter' is an upward hierarchical name reference [-Wupward-name]
                       & ~PatternWriter.io_mbTxLaneIo_ready_1
                          ^~~~~~~~~~~~~
berkeley/generated/verification/assert/PatternWriter_Verification_Assert.sv:31:28: warning: 'PatternWriter' is an upward hierarchical name reference [-Wupward-name]
                       |=> PatternWriter.io_mbTxLaneIo_valid_1);
                           ^~~~~~~~~~~~~
berkeley/generated/verification/assert/PatternWriter_Verification_Assert.sv:34:32: warning: 'PatternWriter' is an upward hierarchical name reference [-Wupward-name]
    assert property (@(posedge PatternWriter.clock) disable iff (x12)
                               ^~~~~~~~~~~~~
berkeley/generated/verification/assert/PatternWriter_Verification_Assert.sv:35:24: warning: 'PatternWriter' is an upward hierarchical name reference [-Wupward-name]
                       PatternWriter._io_txLfsrCtrl_increment_T_2
                       ^~~~~~~~~~~~~
berkeley/generated/verification/assert/PatternWriter_Verification_Assert.sv:36:26: warning: 'PatternWriter' is an upward hierarchical name reference [-Wupward-name]
                       & PatternWriter._io_interfaceIo_resp_complete_T_1
                         ^~~~~~~~~~~~~
berkeley/generated/verification/assert/PatternWriter_Verification_Assert.sv:37:28: warning: 'PatternWriter' is an upward hierarchical name reference [-Wupward-name]
                       |=> PatternWriter._io_interfaceIo_req_ready_T);
                           ^~~~~~~~~~~~~
berkeley/generated/verification/assert/PatternWriter_Verification_Assert.sv:40:32: warning: 'PatternWriter' is an upward hierarchical name reference [-Wupward-name]
    assert property (@(posedge PatternWriter.clock) disable iff (x16)
                               ^~~~~~~~~~~~~
berkeley/generated/verification/assert/PatternWriter_Verification_Assert.sv:41:24: warning: 'PatternWriter' is an upward hierarchical name reference [-Wupward-name]
                       PatternWriter.cycleCount_0 <= PatternWriter.maxCycleCount_0);
                       ^~~~~~~~~~~~~
berkeley/generated/verification/assert/PatternWriter_Verification_Assert.sv:41:54: warning: 'PatternWriter' is an upward hierarchical name reference [-Wupward-name]
                       PatternWriter.cycleCount_0 <= PatternWriter.maxCycleCount_0);
                                                     ^~~~~~~~~~~~~
berkeley/generated/verification/assert/PatternWriter_Verification_Assert.sv:44:32: warning: 'PatternWriter' is an upward hierarchical name reference [-Wupward-name]
    assert property (@(posedge PatternWriter.clock) disable iff (x20)
                               ^~~~~~~~~~~~~
berkeley/generated/verification/assert/PatternWriter_Verification_Assert.sv:45:26: warning: 'PatternWriter' is an upward hierarchical name reference [-Wupward-name]
                       ~(PatternWriter.io_txLfsrCtrl_resetLfsr_1
                         ^~~~~~~~~~~~~
berkeley/generated/verification/assert/PatternWriter_Verification_Assert.sv:46:28: warning: 'PatternWriter' is an upward hierarchical name reference [-Wupward-name]
                         & PatternWriter.io_txLfsrCtrl_increment_1));
                           ^~~~~~~~~~~~~
berkeley/generated/verification/assert/PatternWriter_Verification_Assert.sv:49:32: warning: 'PatternWriter' is an upward hierarchical name reference [-Wupward-name]
    assert property (@(posedge PatternWriter.clock) disable iff (x24)
                               ^~~~~~~~~~~~~
berkeley/generated/verification/assert/PatternWriter_Verification_Assert.sv:50:24: warning: 'PatternWriter' is an upward hierarchical name reference [-Wupward-name]
                       PatternWriter.io_interfaceIo_resp_complete_1
                       ^~~~~~~~~~~~~
berkeley/generated/verification/assert/PatternWriter_Verification_Assert.sv:51:29: warning: 'PatternWriter' is an upward hierarchical name reference [-Wupward-name]
                       |=> ~PatternWriter.io_interfaceIo_resp_complete_1);
                            ^~~~~~~~~~~~~
berkeley/generated/verification/assert/PatternWriter_Verification_Assert.sv:59:32: warning: 'PatternWriter' is an upward hierarchical name reference [-Wupward-name]
    assert property (@(posedge PatternWriter.clock) disable iff (x28)
                               ^~~~~~~~~~~~~
berkeley/generated/verification/assert/PatternWriter_Verification_Assert.sv:61:29: warning: 'PatternWriter' is an upward hierarchical name reference [-Wupward-name]
                       |-> {PatternWriter.io_mbTxLaneIo_bits_data_15_1,
                            ^~~~~~~~~~~~~
berkeley/generated/verification/assert/PatternWriter_Verification_Assert.sv:62:29: warning: 'PatternWriter' is an upward hierarchical name reference [-Wupward-name]
                            PatternWriter.io_mbTxLaneIo_bits_data_14_1,
                            ^~~~~~~~~~~~~
berkeley/generated/verification/assert/PatternWriter_Verification_Assert.sv:63:29: warning: 'PatternWriter' is an upward hierarchical name reference [-Wupward-name]
                            PatternWriter.io_mbTxLaneIo_bits_data_13_1,
                            ^~~~~~~~~~~~~
berkeley/generated/verification/assert/PatternWriter_Verification_Assert.sv:64:29: warning: 'PatternWriter' is an upward hierarchical name reference [-Wupward-name]
                            PatternWriter.io_mbTxLaneIo_bits_data_12_1,
                            ^~~~~~~~~~~~~
berkeley/generated/verification/assert/PatternWriter_Verification_Assert.sv:65:29: warning: 'PatternWriter' is an upward hierarchical name reference [-Wupward-name]
                            PatternWriter.io_mbTxLaneIo_bits_data_11_1,
                            ^~~~~~~~~~~~~
berkeley/generated/verification/assert/PatternWriter_Verification_Assert.sv:66:29: warning: 'PatternWriter' is an upward hierarchical name reference [-Wupward-name]
                            PatternWriter.io_mbTxLaneIo_bits_data_10_1,
                            ^~~~~~~~~~~~~
berkeley/generated/verification/assert/PatternWriter_Verification_Assert.sv:67:29: warning: 'PatternWriter' is an upward hierarchical name reference [-Wupward-name]
                            PatternWriter.io_mbTxLaneIo_bits_data_9_1,
                            ^~~~~~~~~~~~~
berkeley/generated/verification/assert/PatternWriter_Verification_Assert.sv:68:29: warning: 'PatternWriter' is an upward hierarchical name reference [-Wupward-name]
                            PatternWriter.io_mbTxLaneIo_bits_data_8_1,
                            ^~~~~~~~~~~~~
berkeley/generated/verification/assert/PatternWriter_Verification_Assert.sv:69:29: warning: 'PatternWriter' is an upward hierarchical name reference [-Wupward-name]
                            PatternWriter.io_mbTxLaneIo_bits_data_7_1,
                            ^~~~~~~~~~~~~
berkeley/generated/verification/assert/PatternWriter_Verification_Assert.sv:70:29: warning: 'PatternWriter' is an upward hierarchical name reference [-Wupward-name]
                            PatternWriter.io_mbTxLaneIo_bits_data_6_1,
                            ^~~~~~~~~~~~~
berkeley/generated/verification/assert/PatternWriter_Verification_Assert.sv:71:29: warning: 'PatternWriter' is an upward hierarchical name reference [-Wupward-name]
                            PatternWriter.io_mbTxLaneIo_bits_data_5_1,
                            ^~~~~~~~~~~~~
berkeley/generated/verification/assert/PatternWriter_Verification_Assert.sv:72:29: warning: 'PatternWriter' is an upward hierarchical name reference [-Wupward-name]
                            PatternWriter.io_mbTxLaneIo_bits_data_4_1,
                            ^~~~~~~~~~~~~
berkeley/generated/verification/assert/PatternWriter_Verification_Assert.sv:73:29: warning: 'PatternWriter' is an upward hierarchical name reference [-Wupward-name]
                            PatternWriter.io_mbTxLaneIo_bits_data_3_1,
                            ^~~~~~~~~~~~~
berkeley/generated/verification/assert/PatternWriter_Verification_Assert.sv:74:29: warning: 'PatternWriter' is an upward hierarchical name reference [-Wupward-name]
                            PatternWriter.io_mbTxLaneIo_bits_data_2_1,
                            ^~~~~~~~~~~~~
berkeley/generated/verification/assert/PatternWriter_Verification_Assert.sv:75:29: warning: 'PatternWriter' is an upward hierarchical name reference [-Wupward-name]
                            PatternWriter.io_mbTxLaneIo_bits_data_1_1,
                            ^~~~~~~~~~~~~
berkeley/generated/verification/assert/PatternWriter_Verification_Assert.sv:76:29: warning: 'PatternWriter' is an upward hierarchical name reference [-Wupward-name]
                            PatternWriter.io_mbTxLaneIo_bits_data_0_1,
                            ^~~~~~~~~~~~~
berkeley/generated/verification/assert/PatternWriter_Verification_Assert.sv:77:29: warning: 'PatternWriter' is an upward hierarchical name reference [-Wupward-name]
                            PatternWriter.io_mbTxLaneIo_bits_valid_1,
                            ^~~~~~~~~~~~~
berkeley/generated/verification/assert/PatternWriter_Verification_Assert.sv:78:29: warning: 'PatternWriter' is an upward hierarchical name reference [-Wupward-name]
                            PatternWriter.io_mbTxLaneIo_bits_clkP_1,
                            ^~~~~~~~~~~~~
berkeley/generated/verification/assert/PatternWriter_Verification_Assert.sv:79:29: warning: 'PatternWriter' is an upward hierarchical name reference [-Wupward-name]
                            PatternWriter.io_mbTxLaneIo_bits_clkN_1,
                            ^~~~~~~~~~~~~
berkeley/generated/verification/assert/PatternWriter_Verification_Assert.sv:80:29: warning: 'PatternWriter' is an upward hierarchical name reference [-Wupward-name]
                            PatternWriter.io_mbTxLaneIo_bits_trk_1} == previousOutputBits
                            ^~~~~~~~~~~~~
berkeley/generated/verification/assert/PatternWriter_Verification_Assert.sv:81:30: warning: 'PatternWriter' is an upward hierarchical name reference [-Wupward-name]
                           & PatternWriter.cycleCount_0 == previousCycleCount
                             ^~~~~~~~~~~~~
berkeley/generated/verification/assert/PatternWriter_Verification_Assert.sv:82:30: warning: 'PatternWriter' is an upward hierarchical name reference [-Wupward-name]
                           & PatternWriter.patternPhase_0 == previousPatternPhase
                             ^~~~~~~~~~~~~
berkeley/generated/verification/assert/PatternWriter_Verification_Assert.sv:83:30: warning: 'PatternWriter' is an upward hierarchical name reference [-Wupward-name]
                           & PatternWriter.patternTypeReg_0 == previousPatternType);
                             ^~~~~~~~~~~~~
berkeley/generated/verification/assert/PatternWriter_Verification_Assert.sv:84:20: warning: 'PatternWriter' is an upward hierarchical name reference [-Wupward-name]
  always @(posedge PatternWriter.clock) begin
                   ^~~~~~~~~~~~~
berkeley/generated/verification/assert/PatternWriter_Verification_Assert.sv:85:9: warning: 'PatternWriter' is an upward hierarchical name reference [-Wupward-name]
    if (PatternWriter.reset) begin
        ^~~~~~~~~~~~~
berkeley/generated/verification/assert/PatternWriter_Verification_Assert.sv:91:9: warning: 'PatternWriter' is an upward hierarchical name reference [-Wupward-name]
        PatternWriter.io_mbTxLaneIo_valid_1 & ~PatternWriter.io_mbTxLaneIo_ready_1;
        ^~~~~~~~~~~~~
berkeley/generated/verification/assert/PatternWriter_Verification_Assert.sv:91:48: warning: 'PatternWriter' is an upward hierarchical name reference [-Wupward-name]
        PatternWriter.io_mbTxLaneIo_valid_1 & ~PatternWriter.io_mbTxLaneIo_ready_1;
                                               ^~~~~~~~~~~~~
berkeley/generated/verification/assert/PatternWriter_Verification_Assert.sv:93:8: warning: 'PatternWriter' is an upward hierarchical name reference [-Wupward-name]
      {PatternWriter.io_mbTxLaneIo_bits_data_15_1,
       ^~~~~~~~~~~~~
berkeley/generated/verification/assert/PatternWriter_Verification_Assert.sv:94:8: warning: 'PatternWriter' is an upward hierarchical name reference [-Wupward-name]
       PatternWriter.io_mbTxLaneIo_bits_data_14_1,
       ^~~~~~~~~~~~~
berkeley/generated/verification/assert/PatternWriter_Verification_Assert.sv:95:8: warning: 'PatternWriter' is an upward hierarchical name reference [-Wupward-name]
       PatternWriter.io_mbTxLaneIo_bits_data_13_1,
       ^~~~~~~~~~~~~
berkeley/generated/verification/assert/PatternWriter_Verification_Assert.sv:96:8: warning: 'PatternWriter' is an upward hierarchical name reference [-Wupward-name]
       PatternWriter.io_mbTxLaneIo_bits_data_12_1,
       ^~~~~~~~~~~~~
berkeley/generated/verification/assert/PatternWriter_Verification_Assert.sv:97:8: warning: 'PatternWriter' is an upward hierarchical name reference [-Wupward-name]
       PatternWriter.io_mbTxLaneIo_bits_data_11_1,
       ^~~~~~~~~~~~~
berkeley/generated/verification/assert/PatternWriter_Verification_Assert.sv:98:8: warning: 'PatternWriter' is an upward hierarchical name reference [-Wupward-name]
       PatternWriter.io_mbTxLaneIo_bits_data_10_1,
       ^~~~~~~~~~~~~
berkeley/generated/verification/assert/PatternWriter_Verification_Assert.sv:99:8: warning: 'PatternWriter' is an upward hierarchical name reference [-Wupward-name]
       PatternWriter.io_mbTxLaneIo_bits_data_9_1,
       ^~~~~~~~~~~~~
berkeley/generated/verification/assert/PatternWriter_Verification_Assert.sv:100:8: warning: 'PatternWriter' is an upward hierarchical name reference [-Wupward-name]
       PatternWriter.io_mbTxLaneIo_bits_data_8_1,
       ^~~~~~~~~~~~~
berkeley/generated/verification/assert/PatternWriter_Verification_Assert.sv:101:8: warning: 'PatternWriter' is an upward hierarchical name reference [-Wupward-name]
       PatternWriter.io_mbTxLaneIo_bits_data_7_1,
       ^~~~~~~~~~~~~
berkeley/generated/verification/assert/PatternWriter_Verification_Assert.sv:102:8: warning: 'PatternWriter' is an upward hierarchical name reference [-Wupward-name]
       PatternWriter.io_mbTxLaneIo_bits_data_6_1,
       ^~~~~~~~~~~~~
berkeley/generated/verification/assert/PatternWriter_Verification_Assert.sv:103:8: warning: 'PatternWriter' is an upward hierarchical name reference [-Wupward-name]
       PatternWriter.io_mbTxLaneIo_bits_data_5_1,
       ^~~~~~~~~~~~~
berkeley/generated/verification/assert/PatternWriter_Verification_Assert.sv:104:8: warning: 'PatternWriter' is an upward hierarchical name reference [-Wupward-name]
       PatternWriter.io_mbTxLaneIo_bits_data_4_1,
       ^~~~~~~~~~~~~
berkeley/generated/verification/assert/PatternWriter_Verification_Assert.sv:105:8: warning: 'PatternWriter' is an upward hierarchical name reference [-Wupward-name]
       PatternWriter.io_mbTxLaneIo_bits_data_3_1,
       ^~~~~~~~~~~~~
berkeley/generated/verification/assert/PatternWriter_Verification_Assert.sv:106:8: warning: 'PatternWriter' is an upward hierarchical name reference [-Wupward-name]
       PatternWriter.io_mbTxLaneIo_bits_data_2_1,
       ^~~~~~~~~~~~~
berkeley/generated/verification/assert/PatternWriter_Verification_Assert.sv:107:8: warning: 'PatternWriter' is an upward hierarchical name reference [-Wupward-name]
       PatternWriter.io_mbTxLaneIo_bits_data_1_1,
       ^~~~~~~~~~~~~
berkeley/generated/verification/assert/PatternWriter_Verification_Assert.sv:108:8: warning: 'PatternWriter' is an upward hierarchical name reference [-Wupward-name]
       PatternWriter.io_mbTxLaneIo_bits_data_0_1,
       ^~~~~~~~~~~~~
berkeley/generated/verification/assert/PatternWriter_Verification_Assert.sv:109:8: warning: 'PatternWriter' is an upward hierarchical name reference [-Wupward-name]
       PatternWriter.io_mbTxLaneIo_bits_valid_1,
       ^~~~~~~~~~~~~
berkeley/generated/verification/assert/PatternWriter_Verification_Assert.sv:110:8: warning: 'PatternWriter' is an upward hierarchical name reference [-Wupward-name]
       PatternWriter.io_mbTxLaneIo_bits_clkP_1,
       ^~~~~~~~~~~~~
berkeley/generated/verification/assert/PatternWriter_Verification_Assert.sv:111:8: warning: 'PatternWriter' is an upward hierarchical name reference [-Wupward-name]
       PatternWriter.io_mbTxLaneIo_bits_clkN_1,
       ^~~~~~~~~~~~~
berkeley/generated/verification/assert/PatternWriter_Verification_Assert.sv:112:8: warning: 'PatternWriter' is an upward hierarchical name reference [-Wupward-name]
       PatternWriter.io_mbTxLaneIo_bits_trk_1};
       ^~~~~~~~~~~~~
berkeley/generated/verification/assert/PatternWriter_Verification_Assert.sv:113:27: warning: 'PatternWriter' is an upward hierarchical name reference [-Wupward-name]
    previousCycleCount <= PatternWriter.cycleCount_0;
                          ^~~~~~~~~~~~~
berkeley/generated/verification/assert/PatternWriter_Verification_Assert.sv:114:29: warning: 'PatternWriter' is an upward hierarchical name reference [-Wupward-name]
    previousPatternPhase <= PatternWriter.patternPhase_0;
                            ^~~~~~~~~~~~~
berkeley/generated/verification/assert/PatternWriter_Verification_Assert.sv:115:28: warning: 'PatternWriter' is an upward hierarchical name reference [-Wupward-name]
    previousPatternType <= PatternWriter.patternTypeReg_0;
                           ^~~~~~~~~~~~~
berkeley/generated/verification/assert/RDIClockHandshakeRequester_Verification_Assert.sv:22:22: warning: 'RDIClockHandshakeRequester' is an upward hierarchical name reference [-Wupward-name]
    always @(posedge RDIClockHandshakeRequester.clock) begin
                     ^~~~~~~~~~~~~~~~~~~~~~~~~~
berkeley/generated/verification/assert/RDIClockHandshakeRequester_Verification_Assert.sv:23:11: warning: 'RDIClockHandshakeRequester' is an upward hierarchical name reference [-Wupward-name]
      if (RDIClockHandshakeRequester._layer_probe
          ^~~~~~~~~~~~~~~~~~~~~~~~~~
berkeley/generated/verification/assert/RDIClockHandshakeRequester_Verification_Assert.sv:24:13: warning: 'RDIClockHandshakeRequester' is an upward hierarchical name reference [-Wupward-name]
          & RDIClockHandshakeRequester.currentState_0 != 2'h1
            ^~~~~~~~~~~~~~~~~~~~~~~~~~
berkeley/generated/verification/assert/RDIClockHandshakeRequester_Verification_Assert.sv:25:13: warning: 'RDIClockHandshakeRequester' is an upward hierarchical name reference [-Wupward-name]
          & RDIClockHandshakeRequester._layer_probe_0 & ~RDIClockHandshakeRequester.reset
            ^~~~~~~~~~~~~~~~~~~~~~~~~~
berkeley/generated/verification/assert/RDIClockHandshakeRequester_Verification_Assert.sv:25:58: warning: 'RDIClockHandshakeRequester' is an upward hierarchical name reference [-Wupward-name]
          & RDIClockHandshakeRequester._layer_probe_0 & ~RDIClockHandshakeRequester.reset
                                                         ^~~~~~~~~~~~~~~~~~~~~~~~~~
berkeley/generated/verification/assert/RDIClockHandshakeRequester_Verification_Assert.sv:26:14: warning: 'RDIClockHandshakeRequester' is an upward hierarchical name reference [-Wupward-name]
          & ~RDIClockHandshakeRequester.io_rdi_lpClkAck_1) begin
             ^~~~~~~~~~~~~~~~~~~~~~~~~~
berkeley/generated/verification/assert/RDIController_Verification_Assert.sv:22:12: warning: 'RDIController' is an upward hierarchical name reference [-Wupward-name]
    {1'h0, RDIController.responderSbLane_rx_ready_0}
           ^~~~~~~~~~~~~
berkeley/generated/verification/assert/RDIController_Verification_Assert.sv:23:14: warning: 'RDIController' is an upward hierarchical name reference [-Wupward-name]
    + {1'h0, RDIController.requesterSbLane_rx_ready_0};
             ^~~~~~~~~~~~~
berkeley/generated/verification/assert/RDIController_Verification_Assert.sv:25:22: warning: 'RDIController' is an upward hierarchical name reference [-Wupward-name]
    always @(posedge RDIController.clock) begin
                     ^~~~~~~~~~~~~
berkeley/generated/verification/assert/RDIController_Verification_Assert.sv:26:12: warning: 'RDIController' is an upward hierarchical name reference [-Wupward-name]
      if (~RDIController.reset & activeReaderClients[1]) begin
           ^~~~~~~~~~~~~
berkeley/generated/verification/assert/RDIController_Verification_Assert.sv:32:11: warning: 'RDIController' is an upward hierarchical name reference [-Wupward-name]
      if (RDIController._holdUpperLayerStall_T & ~RDIController.reset
          ^~~~~~~~~~~~~
berkeley/generated/verification/assert/RDIController_Verification_Assert.sv:32:51: warning: 'RDIController' is an upward hierarchical name reference [-Wupward-name]
      if (RDIController._holdUpperLayerStall_T & ~RDIController.reset
                                                  ^~~~~~~~~~~~~
berkeley/generated/verification/assert/RDIController_Verification_Assert.sv:33:14: warning: 'RDIController' is an upward hierarchical name reference [-Wupward-name]
          & ~RDIController.activeBringupReady_0) begin
             ^~~~~~~~~~~~~
berkeley/generated/verification/assert/RDIController_Verification_Assert.sv:39:11: warning: 'RDIController' is an upward hierarchical name reference [-Wupward-name]
      if (RDIController._io_doingRdiBringup_T & RDIController.io_rdi_plInbandPres_1
          ^~~~~~~~~~~~~
berkeley/generated/verification/assert/RDIController_Verification_Assert.sv:39:49: warning: 'RDIController' is an upward hierarchical name reference [-Wupward-name]
      if (RDIController._io_doingRdiBringup_T & RDIController.io_rdi_plInbandPres_1
                                                ^~~~~~~~~~~~~
berkeley/generated/verification/assert/RDIController_Verification_Assert.sv:40:14: warning: 'RDIController' is an upward hierarchical name reference [-Wupward-name]
          & ~RDIController.reset
             ^~~~~~~~~~~~~
berkeley/generated/verification/assert/RDIController_Verification_Assert.sv:41:15: warning: 'RDIController' is an upward hierarchical name reference [-Wupward-name]
          & ~(RDIController.clockRequester_io_rdi_plClkReq
              ^~~~~~~~~~~~~
berkeley/generated/verification/assert/RDIController_Verification_Assert.sv:42:17: warning: 'RDIController' is an upward hierarchical name reference [-Wupward-name]
              | RDIController.clockRequester_io_ctrl_doneHandshake)) begin
                ^~~~~~~~~~~~~
berkeley/generated/verification/assert/RDIController_Verification_Assert.sv:48:11: warning: 'RDIController' is an upward hierarchical name reference [-Wupward-name]
      if (RDIController.mustHoldClocksUntilStateChanges_0 & ~RDIController.reset
          ^~~~~~~~~~~~~
berkeley/generated/verification/assert/RDIController_Verification_Assert.sv:48:62: warning: 'RDIController' is an upward hierarchical name reference [-Wupward-name]
      if (RDIController.mustHoldClocksUntilStateChanges_0 & ~RDIController.reset
                                                             ^~~~~~~~~~~~~
berkeley/generated/verification/assert/RDIController_Verification_Assert.sv:49:14: warning: 'RDIController' is an upward hierarchical name reference [-Wupward-name]
          & ~RDIController.clockRequester_io_rdi_plClkReq) begin
             ^~~~~~~~~~~~~
berkeley/generated/verification/assert/RDIController_Verification_Assert.sv:55:11: warning: 'RDIController' is an upward hierarchical name reference [-Wupward-name]
      if (RDIController.rdiStateMachine_io_sidebandBusy & ~RDIController.reset
          ^~~~~~~~~~~~~
berkeley/generated/verification/assert/RDIController_Verification_Assert.sv:55:60: warning: 'RDIController' is an upward hierarchical name reference [-Wupward-name]
      if (RDIController.rdiStateMachine_io_sidebandBusy & ~RDIController.reset
                                                           ^~~~~~~~~~~~~
berkeley/generated/verification/assert/RDIController_Verification_Assert.sv:56:14: warning: 'RDIController' is an upward hierarchical name reference [-Wupward-name]
          & ~RDIController.clockRequester_io_rdi_plClkReq) begin
             ^~~~~~~~~~~~~
berkeley/generated/verification/assert/RDIController_Verification_Assert.sv:62:11: warning: 'RDIController' is an upward hierarchical name reference [-Wupward-name]
      if (RDIController.io_cfgSidebandActive_1 & ~RDIController.reset
          ^~~~~~~~~~~~~
berkeley/generated/verification/assert/RDIController_Verification_Assert.sv:62:51: warning: 'RDIController' is an upward hierarchical name reference [-Wupward-name]
      if (RDIController.io_cfgSidebandActive_1 & ~RDIController.reset
                                                  ^~~~~~~~~~~~~
berkeley/generated/verification/assert/RDIController_Verification_Assert.sv:63:14: warning: 'RDIController' is an upward hierarchical name reference [-Wupward-name]
          & ~RDIController.clockRequester_io_rdi_plClkReq) begin
             ^~~~~~~~~~~~~
berkeley/generated/verification/assert/RDIController_Verification_Assert.sv:69:11: warning: 'RDIController' is an upward hierarchical name reference [-Wupward-name]
      if (RDIController.stallRequester_io_ctrl_startStall
          ^~~~~~~~~~~~~
berkeley/generated/verification/assert/RDIController_Verification_Assert.sv:70:13: warning: 'RDIController' is an upward hierarchical name reference [-Wupward-name]
          & RDIController.io_validFramingError_1 & ~RDIController.reset
            ^~~~~~~~~~~~~
berkeley/generated/verification/assert/RDIController_Verification_Assert.sv:70:53: warning: 'RDIController' is an upward hierarchical name reference [-Wupward-name]
          & RDIController.io_validFramingError_1 & ~RDIController.reset
                                                    ^~~~~~~~~~~~~
berkeley/generated/verification/assert/RDIController_Verification_Assert.sv:71:14: warning: 'RDIController' is an upward hierarchical name reference [-Wupward-name]
          & ~RDIController._framingErrorInActive_T) begin
             ^~~~~~~~~~~~~
berkeley/generated/verification/assert/RDIController_Verification_Assert.sv:77:12: warning: 'RDIController' is an upward hierarchical name reference [-Wupward-name]
      if (~RDIController.reset
           ^~~~~~~~~~~~~
berkeley/generated/verification/assert/RDIController_Verification_Assert.sv:78:15: warning: 'RDIController' is an upward hierarchical name reference [-Wupward-name]
          & ~(RDIController.rdiStateMachine_io_rdi_plStateSts != 4'h4
              ^~~~~~~~~~~~~
berkeley/generated/verification/assert/RDIController_Verification_Assert.sv:79:17: warning: 'RDIController' is an upward hierarchical name reference [-Wupward-name]
              & RDIController.rdiStateMachine_io_rdi_plStateSts != 4'h8)) begin
                ^~~~~~~~~~~~~
berkeley/generated/verification/assert/RDIStateMachine_Verification_Assert.sv:22:22: warning: 'RDIStateMachine' is an upward hierarchical name reference [-Wupward-name]
    always @(posedge RDIStateMachine.clock) begin
                     ^~~~~~~~~~~~~~~
berkeley/generated/verification/assert/RDIStateMachine_Verification_Assert.sv:23:11: warning: 'RDIStateMachine' is an upward hierarchical name reference [-Wupward-name]
      if (RDIStateMachine._layer_probe & ~RDIStateMachine.reset
          ^~~~~~~~~~~~~~~
berkeley/generated/verification/assert/RDIStateMachine_Verification_Assert.sv:23:43: warning: 'RDIStateMachine' is an upward hierarchical name reference [-Wupward-name]
      if (RDIStateMachine._layer_probe & ~RDIStateMachine.reset
                                          ^~~~~~~~~~~~~~~
berkeley/generated/verification/assert/RDIStateMachine_Verification_Assert.sv:24:13: warning: 'RDIStateMachine' is an upward hierarchical name reference [-Wupward-name]
          & RDIStateMachine.responder_io_targetState != RDIStateMachine.requester_io_targetState) begin
            ^~~~~~~~~~~~~~~
berkeley/generated/verification/assert/RDIStateMachine_Verification_Assert.sv:24:57: warning: 'RDIStateMachine' is an upward hierarchical name reference [-Wupward-name]
          & RDIStateMachine.responder_io_targetState != RDIStateMachine.requester_io_targetState) begin
                                                        ^~~~~~~~~~~~~~~
berkeley/generated/verification/assert/RDIStateMachine_Verification_Assert.sv:30:12: warning: 'RDIStateMachine' is an upward hierarchical name reference [-Wupward-name]
      if (~RDIStateMachine.reset
           ^~~~~~~~~~~~~~~
berkeley/generated/verification/assert/RDIStateMachine_Verification_Assert.sv:31:15: warning: 'RDIStateMachine' is an upward hierarchical name reference [-Wupward-name]
          & ~(RDIStateMachine.currentState_0 != 4'h4
              ^~~~~~~~~~~~~~~
berkeley/generated/verification/assert/RDIStateMachine_Verification_Assert.sv:32:17: warning: 'RDIStateMachine' is an upward hierarchical name reference [-Wupward-name]
              & RDIStateMachine.currentState_0 != 4'h8)) begin
                ^~~~~~~~~~~~~~~
berkeley/generated/verification/assert/RxD2CEyeWidthSweepRequester_Verification_Assert.sv:22:22: warning: 'RxD2CEyeWidthSweepRequester' is an upward hierarchical name reference [-Wupward-name]
    always @(posedge RxD2CEyeWidthSweepRequester.clock) begin
                     ^~~~~~~~~~~~~~~~~~~~~~~~~~~
berkeley/generated/verification/assert/RxD2CEyeWidthSweepRequester_Verification_Assert.sv:23:11: warning: 'RxD2CEyeWidthSweepRequester' is an upward hierarchical name reference [-Wupward-name]
      if (RxD2CEyeWidthSweepRequester._layer_probe
          ^~~~~~~~~~~~~~~~~~~~~~~~~~~
berkeley/generated/verification/assert/RxD2CEyeWidthSweepRequester_Verification_Assert.sv:24:13: warning: 'RxD2CEyeWidthSweepRequester' is an upward hierarchical name reference [-Wupward-name]
          & RxD2CEyeWidthSweepRequester._layer_probe_0
            ^~~~~~~~~~~~~~~~~~~~~~~~~~~
berkeley/generated/verification/assert/RxD2CEyeWidthSweepRequester_Verification_Assert.sv:25:14: warning: 'RxD2CEyeWidthSweepRequester' is an upward hierarchical name reference [-Wupward-name]
          & ~RxD2CEyeWidthSweepRequester.reset
             ^~~~~~~~~~~~~~~~~~~~~~~~~~~
berkeley/generated/verification/assert/RxD2CEyeWidthSweepRequester_Verification_Assert.sv:26:14: warning: 'RxD2CEyeWidthSweepRequester' is an upward hierarchical name reference [-Wupward-name]
          & ~RxD2CEyeWidthSweepRequester.io_patternReaderIo_req_ready_1) begin
             ^~~~~~~~~~~~~~~~~~~~~~~~~~~
berkeley/generated/verification/assert/RxD2CEyeWidthSweepRequester_Verification_Assert.sv:32:11: warning: 'RxD2CEyeWidthSweepRequester' is an upward hierarchical name reference [-Wupward-name]
      if (RxD2CEyeWidthSweepRequester._layer_probe
          ^~~~~~~~~~~~~~~~~~~~~~~~~~~
berkeley/generated/verification/assert/RxD2CEyeWidthSweepRequester_Verification_Assert.sv:33:13: warning: 'RxD2CEyeWidthSweepRequester' is an upward hierarchical name reference [-Wupward-name]
          & RxD2CEyeWidthSweepRequester.currentState_0 != 3'h1
            ^~~~~~~~~~~~~~~~~~~~~~~~~~~
berkeley/generated/verification/assert/RxD2CEyeWidthSweepRequester_Verification_Assert.sv:34:13: warning: 'RxD2CEyeWidthSweepRequester' is an upward hierarchical name reference [-Wupward-name]
          & RxD2CEyeWidthSweepRequester._layer_probe_1
            ^~~~~~~~~~~~~~~~~~~~~~~~~~~
berkeley/generated/verification/assert/RxD2CEyeWidthSweepRequester_Verification_Assert.sv:35:14: warning: 'RxD2CEyeWidthSweepRequester' is an upward hierarchical name reference [-Wupward-name]
          & ~RxD2CEyeWidthSweepRequester.reset
             ^~~~~~~~~~~~~~~~~~~~~~~~~~~
berkeley/generated/verification/assert/RxD2CEyeWidthSweepRequester_Verification_Assert.sv:36:13: warning: 'RxD2CEyeWidthSweepRequester' is an upward hierarchical name reference [-Wupward-name]
          & RxD2CEyeWidthSweepRequester.io_patternReaderIo_req_ready_1) begin
            ^~~~~~~~~~~~~~~~~~~~~~~~~~~
berkeley/generated/verification/assert/RxD2CEyeWidthSweepResponder_Verification_Assert.sv:22:22: warning: 'RxD2CEyeWidthSweepResponder' is an upward hierarchical name reference [-Wupward-name]
    always @(posedge RxD2CEyeWidthSweepResponder.clock) begin
                     ^~~~~~~~~~~~~~~~~~~~~~~~~~~
berkeley/generated/verification/assert/RxD2CEyeWidthSweepResponder_Verification_Assert.sv:23:12: warning: 'RxD2CEyeWidthSweepResponder' is an upward hierarchical name reference [-Wupward-name]
      if (~RxD2CEyeWidthSweepResponder.reset
           ^~~~~~~~~~~~~~~~~~~~~~~~~~~
berkeley/generated/verification/assert/RxD2CEyeWidthSweepResponder_Verification_Assert.sv:24:16: warning: 'RxD2CEyeWidthSweepResponder' is an upward hierarchical name reference [-Wupward-name]
          & ~(~RxD2CEyeWidthSweepResponder.io_start_1
               ^~~~~~~~~~~~~~~~~~~~~~~~~~~
berkeley/generated/verification/assert/RxD2CEyeWidthSweepResponder_Verification_Assert.sv:25:17: warning: 'RxD2CEyeWidthSweepResponder' is an upward hierarchical name reference [-Wupward-name]
              | RxD2CEyeWidthSweepResponder.io_patternType_1 == 2'h1
                ^~~~~~~~~~~~~~~~~~~~~~~~~~~
berkeley/generated/verification/assert/RxD2CEyeWidthSweepResponder_Verification_Assert.sv:26:19: warning: 'RxD2CEyeWidthSweepResponder' is an upward hierarchical name reference [-Wupward-name]
              | (&RxD2CEyeWidthSweepResponder.io_patternType_1))) begin
                  ^~~~~~~~~~~~~~~~~~~~~~~~~~~
berkeley/generated/verification/assert/RxD2CPointTestRequester_Verification_Assert.sv:22:22: warning: 'RxD2CPointTestRequester' is an upward hierarchical name reference [-Wupward-name]
    always @(posedge RxD2CPointTestRequester.clock) begin
                     ^~~~~~~~~~~~~~~~~~~~~~~
berkeley/generated/verification/assert/RxD2CPointTestRequester_Verification_Assert.sv:23:11: warning: 'RxD2CPointTestRequester' is an upward hierarchical name reference [-Wupward-name]
      if (RxD2CPointTestRequester._layer_probe
          ^~~~~~~~~~~~~~~~~~~~~~~
berkeley/generated/verification/assert/RxD2CPointTestRequester_Verification_Assert.sv:24:13: warning: 'RxD2CPointTestRequester' is an upward hierarchical name reference [-Wupward-name]
          & RxD2CPointTestRequester.currentState_0 != 2'h1
            ^~~~~~~~~~~~~~~~~~~~~~~
berkeley/generated/verification/assert/RxD2CPointTestRequester_Verification_Assert.sv:25:13: warning: 'RxD2CPointTestRequester' is an upward hierarchical name reference [-Wupward-name]
          & RxD2CPointTestRequester._layer_probe_0 & ~RxD2CPointTestRequester.reset
            ^~~~~~~~~~~~~~~~~~~~~~~
berkeley/generated/verification/assert/RxD2CPointTestRequester_Verification_Assert.sv:25:55: warning: 'RxD2CPointTestRequester' is an upward hierarchical name reference [-Wupward-name]
          & RxD2CPointTestRequester._layer_probe_0 & ~RxD2CPointTestRequester.reset
                                                      ^~~~~~~~~~~~~~~~~~~~~~~
berkeley/generated/verification/assert/RxD2CPointTestRequester_Verification_Assert.sv:26:13: warning: 'RxD2CPointTestRequester' is an upward hierarchical name reference [-Wupward-name]
          & RxD2CPointTestRequester.io_patternReaderIo_req_ready_1) begin
            ^~~~~~~~~~~~~~~~~~~~~~~
berkeley/generated/verification/assert/RxD2CPointTestResponder_Verification_Assert.sv:22:22: warning: 'RxD2CPointTestResponder' is an upward hierarchical name reference [-Wupward-name]
    always @(posedge RxD2CPointTestResponder.clock) begin
                     ^~~~~~~~~~~~~~~~~~~~~~~
berkeley/generated/verification/assert/RxD2CPointTestResponder_Verification_Assert.sv:23:12: warning: 'RxD2CPointTestResponder' is an upward hierarchical name reference [-Wupward-name]
      if (~RxD2CPointTestResponder.reset
           ^~~~~~~~~~~~~~~~~~~~~~~
berkeley/generated/verification/assert/RxD2CPointTestResponder_Verification_Assert.sv:24:16: warning: 'RxD2CPointTestResponder' is an upward hierarchical name reference [-Wupward-name]
          & ~(~RxD2CPointTestResponder.io_start_1
               ^~~~~~~~~~~~~~~~~~~~~~~
berkeley/generated/verification/assert/RxD2CPointTestResponder_Verification_Assert.sv:25:17: warning: 'RxD2CPointTestResponder' is an upward hierarchical name reference [-Wupward-name]
              | RxD2CPointTestResponder.io_patternType_1 == 2'h1
                ^~~~~~~~~~~~~~~~~~~~~~~
berkeley/generated/verification/assert/RxD2CPointTestResponder_Verification_Assert.sv:26:19: warning: 'RxD2CPointTestResponder' is an upward hierarchical name reference [-Wupward-name]
              | (&RxD2CPointTestResponder.io_patternType_1))) begin
                  ^~~~~~~~~~~~~~~~~~~~~~~
  in instance: UcieSerialBringUp_tb.berkeley_die.phy.logPhySidebandChannel.rdiIntfNode.deserializer.verification_assert
berkeley/generated/verification/assert/SidebandInterfaceDeserializer_Verification_Assert.sv:6:20: warning: 'SidebandInterfaceDeserializer' is an upward hierarchical name reference [-Wupward-name]
  always @(posedge SidebandInterfaceDeserializer.clock) begin
                   ^~~~~~~~~~~~~~~~~~~~~~~~~~~~~
  in instance: UcieSerialBringUp_tb.berkeley_die.phy.logPhySidebandChannel.rdiIntfNode.deserializer.verification_assert
berkeley/generated/verification/assert/SidebandInterfaceDeserializer_Verification_Assert.sv:7:9: warning: 'SidebandInterfaceDeserializer' is an upward hierarchical name reference [-Wupward-name]
    if (SidebandInterfaceDeserializer.reset)
        ^~~~~~~~~~~~~~~~~~~~~~~~~~~~~
  in instance: UcieSerialBringUp_tb.berkeley_die.phy.logPhySidebandChannel.rdiIntfNode.deserializer.verification_assert
berkeley/generated/verification/assert/SidebandInterfaceDeserializer_Verification_Assert.sv:11:32: warning: 'SidebandInterfaceDeserializer' is an upward hierarchical name reference [-Wupward-name]
    hasBeenResetReg === 1'h1 & SidebandInterfaceDeserializer.reset === 1'h0;
                               ^~~~~~~~~~~~~~~~~~~~~~~~~~~~~
  in instance: UcieSerialBringUp_tb.berkeley_die.phy.logPhySidebandChannel.rdiIntfNode.deserializer.verification_assert
berkeley/generated/verification/assert/SidebandInterfaceDeserializer_Verification_Assert.sv:14:32: warning: 'SidebandInterfaceDeserializer' is an upward hierarchical name reference [-Wupward-name]
    assert property (@(posedge SidebandInterfaceDeserializer.clock) disable iff (x4)
                               ^~~~~~~~~~~~~~~~~~~~~~~~~~~~~
  in instance: UcieSerialBringUp_tb.berkeley_die.phy.logPhySidebandChannel.rdiIntfNode.deserializer.verification_assert
berkeley/generated/verification/assert/SidebandInterfaceDeserializer_Verification_Assert.sv:15:24: warning: 'SidebandInterfaceDeserializer' is an upward hierarchical name reference [-Wupward-name]
                       SidebandInterfaceDeserializer.io_out_valid_2
                       ^~~~~~~~~~~~~~~~~~~~~~~~~~~~~
  in instance: UcieSerialBringUp_tb.berkeley_die.phy.logPhySidebandChannel.rdiIntfNode.deserializer.verification_assert
berkeley/generated/verification/assert/SidebandInterfaceDeserializer_Verification_Assert.sv:16:29: warning: 'SidebandInterfaceDeserializer' is an upward hierarchical name reference [-Wupward-name]
                       |=> ~SidebandInterfaceDeserializer.io_out_valid_2);
                            ^~~~~~~~~~~~~~~~~~~~~~~~~~~~~
  in instance: UcieSerialBringUp_tb.berkeley_die.phy.logPhySidebandChannel.rdiIntfNode.verification_assert
berkeley/generated/verification/assert/SidebandInterfaceNode_Verification_Assert.sv:6:20: warning: 'SidebandInterfaceNode' is an upward hierarchical name reference [-Wupward-name]
  always @(posedge SidebandInterfaceNode.clock) begin
                   ^~~~~~~~~~~~~~~~~~~~~
  in instance: UcieSerialBringUp_tb.berkeley_die.phy.logPhySidebandChannel.rdiIntfNode.verification_assert
berkeley/generated/verification/assert/SidebandInterfaceNode_Verification_Assert.sv:7:9: warning: 'SidebandInterfaceNode' is an upward hierarchical name reference [-Wupward-name]
    if (SidebandInterfaceNode.reset)
        ^~~~~~~~~~~~~~~~~~~~~
  in instance: UcieSerialBringUp_tb.berkeley_die.phy.logPhySidebandChannel.rdiIntfNode.verification_assert
berkeley/generated/verification/assert/SidebandInterfaceNode_Verification_Assert.sv:10:50: warning: 'SidebandInterfaceNode' is an upward hierarchical name reference [-Wupward-name]
  wire hasBeenReset = hasBeenResetReg === 1'h1 & SidebandInterfaceNode.reset === 1'h0;
                                                 ^~~~~~~~~~~~~~~~~~~~~
  in instance: UcieSerialBringUp_tb.berkeley_die.phy.logPhySidebandChannel.rdiIntfNode.verification_assert
berkeley/generated/verification/assert/SidebandInterfaceNode_Verification_Assert.sv:17:32: warning: 'SidebandInterfaceNode' is an upward hierarchical name reference [-Wupward-name]
    assert property (@(posedge SidebandInterfaceNode.clock) disable iff (x4)
                               ^~~~~~~~~~~~~~~~~~~~~
  in instance: UcieSerialBringUp_tb.berkeley_die.phy.logPhySidebandChannel.rdiIntfNode.verification_assert
berkeley/generated/verification/assert/SidebandInterfaceNode_Verification_Assert.sv:18:24: warning: 'SidebandInterfaceNode' is an upward hierarchical name reference [-Wupward-name]
                       SidebandInterfaceNode.consumeCredit_1
                       ^~~~~~~~~~~~~~~~~~~~~
  in instance: UcieSerialBringUp_tb.berkeley_die.phy.logPhySidebandChannel.rdiIntfNode.verification_assert
berkeley/generated/verification/assert/SidebandInterfaceNode_Verification_Assert.sv:19:28: warning: 'SidebandInterfaceNode' is an upward hierarchical name reference [-Wupward-name]
                       |-> SidebandInterfaceNode._layer_probe);
                           ^~~~~~~~~~~~~~~~~~~~~
  in instance: UcieSerialBringUp_tb.berkeley_die.phy.logPhySidebandChannel.rdiIntfNode.verification_assert
berkeley/generated/verification/assert/SidebandInterfaceNode_Verification_Assert.sv:22:32: warning: 'SidebandInterfaceNode' is an upward hierarchical name reference [-Wupward-name]
    assert property (@(posedge SidebandInterfaceNode.clock) disable iff (x8)
                               ^~~~~~~~~~~~~~~~~~~~~
  in instance: UcieSerialBringUp_tb.berkeley_die.phy.logPhySidebandChannel.rdiIntfNode.verification_assert
berkeley/generated/verification/assert/SidebandInterfaceNode_Verification_Assert.sv:23:24: warning: 'SidebandInterfaceNode' is an upward hierarchical name reference [-Wupward-name]
                       SidebandInterfaceNode.txCreditCounter_0 < 6'h21);
                       ^~~~~~~~~~~~~~~~~~~~~
  in instance: UcieSerialBringUp_tb.berkeley_die.phy.logPhySidebandChannel.rdiIntfNode.serializer.verification_assert
berkeley/generated/verification/assert/SidebandInterfaceSerializer_Verification_Assert.sv:14:32: warning: 'SidebandInterfaceSerializer' is an upward hierarchical name reference [-Wupward-name]
    hasBeenResetReg === 1'h1 & SidebandInterfaceSerializer.reset === 1'h0;
                               ^~~~~~~~~~~~~~~~~~~~~~~~~~~
  in instance: UcieSerialBringUp_tb.berkeley_die.phy.logPhySidebandChannel.rdiIntfNode.serializer.verification_assert
berkeley/generated/verification/assert/SidebandInterfaceSerializer_Verification_Assert.sv:17:32: warning: 'SidebandInterfaceSerializer' is an upward hierarchical name reference [-Wupward-name]
    assert property (@(posedge SidebandInterfaceSerializer.clock) disable iff (x4)
                               ^~~~~~~~~~~~~~~~~~~~~~~~~~~
  in instance: UcieSerialBringUp_tb.berkeley_die.phy.logPhySidebandChannel.rdiIntfNode.serializer.verification_assert
berkeley/generated/verification/assert/SidebandInterfaceSerializer_Verification_Assert.sv:19:28: warning: 'SidebandInterfaceSerializer' is an upward hierarchical name reference [-Wupward-name]
                       |-> SidebandInterfaceSerializer.io_out_valid_2);
                           ^~~~~~~~~~~~~~~~~~~~~~~~~~~
  in instance: UcieSerialBringUp_tb.berkeley_die.phy.logPhySidebandChannel.rdiIntfNode.serializer.verification_assert
berkeley/generated/verification/assert/SidebandInterfaceSerializer_Verification_Assert.sv:20:20: warning: 'SidebandInterfaceSerializer' is an upward hierarchical name reference [-Wupward-name]
  always @(posedge SidebandInterfaceSerializer.clock) begin
                   ^~~~~~~~~~~~~~~~~~~~~~~~~~~
  in instance: UcieSerialBringUp_tb.berkeley_die.phy.logPhySidebandChannel.rdiIntfNode.serializer.verification_assert
berkeley/generated/verification/assert/SidebandInterfaceSerializer_Verification_Assert.sv:21:9: warning: 'SidebandInterfaceSerializer' is an upward hierarchical name reference [-Wupward-name]
    if (SidebandInterfaceSerializer.reset) begin
        ^~~~~~~~~~~~~~~~~~~~~~~~~~~
  in instance: UcieSerialBringUp_tb.berkeley_die.phy.logPhySidebandChannel.rdiIntfNode.serializer.verification_assert
berkeley/generated/verification/assert/SidebandInterfaceSerializer_Verification_Assert.sv:30:9: warning: 'SidebandInterfaceSerializer' is an upward hierarchical name reference [-Wupward-name]
        SidebandInterfaceSerializer.io_in_ready_2
        ^~~~~~~~~~~~~~~~~~~~~~~~~~~
  in instance: UcieSerialBringUp_tb.berkeley_die.phy.logPhySidebandChannel.rdiIntfNode.serializer.verification_assert
berkeley/generated/verification/assert/SidebandInterfaceSerializer_Verification_Assert.sv:31:11: warning: 'SidebandInterfaceSerializer' is an upward hierarchical name reference [-Wupward-name]
        & SidebandInterfaceSerializer.io_in_valid_2;
          ^~~~~~~~~~~~~~~~~~~~~~~~~~~
berkeley/generated/verification/assert/SidebandLinkDeserializer_Verification_Assert.sv:9:32: warning: 'SidebandLinkDeserializer' is an upward hierarchical name reference [-Wupward-name]
    hasBeenResetReg === 1'h1 & SidebandLinkDeserializer.reset === 1'h0;
                               ^~~~~~~~~~~~~~~~~~~~~~~~
berkeley/generated/verification/assert/SidebandLinkDeserializer_Verification_Assert.sv:16:32: warning: 'SidebandLinkDeserializer' is an upward hierarchical name reference [-Wupward-name]
    assert property (@(posedge SidebandLinkDeserializer.clock) disable iff (x4)
                               ^~~~~~~~~~~~~~~~~~~~~~~~
berkeley/generated/verification/assert/SidebandLinkDeserializer_Verification_Assert.sv:18:28: warning: 'SidebandLinkDeserializer' is an upward hierarchical name reference [-Wupward-name]
                       |-> SidebandLinkDeserializer.io_out_valid_2
                           ^~~~~~~~~~~~~~~~~~~~~~~~
berkeley/generated/verification/assert/SidebandLinkDeserializer_Verification_Assert.sv:19:30: warning: 'SidebandLinkDeserializer' is an upward hierarchical name reference [-Wupward-name]
                           & SidebandLinkDeserializer.io_out_bits_1 == previousOutBits);
                             ^~~~~~~~~~~~~~~~~~~~~~~~
berkeley/generated/verification/assert/SidebandLinkDeserializer_Verification_Assert.sv:22:32: warning: 'SidebandLinkDeserializer' is an upward hierarchical name reference [-Wupward-name]
    assert property (@(posedge SidebandLinkDeserializer.clock) disable iff (x8)
                               ^~~~~~~~~~~~~~~~~~~~~~~~
berkeley/generated/verification/assert/SidebandLinkDeserializer_Verification_Assert.sv:23:24: warning: 'SidebandLinkDeserializer' is an upward hierarchical name reference [-Wupward-name]
                       SidebandLinkDeserializer.rxQueue_io_enq_valid
                       ^~~~~~~~~~~~~~~~~~~~~~~~
berkeley/generated/verification/assert/SidebandLinkDeserializer_Verification_Assert.sv:24:28: warning: 'SidebandLinkDeserializer' is an upward hierarchical name reference [-Wupward-name]
                       |-> SidebandLinkDeserializer.rxQueue_io_enq_ready);
                           ^~~~~~~~~~~~~~~~~~~~~~~~
berkeley/generated/verification/assert/SidebandLinkDeserializer_Verification_Assert.sv:25:20: warning: 'SidebandLinkDeserializer' is an upward hierarchical name reference [-Wupward-name]
  always @(posedge SidebandLinkDeserializer.clock) begin
                   ^~~~~~~~~~~~~~~~~~~~~~~~
berkeley/generated/verification/assert/SidebandLinkDeserializer_Verification_Assert.sv:26:9: warning: 'SidebandLinkDeserializer' is an upward hierarchical name reference [-Wupward-name]
    if (SidebandLinkDeserializer.reset) begin
        ^~~~~~~~~~~~~~~~~~~~~~~~
berkeley/generated/verification/assert/SidebandLinkDeserializer_Verification_Assert.sv:32:9: warning: 'SidebandLinkDeserializer' is an upward hierarchical name reference [-Wupward-name]
        SidebandLinkDeserializer.io_out_valid_2
        ^~~~~~~~~~~~~~~~~~~~~~~~
berkeley/generated/verification/assert/SidebandLinkDeserializer_Verification_Assert.sv:33:12: warning: 'SidebandLinkDeserializer' is an upward hierarchical name reference [-Wupward-name]
        & ~SidebandLinkDeserializer.io_out_ready_2;
           ^~~~~~~~~~~~~~~~~~~~~~~~
berkeley/generated/verification/assert/SidebandLinkDeserializer_Verification_Assert.sv:34:24: warning: 'SidebandLinkDeserializer' is an upward hierarchical name reference [-Wupward-name]
    previousOutBits <= SidebandLinkDeserializer.io_out_bits_1;
                       ^~~~~~~~~~~~~~~~~~~~~~~~
berkeley/generated/verification/assert/SidebandLinkNode_Verification_Assert.sv:6:20: warning: 'SidebandLinkNode' is an upward hierarchical name reference [-Wupward-name]
  always @(posedge SidebandLinkNode.clock) begin
                   ^~~~~~~~~~~~~~~~
berkeley/generated/verification/assert/SidebandLinkNode_Verification_Assert.sv:7:9: warning: 'SidebandLinkNode' is an upward hierarchical name reference [-Wupward-name]
    if (SidebandLinkNode.reset)
        ^~~~~~~~~~~~~~~~
berkeley/generated/verification/assert/SidebandLinkNode_Verification_Assert.sv:10:55: warning: 'SidebandLinkNode' is an upward hierarchical name reference [-Wupward-name]
  wire x4_has_been_reset = hasBeenResetReg === 1'h1 & SidebandLinkNode.reset === 1'h0;
                                                      ^~~~~~~~~~~~~~~~
berkeley/generated/verification/assert/SidebandLinkNode_Verification_Assert.sv:13:32: warning: 'SidebandLinkNode' is an upward hierarchical name reference [-Wupward-name]
    assert property (@(posedge SidebandLinkNode.clock) disable iff (x4)
                               ^~~~~~~~~~~~~~~~
berkeley/generated/verification/assert/SidebandLinkNode_Verification_Assert.sv:14:24: warning: 'SidebandLinkNode' is an upward hierarchical name reference [-Wupward-name]
                       SidebandLinkNode.io_err_sbParityErr_1
                       ^~~~~~~~~~~~~~~~
berkeley/generated/verification/assert/SidebandLinkNode_Verification_Assert.sv:15:28: warning: 'SidebandLinkNode' is an upward hierarchical name reference [-Wupward-name]
                       |=> SidebandLinkNode.io_err_sbParityErr_1);
                           ^~~~~~~~~~~~~~~~
berkeley/generated/verification/assert/SidebandLinkSerializer_Verification_Assert.sv:22:17: warning: 'SidebandLinkSerializer' is an upward hierarchical name reference [-Wupward-name]
    wire _GEN = SidebandLinkSerializer._layer_probe & ~SidebandLinkSerializer.reset;
                ^~~~~~~~~~~~~~~~~~~~~~
berkeley/generated/verification/assert/SidebandLinkSerializer_Verification_Assert.sv:22:56: warning: 'SidebandLinkSerializer' is an upward hierarchical name reference [-Wupward-name]
    wire _GEN = SidebandLinkSerializer._layer_probe & ~SidebandLinkSerializer.reset;
                                                       ^~~~~~~~~~~~~~~~~~~~~~
berkeley/generated/verification/assert/SidebandLinkSerializer_Verification_Assert.sv:23:22: warning: 'SidebandLinkSerializer' is an upward hierarchical name reference [-Wupward-name]
    always @(posedge SidebandLinkSerializer.clock) begin
                     ^~~~~~~~~~~~~~~~~~~~~~
berkeley/generated/verification/assert/SidebandLinkSerializer_Verification_Assert.sv:24:20: warning: 'SidebandLinkSerializer' is an upward hierarchical name reference [-Wupward-name]
      if (_GEN & (|SidebandLinkSerializer.outBitsCount_0)) begin
                   ^~~~~~~~~~~~~~~~~~~~~~
berkeley/generated/verification/assert/SidebandLinkSerializer_Verification_Assert.sv:30:20: warning: 'SidebandLinkSerializer' is an upward hierarchical name reference [-Wupward-name]
      if (_GEN & (|SidebandLinkSerializer.waitBitsCount_0)) begin
                   ^~~~~~~~~~~~~~~~~~~~~~
berkeley/generated/verification/assert/SidebandLinkSerializer_Verification_Assert.sv:41:20: warning: 'SidebandLinkSerializer' is an upward hierarchical name reference [-Wupward-name]
  always @(posedge SidebandLinkSerializer.clock) begin
                   ^~~~~~~~~~~~~~~~~~~~~~
berkeley/generated/verification/assert/SidebandLinkSerializer_Verification_Assert.sv:42:9: warning: 'SidebandLinkSerializer' is an upward hierarchical name reference [-Wupward-name]
    if (SidebandLinkSerializer.reset)
        ^~~~~~~~~~~~~~~~~~~~~~
berkeley/generated/verification/assert/SidebandLinkSerializer_Verification_Assert.sv:46:32: warning: 'SidebandLinkSerializer' is an upward hierarchical name reference [-Wupward-name]
    hasBeenResetReg === 1'h1 & SidebandLinkSerializer.reset === 1'h0;
                               ^~~~~~~~~~~~~~~~~~~~~~
berkeley/generated/verification/assert/SidebandLinkSerializer_Verification_Assert.sv:49:32: warning: 'SidebandLinkSerializer' is an upward hierarchical name reference [-Wupward-name]
    assert property (@(posedge SidebandLinkSerializer.clock) disable iff (x4)
                               ^~~~~~~~~~~~~~~~~~~~~~
berkeley/generated/verification/assert/SidebandLinkSerializer_Verification_Assert.sv:50:24: warning: 'SidebandLinkSerializer' is an upward hierarchical name reference [-Wupward-name]
                       SidebandLinkSerializer.currentState_1 != 2'h1
                       ^~~~~~~~~~~~~~~~~~~~~~
berkeley/generated/verification/assert/SidebandLinkSerializer_Verification_Assert.sv:51:29: warning: 'SidebandLinkSerializer' is an upward hierarchical name reference [-Wupward-name]
                       |-> ~SidebandLinkSerializer.outClkEn_1
                            ^~~~~~~~~~~~~~~~~~~~~~
berkeley/generated/verification/assert/SidebandLinkSerializer_Verification_Assert.sv:52:31: warning: 'SidebandLinkSerializer' is an upward hierarchical name reference [-Wupward-name]
                           & ~SidebandLinkSerializer.dataBit_0);
                              ^~~~~~~~~~~~~~~~~~~~~~
berkeley/generated/verification/assert/SidebandSwitch_1_Verification_Assert.sv:6:20: warning: 'SidebandSwitch_1' is an upward hierarchical name reference [-Wupward-name]
  always @(posedge SidebandSwitch_1.clock) begin
                   ^~~~~~~~~~~~~~~~
berkeley/generated/verification/assert/SidebandSwitch_1_Verification_Assert.sv:7:9: warning: 'SidebandSwitch_1' is an upward hierarchical name reference [-Wupward-name]
    if (SidebandSwitch_1.reset)
        ^~~~~~~~~~~~~~~~
berkeley/generated/verification/assert/SidebandSwitch_1_Verification_Assert.sv:10:50: warning: 'SidebandSwitch_1' is an upward hierarchical name reference [-Wupward-name]
  wire hasBeenReset = hasBeenResetReg === 1'h1 & SidebandSwitch_1.reset === 1'h0;
                                                 ^~~~~~~~~~~~~~~~
berkeley/generated/verification/assert/SidebandSwitch_1_Verification_Assert.sv:19:32: warning: 'SidebandSwitch_1' is an upward hierarchical name reference [-Wupward-name]
    assert property (@(posedge SidebandSwitch_1.clock) disable iff (x4)
                               ^~~~~~~~~~~~~~~~
berkeley/generated/verification/assert/SidebandSwitch_1_Verification_Assert.sv:20:24: warning: 'SidebandSwitch_1' is an upward hierarchical name reference [-Wupward-name]
                       SidebandSwitch_1.io_currLayer_to_ready_1
                       ^~~~~~~~~~~~~~~~
berkeley/generated/verification/assert/SidebandSwitch_1_Verification_Assert.sv:21:26: warning: 'SidebandSwitch_1' is an upward hierarchical name reference [-Wupward-name]
                       & SidebandSwitch_1.io_currLayer_to_valid_1
                         ^~~~~~~~~~~~~~~~
berkeley/generated/verification/assert/SidebandSwitch_1_Verification_Assert.sv:22:28: warning: 'SidebandSwitch_1' is an upward hierarchical name reference [-Wupward-name]
                       |-> SidebandSwitch_1.io_currLayer_to_bits_1[57:56] == 2'h1);
                           ^~~~~~~~~~~~~~~~
berkeley/generated/verification/assert/SidebandSwitch_1_Verification_Assert.sv:25:32: warning: 'SidebandSwitch_1' is an upward hierarchical name reference [-Wupward-name]
    assert property (@(posedge SidebandSwitch_1.clock) disable iff (x8)
                               ^~~~~~~~~~~~~~~~
berkeley/generated/verification/assert/SidebandSwitch_1_Verification_Assert.sv:26:24: warning: 'SidebandSwitch_1' is an upward hierarchical name reference [-Wupward-name]
                       SidebandSwitch_1.io_upperLayer_to_ready_1
                       ^~~~~~~~~~~~~~~~
berkeley/generated/verification/assert/SidebandSwitch_1_Verification_Assert.sv:27:26: warning: 'SidebandSwitch_1' is an upward hierarchical name reference [-Wupward-name]
                       & SidebandSwitch_1.io_upperLayer_to_valid_1
                         ^~~~~~~~~~~~~~~~
berkeley/generated/verification/assert/SidebandSwitch_1_Verification_Assert.sv:28:28: warning: 'SidebandSwitch_1' is an upward hierarchical name reference [-Wupward-name]
                       |-> SidebandSwitch_1.io_upperLayer_to_bits_1[57:56] == 2'h0);
                           ^~~~~~~~~~~~~~~~
berkeley/generated/verification/assert/SidebandSwitch_1_Verification_Assert.sv:31:32: warning: 'SidebandSwitch_1' is an upward hierarchical name reference [-Wupward-name]
    assert property (@(posedge SidebandSwitch_1.clock) disable iff (x12)
                               ^~~~~~~~~~~~~~~~
berkeley/generated/verification/assert/SidebandSwitch_1_Verification_Assert.sv:32:24: warning: 'SidebandSwitch_1' is an upward hierarchical name reference [-Wupward-name]
                       SidebandSwitch_1.io_lowerLayer_to_ready_1
                       ^~~~~~~~~~~~~~~~
berkeley/generated/verification/assert/SidebandSwitch_1_Verification_Assert.sv:33:26: warning: 'SidebandSwitch_1' is an upward hierarchical name reference [-Wupward-name]
                       & SidebandSwitch_1.io_lowerLayer_to_valid_1
                         ^~~~~~~~~~~~~~~~
berkeley/generated/verification/assert/SidebandSwitch_1_Verification_Assert.sv:34:28: warning: 'SidebandSwitch_1' is an upward hierarchical name reference [-Wupward-name]
                       |-> SidebandSwitch_1.io_lowerLayer_to_bits_1[58]
                           ^~~~~~~~~~~~~~~~
berkeley/generated/verification/assert/SidebandSwitch_1_Verification_Assert.sv:35:30: warning: 'SidebandSwitch_1' is an upward hierarchical name reference [-Wupward-name]
                           | SidebandSwitch_1.io_lowerLayer_to_bits_1[57:56] == 2'h2);
                             ^~~~~~~~~~~~~~~~
berkeley/generated/verification/assert/SidebandSwitch_Verification_Assert.sv:6:20: warning: 'SidebandSwitch' is an upward hierarchical name reference [-Wupward-name]
  always @(posedge SidebandSwitch.clock) begin
                   ^~~~~~~~~~~~~~
berkeley/generated/verification/assert/SidebandSwitch_Verification_Assert.sv:7:9: warning: 'SidebandSwitch' is an upward hierarchical name reference [-Wupward-name]
    if (SidebandSwitch.reset)
        ^~~~~~~~~~~~~~
berkeley/generated/verification/assert/SidebandSwitch_Verification_Assert.sv:10:50: warning: 'SidebandSwitch' is an upward hierarchical name reference [-Wupward-name]
  wire hasBeenReset = hasBeenResetReg === 1'h1 & SidebandSwitch.reset === 1'h0;
                                                 ^~~~~~~~~~~~~~
berkeley/generated/verification/assert/SidebandSwitch_Verification_Assert.sv:19:32: warning: 'SidebandSwitch' is an upward hierarchical name reference [-Wupward-name]
    assert property (@(posedge SidebandSwitch.clock) disable iff (x4)
                               ^~~~~~~~~~~~~~
berkeley/generated/verification/assert/SidebandSwitch_Verification_Assert.sv:20:24: warning: 'SidebandSwitch' is an upward hierarchical name reference [-Wupward-name]
                       SidebandSwitch.io_currLayer_to_ready_1
                       ^~~~~~~~~~~~~~
berkeley/generated/verification/assert/SidebandSwitch_Verification_Assert.sv:21:26: warning: 'SidebandSwitch' is an upward hierarchical name reference [-Wupward-name]
                       & SidebandSwitch.io_currLayer_to_valid_1
                         ^~~~~~~~~~~~~~
berkeley/generated/verification/assert/SidebandSwitch_Verification_Assert.sv:22:28: warning: 'SidebandSwitch' is an upward hierarchical name reference [-Wupward-name]
                       |-> SidebandSwitch.io_currLayer_to_bits_1[57:56] == 2'h2);
                           ^~~~~~~~~~~~~~
berkeley/generated/verification/assert/SidebandSwitch_Verification_Assert.sv:25:32: warning: 'SidebandSwitch' is an upward hierarchical name reference [-Wupward-name]
    assert property (@(posedge SidebandSwitch.clock) disable iff (x8)
                               ^~~~~~~~~~~~~~
berkeley/generated/verification/assert/SidebandSwitch_Verification_Assert.sv:26:24: warning: 'SidebandSwitch' is an upward hierarchical name reference [-Wupward-name]
                       SidebandSwitch.io_upperLayer_to_ready_1
                       ^~~~~~~~~~~~~~
berkeley/generated/verification/assert/SidebandSwitch_Verification_Assert.sv:27:26: warning: 'SidebandSwitch' is an upward hierarchical name reference [-Wupward-name]
                       & SidebandSwitch.io_upperLayer_to_valid_1
                         ^~~~~~~~~~~~~~
berkeley/generated/verification/assert/SidebandSwitch_Verification_Assert.sv:28:28: warning: 'SidebandSwitch' is an upward hierarchical name reference [-Wupward-name]
                       |-> SidebandSwitch.io_upperLayer_to_bits_1[57:56] == 2'h0
                           ^~~~~~~~~~~~~~
berkeley/generated/verification/assert/SidebandSwitch_Verification_Assert.sv:29:30: warning: 'SidebandSwitch' is an upward hierarchical name reference [-Wupward-name]
                           | SidebandSwitch.io_upperLayer_to_bits_1[57:56] == 2'h1);
                             ^~~~~~~~~~~~~~
berkeley/generated/verification/assert/SidebandSwitch_Verification_Assert.sv:32:32: warning: 'SidebandSwitch' is an upward hierarchical name reference [-Wupward-name]
    assert property (@(posedge SidebandSwitch.clock) disable iff (x12)
                               ^~~~~~~~~~~~~~
berkeley/generated/verification/assert/SidebandSwitch_Verification_Assert.sv:33:24: warning: 'SidebandSwitch' is an upward hierarchical name reference [-Wupward-name]
                       SidebandSwitch.io_lowerLayer_to_ready_1
                       ^~~~~~~~~~~~~~
berkeley/generated/verification/assert/SidebandSwitch_Verification_Assert.sv:34:26: warning: 'SidebandSwitch' is an upward hierarchical name reference [-Wupward-name]
                       & SidebandSwitch.io_lowerLayer_to_valid_1
                         ^~~~~~~~~~~~~~
berkeley/generated/verification/assert/SidebandSwitch_Verification_Assert.sv:35:28: warning: 'SidebandSwitch' is an upward hierarchical name reference [-Wupward-name]
                       |-> SidebandSwitch.io_lowerLayer_to_bits_1[58]);
                           ^~~~~~~~~~~~~~
berkeley/generated/verification/assert/TxD2CEyeWidthSweepResponder_Verification_Assert.sv:23:7: warning: 'TxD2CEyeWidthSweepResponder' is an upward hierarchical name reference [-Wupward-name]
      TxD2CEyeWidthSweepResponder._layer_probe
      ^~~~~~~~~~~~~~~~~~~~~~~~~~~
berkeley/generated/verification/assert/TxD2CEyeWidthSweepResponder_Verification_Assert.sv:24:9: warning: 'TxD2CEyeWidthSweepResponder' is an upward hierarchical name reference [-Wupward-name]
      & TxD2CEyeWidthSweepResponder.currentState_0 != 3'h1;
        ^~~~~~~~~~~~~~~~~~~~~~~~~~~
berkeley/generated/verification/assert/TxD2CEyeWidthSweepResponder_Verification_Assert.sv:25:22: warning: 'TxD2CEyeWidthSweepResponder' is an upward hierarchical name reference [-Wupward-name]
    always @(posedge TxD2CEyeWidthSweepResponder.clock) begin
                     ^~~~~~~~~~~~~~~~~~~~~~~~~~~
berkeley/generated/verification/assert/TxD2CEyeWidthSweepResponder_Verification_Assert.sv:26:12: warning: 'TxD2CEyeWidthSweepResponder' is an upward hierarchical name reference [-Wupward-name]
      if (~TxD2CEyeWidthSweepResponder.reset
           ^~~~~~~~~~~~~~~~~~~~~~~~~~~
berkeley/generated/verification/assert/TxD2CEyeWidthSweepResponder_Verification_Assert.sv:27:16: warning: 'TxD2CEyeWidthSweepResponder' is an upward hierarchical name reference [-Wupward-name]
          & ~(~TxD2CEyeWidthSweepResponder.io_start_1
               ^~~~~~~~~~~~~~~~~~~~~~~~~~~
berkeley/generated/verification/assert/TxD2CEyeWidthSweepResponder_Verification_Assert.sv:28:17: warning: 'TxD2CEyeWidthSweepResponder' is an upward hierarchical name reference [-Wupward-name]
              | TxD2CEyeWidthSweepResponder.io_patternType_1 == 2'h1
                ^~~~~~~~~~~~~~~~~~~~~~~~~~~
berkeley/generated/verification/assert/TxD2CEyeWidthSweepResponder_Verification_Assert.sv:29:19: warning: 'TxD2CEyeWidthSweepResponder' is an upward hierarchical name reference [-Wupward-name]
              | (&TxD2CEyeWidthSweepResponder.io_patternType_1))) begin
                  ^~~~~~~~~~~~~~~~~~~~~~~~~~~
berkeley/generated/verification/assert/TxD2CEyeWidthSweepResponder_Verification_Assert.sv:35:11: warning: 'TxD2CEyeWidthSweepResponder' is an upward hierarchical name reference [-Wupward-name]
      if (TxD2CEyeWidthSweepResponder._layer_probe
          ^~~~~~~~~~~~~~~~~~~~~~~~~~~
berkeley/generated/verification/assert/TxD2CEyeWidthSweepResponder_Verification_Assert.sv:36:13: warning: 'TxD2CEyeWidthSweepResponder' is an upward hierarchical name reference [-Wupward-name]
          & TxD2CEyeWidthSweepResponder._layer_probe_0
            ^~~~~~~~~~~~~~~~~~~~~~~~~~~
berkeley/generated/verification/assert/TxD2CEyeWidthSweepResponder_Verification_Assert.sv:37:14: warning: 'TxD2CEyeWidthSweepResponder' is an upward hierarchical name reference [-Wupward-name]
          & ~TxD2CEyeWidthSweepResponder.reset
             ^~~~~~~~~~~~~~~~~~~~~~~~~~~
berkeley/generated/verification/assert/TxD2CEyeWidthSweepResponder_Verification_Assert.sv:38:14: warning: 'TxD2CEyeWidthSweepResponder' is an upward hierarchical name reference [-Wupward-name]
          & ~TxD2CEyeWidthSweepResponder.io_patternReaderIo_req_ready_1) begin
             ^~~~~~~~~~~~~~~~~~~~~~~~~~~
berkeley/generated/verification/assert/TxD2CEyeWidthSweepResponder_Verification_Assert.sv:44:18: warning: 'TxD2CEyeWidthSweepResponder' is an upward hierarchical name reference [-Wupward-name]
      if (_GEN & TxD2CEyeWidthSweepResponder._layer_probe_1
                 ^~~~~~~~~~~~~~~~~~~~~~~~~~~
berkeley/generated/verification/assert/TxD2CEyeWidthSweepResponder_Verification_Assert.sv:45:14: warning: 'TxD2CEyeWidthSweepResponder' is an upward hierarchical name reference [-Wupward-name]
          & ~TxD2CEyeWidthSweepResponder.reset
             ^~~~~~~~~~~~~~~~~~~~~~~~~~~
berkeley/generated/verification/assert/TxD2CEyeWidthSweepResponder_Verification_Assert.sv:46:13: warning: 'TxD2CEyeWidthSweepResponder' is an upward hierarchical name reference [-Wupward-name]
          & TxD2CEyeWidthSweepResponder.io_patternReaderIo_req_ready_1) begin
            ^~~~~~~~~~~~~~~~~~~~~~~~~~~
berkeley/generated/verification/assert/TxD2CEyeWidthSweepResponder_Verification_Assert.sv:52:18: warning: 'TxD2CEyeWidthSweepResponder' is an upward hierarchical name reference [-Wupward-name]
      if (_GEN & TxD2CEyeWidthSweepResponder.currentState_0 != 3'h2
                 ^~~~~~~~~~~~~~~~~~~~~~~~~~~
berkeley/generated/verification/assert/TxD2CEyeWidthSweepResponder_Verification_Assert.sv:53:13: warning: 'TxD2CEyeWidthSweepResponder' is an upward hierarchical name reference [-Wupward-name]
          & TxD2CEyeWidthSweepResponder.currentState_0 != 3'h3
            ^~~~~~~~~~~~~~~~~~~~~~~~~~~
berkeley/generated/verification/assert/TxD2CEyeWidthSweepResponder_Verification_Assert.sv:54:13: warning: 'TxD2CEyeWidthSweepResponder' is an upward hierarchical name reference [-Wupward-name]
          & TxD2CEyeWidthSweepResponder._layer_probe_2
            ^~~~~~~~~~~~~~~~~~~~~~~~~~~
berkeley/generated/verification/assert/TxD2CEyeWidthSweepResponder_Verification_Assert.sv:55:14: warning: 'TxD2CEyeWidthSweepResponder' is an upward hierarchical name reference [-Wupward-name]
          & ~TxD2CEyeWidthSweepResponder.reset
             ^~~~~~~~~~~~~~~~~~~~~~~~~~~
berkeley/generated/verification/assert/TxD2CEyeWidthSweepResponder_Verification_Assert.sv:56:14: warning: 'TxD2CEyeWidthSweepResponder' is an upward hierarchical name reference [-Wupward-name]
          & ~TxD2CEyeWidthSweepResponder.io_patternReaderIo_req_ready_1) begin
             ^~~~~~~~~~~~~~~~~~~~~~~~~~~
berkeley/generated/verification/assert/TxD2CPointTestRequester_Verification_Assert.sv:22:22: warning: 'TxD2CPointTestRequester' is an upward hierarchical name reference [-Wupward-name]
    always @(posedge TxD2CPointTestRequester.clock) begin
                     ^~~~~~~~~~~~~~~~~~~~~~~
berkeley/generated/verification/assert/TxD2CPointTestRequester_Verification_Assert.sv:23:12: warning: 'TxD2CPointTestRequester' is an upward hierarchical name reference [-Wupward-name]
      if (~TxD2CPointTestRequester.reset
           ^~~~~~~~~~~~~~~~~~~~~~~
berkeley/generated/verification/assert/TxD2CPointTestRequester_Verification_Assert.sv:24:16: warning: 'TxD2CPointTestRequester' is an upward hierarchical name reference [-Wupward-name]
          & ~(~TxD2CPointTestRequester.io_start_1
               ^~~~~~~~~~~~~~~~~~~~~~~
berkeley/generated/verification/assert/TxD2CPointTestRequester_Verification_Assert.sv:25:17: warning: 'TxD2CPointTestRequester' is an upward hierarchical name reference [-Wupward-name]
              | TxD2CPointTestRequester.io_patternType_1 == 2'h1
                ^~~~~~~~~~~~~~~~~~~~~~~
berkeley/generated/verification/assert/TxD2CPointTestRequester_Verification_Assert.sv:26:19: warning: 'TxD2CPointTestRequester' is an upward hierarchical name reference [-Wupward-name]
              | (&TxD2CPointTestRequester.io_patternType_1))) begin
                  ^~~~~~~~~~~~~~~~~~~~~~~
berkeley/generated/verification/assert/TxD2CPointTestResponder_Verification_Assert.sv:23:7: warning: 'TxD2CPointTestResponder' is an upward hierarchical name reference [-Wupward-name]
      TxD2CPointTestResponder._layer_probe
      ^~~~~~~~~~~~~~~~~~~~~~~
berkeley/generated/verification/assert/TxD2CPointTestResponder_Verification_Assert.sv:24:9: warning: 'TxD2CPointTestResponder' is an upward hierarchical name reference [-Wupward-name]
      & TxD2CPointTestResponder.currentState_0 != 2'h1;
        ^~~~~~~~~~~~~~~~~~~~~~~
berkeley/generated/verification/assert/TxD2CPointTestResponder_Verification_Assert.sv:25:22: warning: 'TxD2CPointTestResponder' is an upward hierarchical name reference [-Wupward-name]
    always @(posedge TxD2CPointTestResponder.clock) begin
                     ^~~~~~~~~~~~~~~~~~~~~~~
berkeley/generated/verification/assert/TxD2CPointTestResponder_Verification_Assert.sv:26:12: warning: 'TxD2CPointTestResponder' is an upward hierarchical name reference [-Wupward-name]
      if (~TxD2CPointTestResponder.reset
           ^~~~~~~~~~~~~~~~~~~~~~~
berkeley/generated/verification/assert/TxD2CPointTestResponder_Verification_Assert.sv:27:16: warning: 'TxD2CPointTestResponder' is an upward hierarchical name reference [-Wupward-name]
          & ~(~TxD2CPointTestResponder.io_start_1
               ^~~~~~~~~~~~~~~~~~~~~~~
berkeley/generated/verification/assert/TxD2CPointTestResponder_Verification_Assert.sv:28:17: warning: 'TxD2CPointTestResponder' is an upward hierarchical name reference [-Wupward-name]
              | TxD2CPointTestResponder.io_patternType_1 == 2'h1
                ^~~~~~~~~~~~~~~~~~~~~~~
berkeley/generated/verification/assert/TxD2CPointTestResponder_Verification_Assert.sv:29:19: warning: 'TxD2CPointTestResponder' is an upward hierarchical name reference [-Wupward-name]
              | (&TxD2CPointTestResponder.io_patternType_1))) begin
                  ^~~~~~~~~~~~~~~~~~~~~~~
berkeley/generated/verification/assert/TxD2CPointTestResponder_Verification_Assert.sv:35:11: warning: 'TxD2CPointTestResponder' is an upward hierarchical name reference [-Wupward-name]
      if (TxD2CPointTestResponder._layer_probe & TxD2CPointTestResponder._layer_probe_0
          ^~~~~~~~~~~~~~~~~~~~~~~
berkeley/generated/verification/assert/TxD2CPointTestResponder_Verification_Assert.sv:35:50: warning: 'TxD2CPointTestResponder' is an upward hierarchical name reference [-Wupward-name]
      if (TxD2CPointTestResponder._layer_probe & TxD2CPointTestResponder._layer_probe_0
                                                 ^~~~~~~~~~~~~~~~~~~~~~~
berkeley/generated/verification/assert/TxD2CPointTestResponder_Verification_Assert.sv:36:14: warning: 'TxD2CPointTestResponder' is an upward hierarchical name reference [-Wupward-name]
          & ~TxD2CPointTestResponder.reset
             ^~~~~~~~~~~~~~~~~~~~~~~
berkeley/generated/verification/assert/TxD2CPointTestResponder_Verification_Assert.sv:37:14: warning: 'TxD2CPointTestResponder' is an upward hierarchical name reference [-Wupward-name]
          & ~TxD2CPointTestResponder.io_patternReaderIo_req_ready_1) begin
             ^~~~~~~~~~~~~~~~~~~~~~~
berkeley/generated/verification/assert/TxD2CPointTestResponder_Verification_Assert.sv:43:18: warning: 'TxD2CPointTestResponder' is an upward hierarchical name reference [-Wupward-name]
      if (_GEN & TxD2CPointTestResponder._layer_probe_1 & ~TxD2CPointTestResponder.reset
                 ^~~~~~~~~~~~~~~~~~~~~~~
berkeley/generated/verification/assert/TxD2CPointTestResponder_Verification_Assert.sv:43:60: warning: 'TxD2CPointTestResponder' is an upward hierarchical name reference [-Wupward-name]
      if (_GEN & TxD2CPointTestResponder._layer_probe_1 & ~TxD2CPointTestResponder.reset
                                                           ^~~~~~~~~~~~~~~~~~~~~~~
berkeley/generated/verification/assert/TxD2CPointTestResponder_Verification_Assert.sv:44:13: warning: 'TxD2CPointTestResponder' is an upward hierarchical name reference [-Wupward-name]
          & TxD2CPointTestResponder.io_patternReaderIo_req_ready_1) begin
            ^~~~~~~~~~~~~~~~~~~~~~~
berkeley/generated/verification/assert/TxD2CPointTestResponder_Verification_Assert.sv:50:18: warning: 'TxD2CPointTestResponder' is an upward hierarchical name reference [-Wupward-name]
      if (_GEN & TxD2CPointTestResponder.currentState_0 != 2'h2
                 ^~~~~~~~~~~~~~~~~~~~~~~
berkeley/generated/verification/assert/TxD2CPointTestResponder_Verification_Assert.sv:51:13: warning: 'TxD2CPointTestResponder' is an upward hierarchical name reference [-Wupward-name]
          & TxD2CPointTestResponder._layer_probe_2 & ~TxD2CPointTestResponder.reset
            ^~~~~~~~~~~~~~~~~~~~~~~
berkeley/generated/verification/assert/TxD2CPointTestResponder_Verification_Assert.sv:51:55: warning: 'TxD2CPointTestResponder' is an upward hierarchical name reference [-Wupward-name]
          & TxD2CPointTestResponder._layer_probe_2 & ~TxD2CPointTestResponder.reset
                                                      ^~~~~~~~~~~~~~~~~~~~~~~
berkeley/generated/verification/assert/TxD2CPointTestResponder_Verification_Assert.sv:52:14: warning: 'TxD2CPointTestResponder' is an upward hierarchical name reference [-Wupward-name]
          & ~TxD2CPointTestResponder.io_patternReaderIo_req_ready_1) begin
             ^~~~~~~~~~~~~~~~~~~~~~~
  in instance: UcieSerialBringUp_tb.berkeley_die.phy.logPhySidebandChannel.rdiIntfNode.priorityQueue.enqArbiter.verification_cover
berkeley/generated/verification/cover/EnqueueArbiter_Verification_Cover.sv:3:15: warning: 'EnqueueArbiter' is an upward hierarchical name reference [-Wupward-name]
  wire _GEN = EnqueueArbiter.io_in_ready_1 & EnqueueArbiter.io_in_valid_1;
              ^~~~~~~~~~~~~~
  in instance: UcieSerialBringUp_tb.berkeley_die.phy.logPhySidebandChannel.rdiIntfNode.priorityQueue.enqArbiter.verification_cover
berkeley/generated/verification/cover/EnqueueArbiter_Verification_Cover.sv:3:46: warning: 'EnqueueArbiter' is an upward hierarchical name reference [-Wupward-name]
  wire _GEN = EnqueueArbiter.io_in_ready_1 & EnqueueArbiter.io_in_valid_1;
                                             ^~~~~~~~~~~~~~
  in instance: UcieSerialBringUp_tb.berkeley_die.phy.logPhySidebandChannel.rdiIntfNode.priorityQueue.enqArbiter.verification_cover
berkeley/generated/verification/cover/EnqueueArbiter_Verification_Cover.sv:4:20: warning: 'EnqueueArbiter' is an upward hierarchical name reference [-Wupward-name]
  always @(posedge EnqueueArbiter.clock) begin
                   ^~~~~~~~~~~~~~
  in instance: UcieSerialBringUp_tb.berkeley_die.phy.logPhySidebandChannel.rdiIntfNode.priorityQueue.enqArbiter.verification_cover
berkeley/generated/verification/cover/EnqueueArbiter_Verification_Cover.sv:5:10: warning: 'EnqueueArbiter' is an upward hierarchical name reference [-Wupward-name]
    if (~EnqueueArbiter.reset) begin
         ^~~~~~~~~~~~~~
  in instance: UcieSerialBringUp_tb.berkeley_die.phy.logPhySidebandChannel.rdiIntfNode.priorityQueue.enqArbiter.verification_cover
berkeley/generated/verification/cover/EnqueueArbiter_Verification_Cover.sv:6:34: warning: 'EnqueueArbiter' is an upward hierarchical name reference [-Wupward-name]
      cover__cover: cover(_GEN & EnqueueArbiter.isReqRespMessage_0);
                                 ^~~~~~~~~~~~~~
  in instance: UcieSerialBringUp_tb.berkeley_die.phy.logPhySidebandChannel.rdiIntfNode.priorityQueue.enqArbiter.verification_cover
berkeley/generated/verification/cover/EnqueueArbiter_Verification_Cover.sv:7:36: warning: 'EnqueueArbiter' is an upward hierarchical name reference [-Wupward-name]
      cover__cover_1: cover(_GEN & EnqueueArbiter.isAccComplete_0);
                                   ^~~~~~~~~~~~~~
  in instance: UcieSerialBringUp_tb.berkeley_die.phy.logPhySidebandChannel.rdiIntfNode.priorityQueue.enqArbiter.verification_cover
berkeley/generated/verification/cover/EnqueueArbiter_Verification_Cover.sv:8:36: warning: 'EnqueueArbiter' is an upward hierarchical name reference [-Wupward-name]
      cover__cover_2: cover(_GEN & EnqueueArbiter.isAccRequest_0);
                                   ^~~~~~~~~~~~~~
  in instance: UcieSerialBringUp_tb.berkeley_die.phy.logPhySidebandChannel.rdiIntfNode.priorityQueue.enqArbiter.verification_cover
berkeley/generated/verification/cover/EnqueueArbiter_Verification_Cover.sv:9:36: warning: 'EnqueueArbiter' is an upward hierarchical name reference [-Wupward-name]
      cover__cover_3: cover(_GEN & EnqueueArbiter.isOther_0);
                                   ^~~~~~~~~~~~~~
berkeley/generated/verification/cover/LogicalPhy_Verification_Cover.sv:3:20: warning: 'LogicalPhy' is an upward hierarchical name reference [-Wupward-name]
  always @(posedge LogicalPhy.clock) begin
                   ^~~~~~~~~~
berkeley/generated/verification/cover/LogicalPhy_Verification_Cover.sv:4:10: warning: 'LogicalPhy' is an upward hierarchical name reference [-Wupward-name]
    if (~LogicalPhy.reset)
         ^~~~~~~~~~
berkeley/generated/verification/cover/LogicalPhy_Verification_Cover.sv:5:27: warning: 'LogicalPhy' is an upward hierarchical name reference [-Wupward-name]
      cover__cover: cover(LogicalPhy.sidebandRxUnhandled_0);
                          ^~~~~~~~~~
  in instance: UcieSerialBringUp_tb.berkeley_die.phy.logPhySidebandChannel.rdiIntfNode.deserializer.verification_cover
berkeley/generated/verification/cover/SidebandInterfaceDeserializer_Verification_Cover.sv:3:20: warning: 'SidebandInterfaceDeserializer' is an upward hierarchical name reference [-Wupward-name]
  always @(posedge SidebandInterfaceDeserializer.clock) begin
                   ^~~~~~~~~~~~~~~~~~~~~~~~~~~~~
  in instance: UcieSerialBringUp_tb.berkeley_die.phy.logPhySidebandChannel.rdiIntfNode.deserializer.verification_cover
berkeley/generated/verification/cover/SidebandInterfaceDeserializer_Verification_Cover.sv:4:10: warning: 'SidebandInterfaceDeserializer' is an upward hierarchical name reference [-Wupward-name]
    if (~SidebandInterfaceDeserializer.reset) begin
         ^~~~~~~~~~~~~~~~~~~~~~~~~~~~~
  in instance: UcieSerialBringUp_tb.berkeley_die.phy.logPhySidebandChannel.rdiIntfNode.deserializer.verification_cover
berkeley/generated/verification/cover/SidebandInterfaceDeserializer_Verification_Cover.sv:6:15: warning: 'SidebandInterfaceDeserializer' is an upward hierarchical name reference [-Wupward-name]
        cover(SidebandInterfaceDeserializer.io_in_valid_1
              ^~~~~~~~~~~~~~~~~~~~~~~~~~~~~
  in instance: UcieSerialBringUp_tb.berkeley_die.phy.logPhySidebandChannel.rdiIntfNode.deserializer.verification_cover
berkeley/generated/verification/cover/SidebandInterfaceDeserializer_Verification_Cover.sv:7:18: warning: 'SidebandInterfaceDeserializer' is an upward hierarchical name reference [-Wupward-name]
              & ~SidebandInterfaceDeserializer.inProgress_0);
                 ^~~~~~~~~~~~~~~~~~~~~~~~~~~~~
  in instance: UcieSerialBringUp_tb.berkeley_die.phy.logPhySidebandChannel.rdiIntfNode.deserializer.verification_cover
berkeley/generated/verification/cover/SidebandInterfaceDeserializer_Verification_Cover.sv:9:15: warning: 'SidebandInterfaceDeserializer' is an upward hierarchical name reference [-Wupward-name]
        cover(SidebandInterfaceDeserializer.io_in_valid_1
              ^~~~~~~~~~~~~~~~~~~~~~~~~~~~~
  in instance: UcieSerialBringUp_tb.berkeley_die.phy.logPhySidebandChannel.rdiIntfNode.deserializer.verification_cover
berkeley/generated/verification/cover/SidebandInterfaceDeserializer_Verification_Cover.sv:10:17: warning: 'SidebandInterfaceDeserializer' is an upward hierarchical name reference [-Wupward-name]
              & SidebandInterfaceDeserializer.inProgress_0
                ^~~~~~~~~~~~~~~~~~~~~~~~~~~~~
  in instance: UcieSerialBringUp_tb.berkeley_die.phy.logPhySidebandChannel.rdiIntfNode.deserializer.verification_cover
berkeley/generated/verification/cover/SidebandInterfaceDeserializer_Verification_Cover.sv:11:19: warning: 'SidebandInterfaceDeserializer' is an upward hierarchical name reference [-Wupward-name]
              & (&SidebandInterfaceDeserializer.beatCounter_0));
                  ^~~~~~~~~~~~~~~~~~~~~~~~~~~~~
  in instance: UcieSerialBringUp_tb.berkeley_die.phy.logPhySidebandChannel.rdiIntfNode.deserializer.verification_cover
berkeley/generated/verification/cover/SidebandInterfaceDeserializer_Verification_Cover.sv:13:16: warning: 'SidebandInterfaceDeserializer' is an upward hierarchical name reference [-Wupward-name]
        cover(~SidebandInterfaceDeserializer.io_in_valid_1
               ^~~~~~~~~~~~~~~~~~~~~~~~~~~~~
  in instance: UcieSerialBringUp_tb.berkeley_die.phy.logPhySidebandChannel.rdiIntfNode.deserializer.verification_cover
berkeley/generated/verification/cover/SidebandInterfaceDeserializer_Verification_Cover.sv:14:17: warning: 'SidebandInterfaceDeserializer' is an upward hierarchical name reference [-Wupward-name]
              & SidebandInterfaceDeserializer.inProgress_0
                ^~~~~~~~~~~~~~~~~~~~~~~~~~~~~
  in instance: UcieSerialBringUp_tb.berkeley_die.phy.logPhySidebandChannel.rdiIntfNode.deserializer.verification_cover
berkeley/generated/verification/cover/SidebandInterfaceDeserializer_Verification_Cover.sv:15:19: warning: 'SidebandInterfaceDeserializer' is an upward hierarchical name reference [-Wupward-name]
              & (|SidebandInterfaceDeserializer.beatCounter_0));
                  ^~~~~~~~~~~~~~~~~~~~~~~~~~~~~
  in instance: UcieSerialBringUp_tb.berkeley_die.phy.logPhySidebandChannel.rdiIntfNode.deserializer.verification_cover
berkeley/generated/verification/cover/SidebandInterfaceDeserializer_Verification_Cover.sv:16:29: warning: 'SidebandInterfaceDeserializer' is an upward hierarchical name reference [-Wupward-name]
      cover__cover_3: cover(SidebandInterfaceDeserializer.io_out_valid_1);
                            ^~~~~~~~~~~~~~~~~~~~~~~~~~~~~
  in instance: UcieSerialBringUp_tb.berkeley_die.phy.logPhySidebandChannel.rdiIntfNode.deserializer.verification_cover
berkeley/generated/verification/cover/SidebandInterfaceDeserializer_Verification_Cover.sv:18:15: warning: 'SidebandInterfaceDeserializer' is an upward hierarchical name reference [-Wupward-name]
        cover(SidebandInterfaceDeserializer.io_out_valid_1
              ^~~~~~~~~~~~~~~~~~~~~~~~~~~~~
  in instance: UcieSerialBringUp_tb.berkeley_die.phy.logPhySidebandChannel.rdiIntfNode.deserializer.verification_cover
berkeley/generated/verification/cover/SidebandInterfaceDeserializer_Verification_Cover.sv:19:17: warning: 'SidebandInterfaceDeserializer' is an upward hierarchical name reference [-Wupward-name]
              & SidebandInterfaceDeserializer.io_in_valid_1);
                ^~~~~~~~~~~~~~~~~~~~~~~~~~~~~
  in instance: UcieSerialBringUp_tb.berkeley_die.phy.logPhySidebandChannel.rdiIntfNode.verification_cover
berkeley/generated/verification/cover/SidebandInterfaceNode_Verification_Cover.sv:5:20: warning: 'SidebandInterfaceNode' is an upward hierarchical name reference [-Wupward-name]
  always @(posedge SidebandInterfaceNode.clock) begin
                   ^~~~~~~~~~~~~~~~~~~~~
  in instance: UcieSerialBringUp_tb.berkeley_die.phy.logPhySidebandChannel.rdiIntfNode.verification_cover
berkeley/generated/verification/cover/SidebandInterfaceNode_Verification_Cover.sv:6:10: warning: 'SidebandInterfaceNode' is an upward hierarchical name reference [-Wupward-name]
    if (~SidebandInterfaceNode.reset) begin
         ^~~~~~~~~~~~~~~~~~~~~
  in instance: UcieSerialBringUp_tb.berkeley_die.phy.logPhySidebandChannel.rdiIntfNode.verification_cover
berkeley/generated/verification/cover/SidebandInterfaceNode_Verification_Cover.sv:7:27: warning: 'SidebandInterfaceNode' is an upward hierarchical name reference [-Wupward-name]
      cover__cover: cover(SidebandInterfaceNode.creditEmpty_0);
                          ^~~~~~~~~~~~~~~~~~~~~
  in instance: UcieSerialBringUp_tb.berkeley_die.phy.logPhySidebandChannel.rdiIntfNode.verification_cover
berkeley/generated/verification/cover/SidebandInterfaceNode_Verification_Cover.sv:8:29: warning: 'SidebandInterfaceNode' is an upward hierarchical name reference [-Wupward-name]
      cover__cover_1: cover(SidebandInterfaceNode.consumeCredit_0);
                            ^~~~~~~~~~~~~~~~~~~~~
  in instance: UcieSerialBringUp_tb.berkeley_die.phy.logPhySidebandChannel.rdiIntfNode.verification_cover
berkeley/generated/verification/cover/SidebandInterfaceNode_Verification_Cover.sv:9:29: warning: 'SidebandInterfaceNode' is an upward hierarchical name reference [-Wupward-name]
      cover__cover_2: cover(SidebandInterfaceNode.io_txCreditReturn_1);
                            ^~~~~~~~~~~~~~~~~~~~~
  in instance: UcieSerialBringUp_tb.berkeley_die.phy.logPhySidebandChannel.rdiIntfNode.verification_cover
berkeley/generated/verification/cover/SidebandInterfaceNode_Verification_Cover.sv:10:29: warning: 'SidebandInterfaceNode' is an upward hierarchical name reference [-Wupward-name]
      cover__cover_3: cover(SidebandInterfaceNode.blockedForCredit_0);
                            ^~~~~~~~~~~~~~~~~~~~~
  in instance: UcieSerialBringUp_tb.berkeley_die.phy.logPhySidebandChannel.rdiIntfNode.verification_cover
berkeley/generated/verification/cover/SidebandInterfaceNode_Verification_Cover.sv:11:29: warning: 'SidebandInterfaceNode' is an upward hierarchical name reference [-Wupward-name]
      cover__cover_4: cover(SidebandInterfaceNode.completionBypassCredit_0);
                            ^~~~~~~~~~~~~~~~~~~~~
  in instance: UcieSerialBringUp_tb.berkeley_die.phy.logPhySidebandChannel.rdiIntfNode.verification_cover
berkeley/generated/verification/cover/SidebandInterfaceNode_Verification_Cover.sv:13:15: warning: 'SidebandInterfaceNode' is an upward hierarchical name reference [-Wupward-name]
        cover(SidebandInterfaceNode.deserializer_io_out_valid
              ^~~~~~~~~~~~~~~~~~~~~
  in instance: UcieSerialBringUp_tb.berkeley_die.phy.logPhySidebandChannel.rdiIntfNode.verification_cover
berkeley/generated/verification/cover/SidebandInterfaceNode_Verification_Cover.sv:14:17: warning: 'SidebandInterfaceNode' is an upward hierarchical name reference [-Wupward-name]
              & SidebandInterfaceNode.cpError_0);
                ^~~~~~~~~~~~~~~~~~~~~
  in instance: UcieSerialBringUp_tb.berkeley_die.phy.logPhySidebandChannel.rdiIntfNode.verification_cover
berkeley/generated/verification/cover/SidebandInterfaceNode_Verification_Cover.sv:16:15: warning: 'SidebandInterfaceNode' is an upward hierarchical name reference [-Wupward-name]
        cover(SidebandInterfaceNode.deserializer_io_out_valid
              ^~~~~~~~~~~~~~~~~~~~~
  in instance: UcieSerialBringUp_tb.berkeley_die.phy.logPhySidebandChannel.rdiIntfNode.verification_cover
berkeley/generated/verification/cover/SidebandInterfaceNode_Verification_Cover.sv:17:17: warning: 'SidebandInterfaceNode' is an upward hierarchical name reference [-Wupward-name]
              & SidebandInterfaceNode.dpError_0);
                ^~~~~~~~~~~~~~~~~~~~~
  in instance: UcieSerialBringUp_tb.berkeley_die.phy.logPhySidebandChannel.rdiIntfNode.verification_cover
berkeley/generated/verification/cover/SidebandInterfaceNode_Verification_Cover.sv:18:29: warning: 'SidebandInterfaceNode' is an upward hierarchical name reference [-Wupward-name]
      cover__cover_7: cover(SidebandInterfaceNode.io_rxCreditReturn_1);
                            ^~~~~~~~~~~~~~~~~~~~~
  in instance: UcieSerialBringUp_tb.berkeley_die.phy.logPhySidebandChannel.rdiIntfNode.verification_cover
berkeley/generated/verification/cover/SidebandInterfaceNode_Verification_Cover.sv:19:29: warning: 'SidebandInterfaceNode' is an upward hierarchical name reference [-Wupward-name]
      cover__cover_8: cover(SidebandInterfaceNode.io_rxPriorityQueuesFull_1);
                            ^~~~~~~~~~~~~~~~~~~~~
  in instance: UcieSerialBringUp_tb.berkeley_die.phy.logPhySidebandChannel.rdiIntfNode.verification_cover
berkeley/generated/verification/cover/SidebandInterfaceNode_Verification_Cover.sv:21:15: warning: 'SidebandInterfaceNode' is an upward hierarchical name reference [-Wupward-name]
        cover(SidebandInterfaceNode.consumeCredit_0 & sawCreditReturnAfterEmpty);
              ^~~~~~~~~~~~~~~~~~~~~
  in instance: UcieSerialBringUp_tb.berkeley_die.phy.logPhySidebandChannel.rdiIntfNode.verification_cover
berkeley/generated/verification/cover/SidebandInterfaceNode_Verification_Cover.sv:23:9: warning: 'SidebandInterfaceNode' is an upward hierarchical name reference [-Wupward-name]
    if (SidebandInterfaceNode.reset) begin
        ^~~~~~~~~~~~~~~~~~~~~
  in instance: UcieSerialBringUp_tb.berkeley_die.phy.logPhySidebandChannel.rdiIntfNode.verification_cover
berkeley/generated/verification/cover/SidebandInterfaceNode_Verification_Cover.sv:28:25: warning: 'SidebandInterfaceNode' is an upward hierarchical name reference [-Wupward-name]
      sawCreditEmpty <= SidebandInterfaceNode.creditEmpty_0 | sawCreditEmpty;
                        ^~~~~~~~~~~~~~~~~~~~~
  in instance: UcieSerialBringUp_tb.berkeley_die.phy.logPhySidebandChannel.rdiIntfNode.verification_cover
berkeley/generated/verification/cover/SidebandInterfaceNode_Verification_Cover.sv:30:24: warning: '&' within '|' [-Wbitwise-op-parentheses]
        sawCreditEmpty & SidebandInterfaceNode.io_txCreditReturn_1
        ~~~~~~~~~~~~~~~^~~~~~~~~~~~~~~~~~~~~~~~~~~~~~~~~~~~~~~~~~~
berkeley/generated/verification/cover/SidebandInterfaceNode_Verification_Cover.sv:30:24: note: place parentheses around the '&' expression to silence this warning
        sawCreditEmpty & SidebandInterfaceNode.io_txCreditReturn_1
        ~~~~~~~~~~~~~~~^~~~~~~~~~~~~~~~~~~~~~~~~~~~~~~~~~~~~~~~~~~
  in instance: UcieSerialBringUp_tb.berkeley_die.phy.logPhySidebandChannel.rdiIntfNode.verification_cover
berkeley/generated/verification/cover/SidebandInterfaceNode_Verification_Cover.sv:30:26: warning: 'SidebandInterfaceNode' is an upward hierarchical name reference [-Wupward-name]
        sawCreditEmpty & SidebandInterfaceNode.io_txCreditReturn_1
                         ^~~~~~~~~~~~~~~~~~~~~
  in instance: UcieSerialBringUp_tb.berkeley_die.phy.logPhySidebandChannel.rdiIntfNode.verification_cover
berkeley/generated/verification/cover/SidebandInterfaceNode_Verification_Cover.sv:31:12: warning: 'SidebandInterfaceNode' is an upward hierarchical name reference [-Wupward-name]
        | ~SidebandInterfaceNode.consumeCredit_0 & sawCreditReturnAfterEmpty;
           ^~~~~~~~~~~~~~~~~~~~~
  in instance: UcieSerialBringUp_tb.berkeley_die.phy.logPhySidebandChannel.rdiIntfNode.verification_cover
berkeley/generated/verification/cover/SidebandInterfaceNode_Verification_Cover.sv:31:50: warning: '&' within '|' [-Wbitwise-op-parentheses]
        | ~SidebandInterfaceNode.consumeCredit_0 & sawCreditReturnAfterEmpty;
        ~ ~~~~~~~~~~~~~~~~~~~~~~~~~~~~~~~~~~~~~~~^~~~~~~~~~~~~~~~~~~~~~~~~~~
berkeley/generated/verification/cover/SidebandInterfaceNode_Verification_Cover.sv:31:50: note: place parentheses around the '&' expression to silence this warning
        | ~SidebandInterfaceNode.consumeCredit_0 & sawCreditReturnAfterEmpty;
          ~~~~~~~~~~~~~~~~~~~~~~~~~~~~~~~~~~~~~~~^~~~~~~~~~~~~~~~~~~~~~~~~~~
  in instance: UcieSerialBringUp_tb.berkeley_die.phy.logPhySidebandChannel.rdiIntfNode.serializer.verification_cover
berkeley/generated/verification/cover/SidebandInterfaceSerializer_Verification_Cover.sv:3:20: warning: 'SidebandInterfaceSerializer' is an upward hierarchical name reference [-Wupward-name]
  always @(posedge SidebandInterfaceSerializer.clock) begin
                   ^~~~~~~~~~~~~~~~~~~~~~~~~~~
  in instance: UcieSerialBringUp_tb.berkeley_die.phy.logPhySidebandChannel.rdiIntfNode.serializer.verification_cover
berkeley/generated/verification/cover/SidebandInterfaceSerializer_Verification_Cover.sv:4:10: warning: 'SidebandInterfaceSerializer' is an upward hierarchical name reference [-Wupward-name]
    if (~SidebandInterfaceSerializer.reset) begin
         ^~~~~~~~~~~~~~~~~~~~~~~~~~~
  in instance: UcieSerialBringUp_tb.berkeley_die.phy.logPhySidebandChannel.rdiIntfNode.serializer.verification_cover
berkeley/generated/verification/cover/SidebandInterfaceSerializer_Verification_Cover.sv:6:15: warning: 'SidebandInterfaceSerializer' is an upward hierarchical name reference [-Wupward-name]
        cover(SidebandInterfaceSerializer.io_in_ready_1
              ^~~~~~~~~~~~~~~~~~~~~~~~~~~
  in instance: UcieSerialBringUp_tb.berkeley_die.phy.logPhySidebandChannel.rdiIntfNode.serializer.verification_cover
berkeley/generated/verification/cover/SidebandInterfaceSerializer_Verification_Cover.sv:7:17: warning: 'SidebandInterfaceSerializer' is an upward hierarchical name reference [-Wupward-name]
              & SidebandInterfaceSerializer.io_in_valid_1);
                ^~~~~~~~~~~~~~~~~~~~~~~~~~~
  in instance: UcieSerialBringUp_tb.berkeley_die.phy.logPhySidebandChannel.rdiIntfNode.serializer.verification_cover
berkeley/generated/verification/cover/SidebandInterfaceSerializer_Verification_Cover.sv:9:15: warning: 'SidebandInterfaceSerializer' is an upward hierarchical name reference [-Wupward-name]
        cover(SidebandInterfaceSerializer.io_out_valid_1
              ^~~~~~~~~~~~~~~~~~~~~~~~~~~
  in instance: UcieSerialBringUp_tb.berkeley_die.phy.logPhySidebandChannel.rdiIntfNode.serializer.verification_cover
berkeley/generated/verification/cover/SidebandInterfaceSerializer_Verification_Cover.sv:10:17: warning: 'SidebandInterfaceSerializer' is an upward hierarchical name reference [-Wupward-name]
              & SidebandInterfaceSerializer.isLastBeat_0);
                ^~~~~~~~~~~~~~~~~~~~~~~~~~~
  in instance: UcieSerialBringUp_tb.berkeley_die.phy.logPhySidebandChannel.rdiIntfNode.serializer.verification_cover
berkeley/generated/verification/cover/SidebandInterfaceSerializer_Verification_Cover.sv:12:15: warning: 'SidebandInterfaceSerializer' is an upward hierarchical name reference [-Wupward-name]
        cover(SidebandInterfaceSerializer.inProgress_0
              ^~~~~~~~~~~~~~~~~~~~~~~~~~~
  in instance: UcieSerialBringUp_tb.berkeley_die.phy.logPhySidebandChannel.rdiIntfNode.serializer.verification_cover
berkeley/generated/verification/cover/SidebandInterfaceSerializer_Verification_Cover.sv:13:17: warning: 'SidebandInterfaceSerializer' is an upward hierarchical name reference [-Wupward-name]
              & SidebandInterfaceSerializer.isLastBeat_0
                ^~~~~~~~~~~~~~~~~~~~~~~~~~~
  in instance: UcieSerialBringUp_tb.berkeley_die.phy.logPhySidebandChannel.rdiIntfNode.serializer.verification_cover
berkeley/generated/verification/cover/SidebandInterfaceSerializer_Verification_Cover.sv:14:17: warning: 'SidebandInterfaceSerializer' is an upward hierarchical name reference [-Wupward-name]
              & SidebandInterfaceSerializer.io_in_valid_1
                ^~~~~~~~~~~~~~~~~~~~~~~~~~~
  in instance: UcieSerialBringUp_tb.berkeley_die.phy.logPhySidebandChannel.rdiIntfNode.serializer.verification_cover
berkeley/generated/verification/cover/SidebandInterfaceSerializer_Verification_Cover.sv:15:17: warning: 'SidebandInterfaceSerializer' is an upward hierarchical name reference [-Wupward-name]
              & SidebandInterfaceSerializer.io_in_ready_1);
                ^~~~~~~~~~~~~~~~~~~~~~~~~~~
berkeley/generated/verification/cover/SidebandLinkDeserializer_Verification_Cover.sv:5:31: warning: 'SidebandLinkDeserializer' is an upward hierarchical name reference [-Wupward-name]
    cover property (@(posedge SidebandLinkDeserializer.clock)
                              ^~~~~~~~~~~~~~~~~~~~~~~~
berkeley/generated/verification/cover/SidebandLinkDeserializer_Verification_Cover.sv:6:23: warning: 'SidebandLinkDeserializer' is an upward hierarchical name reference [-Wupward-name]
                      SidebandLinkDeserializer.reset
                      ^~~~~~~~~~~~~~~~~~~~~~~~
berkeley/generated/verification/cover/SidebandLinkDeserializer_Verification_Cover.sv:7:26: warning: 'SidebandLinkDeserializer' is an upward hierarchical name reference [-Wupward-name]
                      & ~SidebandLinkDeserializer.idleStatusSync_0);
                         ^~~~~~~~~~~~~~~~~~~~~~~~
berkeley/generated/verification/cover/SidebandLinkDeserializer_Verification_Cover.sv:9:5: warning: 'SidebandLinkDeserializer' is an upward hierarchical name reference [-Wupward-name]
    SidebandLinkDeserializer.io_out_valid_1 & ~SidebandLinkDeserializer.io_out_ready_1;
    ^~~~~~~~~~~~~~~~~~~~~~~~
berkeley/generated/verification/cover/SidebandLinkDeserializer_Verification_Cover.sv:9:48: warning: 'SidebandLinkDeserializer' is an upward hierarchical name reference [-Wupward-name]
    SidebandLinkDeserializer.io_out_valid_1 & ~SidebandLinkDeserializer.io_out_ready_1;
                                               ^~~~~~~~~~~~~~~~~~~~~~~~
berkeley/generated/verification/cover/SidebandLinkDeserializer_Verification_Cover.sv:11:5: warning: 'SidebandLinkDeserializer' is an upward hierarchical name reference [-Wupward-name]
    SidebandLinkDeserializer.io_out_ready_1 & SidebandLinkDeserializer.io_out_valid_1;
    ^~~~~~~~~~~~~~~~~~~~~~~~
berkeley/generated/verification/cover/SidebandLinkDeserializer_Verification_Cover.sv:11:47: warning: 'SidebandLinkDeserializer' is an upward hierarchical name reference [-Wupward-name]
    SidebandLinkDeserializer.io_out_ready_1 & SidebandLinkDeserializer.io_out_valid_1;
                                              ^~~~~~~~~~~~~~~~~~~~~~~~
berkeley/generated/verification/cover/SidebandLinkDeserializer_Verification_Cover.sv:12:26: warning: 'SidebandLinkDeserializer' is an upward hierarchical name reference [-Wupward-name]
  wire _GEN_1 = _GEN_0 & SidebandLinkDeserializer.io_ctrl_rxMode_1;
                         ^~~~~~~~~~~~~~~~~~~~~~~~
berkeley/generated/verification/cover/SidebandLinkDeserializer_Verification_Cover.sv:13:20: warning: 'SidebandLinkDeserializer' is an upward hierarchical name reference [-Wupward-name]
  always @(posedge SidebandLinkDeserializer.clock) begin
                   ^~~~~~~~~~~~~~~~~~~~~~~~
berkeley/generated/verification/cover/SidebandLinkDeserializer_Verification_Cover.sv:14:10: warning: 'SidebandLinkDeserializer' is an upward hierarchical name reference [-Wupward-name]
    if (~SidebandLinkDeserializer.reset) begin
         ^~~~~~~~~~~~~~~~~~~~~~~~
berkeley/generated/verification/cover/SidebandLinkDeserializer_Verification_Cover.sv:15:37: warning: 'SidebandLinkDeserializer' is an upward hierarchical name reference [-Wupward-name]
      cover__cover: cover(_GEN_0 & ~SidebandLinkDeserializer.io_ctrl_rxMode_1);
                                    ^~~~~~~~~~~~~~~~~~~~~~~~
berkeley/generated/verification/cover/SidebandLinkDeserializer_Verification_Cover.sv:16:38: warning: 'SidebandLinkDeserializer' is an upward hierarchical name reference [-Wupward-name]
      cover__cover_1: cover(_GEN_1 & SidebandLinkDeserializer.outputIsWoData_0);
                                     ^~~~~~~~~~~~~~~~~~~~~~~~
berkeley/generated/verification/cover/SidebandLinkDeserializer_Verification_Cover.sv:17:39: warning: 'SidebandLinkDeserializer' is an upward hierarchical name reference [-Wupward-name]
      cover__cover_2: cover(_GEN_1 & ~SidebandLinkDeserializer.outputIsWoData_0);
                                      ^~~~~~~~~~~~~~~~~~~~~~~~
berkeley/generated/verification/cover/SidebandLinkDeserializer_Verification_Cover.sv:20:29: warning: 'SidebandLinkDeserializer' is an upward hierarchical name reference [-Wupward-name]
      cover__cover_5: cover(SidebandLinkDeserializer.io_ctrl_desTimedout_1);
                            ^~~~~~~~~~~~~~~~~~~~~~~~
berkeley/generated/verification/cover/SidebandLinkDeserializer_Verification_Cover.sv:22:9: warning: 'SidebandLinkDeserializer' is an upward hierarchical name reference [-Wupward-name]
    if (SidebandLinkDeserializer.reset)
        ^~~~~~~~~~~~~~~~~~~~~~~~
berkeley/generated/verification/cover/SidebandLinkDeserializer_Verification_Cover.sv:25:40: warning: '&' within '|' [-Wbitwise-op-parentheses]
      sawOutputStall <= _GEN | ~_GEN_0 & sawOutputStall;
                             ~ ~~~~~~~~^~~~~~~~~~~~~~~~
berkeley/generated/verification/cover/SidebandLinkDeserializer_Verification_Cover.sv:25:40: note: place parentheses around the '&' expression to silence this warning
      sawOutputStall <= _GEN | ~_GEN_0 & sawOutputStall;
                               ~~~~~~~~^~~~~~~~~~~~~~~~
berkeley/generated/verification/cover/SidebandLinkNode_Verification_Cover.sv:4:15: warning: 'SidebandLinkNode' is an upward hierarchical name reference [-Wupward-name]
  wire _GEN = SidebandLinkNode.io_rxOut_ready_1 & SidebandLinkNode.io_rxOut_valid_1;
              ^~~~~~~~~~~~~~~~
berkeley/generated/verification/cover/SidebandLinkNode_Verification_Cover.sv:4:51: warning: 'SidebandLinkNode' is an upward hierarchical name reference [-Wupward-name]
  wire _GEN = SidebandLinkNode.io_rxOut_ready_1 & SidebandLinkNode.io_rxOut_valid_1;
                                                  ^~~~~~~~~~~~~~~~
berkeley/generated/verification/cover/SidebandLinkNode_Verification_Cover.sv:5:20: warning: 'SidebandLinkNode' is an upward hierarchical name reference [-Wupward-name]
  always @(posedge SidebandLinkNode.clock) begin
                   ^~~~~~~~~~~~~~~~
berkeley/generated/verification/cover/SidebandLinkNode_Verification_Cover.sv:6:10: warning: 'SidebandLinkNode' is an upward hierarchical name reference [-Wupward-name]
    if (~SidebandLinkNode.reset) begin
         ^~~~~~~~~~~~~~~~
berkeley/generated/verification/cover/SidebandLinkNode_Verification_Cover.sv:8:15: warning: 'SidebandLinkNode' is an upward hierarchical name reference [-Wupward-name]
        cover(SidebandLinkNode.io_ctrl_freezeAcceptingPackets_1
              ^~~~~~~~~~~~~~~~
berkeley/generated/verification/cover/SidebandLinkNode_Verification_Cover.sv:9:17: warning: 'SidebandLinkNode' is an upward hierarchical name reference [-Wupward-name]
              & SidebandLinkNode.io_txIn_valid_1 & ~SidebandLinkNode.io_txIn_ready_1);
                ^~~~~~~~~~~~~~~~
berkeley/generated/verification/cover/SidebandLinkNode_Verification_Cover.sv:9:53: warning: 'SidebandLinkNode' is an upward hierarchical name reference [-Wupward-name]
              & SidebandLinkNode.io_txIn_valid_1 & ~SidebandLinkNode.io_txIn_ready_1);
                                                    ^~~~~~~~~~~~~~~~
berkeley/generated/verification/cover/SidebandLinkNode_Verification_Cover.sv:10:29: warning: 'SidebandLinkNode' is an upward hierarchical name reference [-Wupward-name]
      cover__cover_1: cover(SidebandLinkNode.io_ctrl_allPacketsSent_1);
                            ^~~~~~~~~~~~~~~~
berkeley/generated/verification/cover/SidebandLinkNode_Verification_Cover.sv:11:29: warning: 'SidebandLinkNode' is an upward hierarchical name reference [-Wupward-name]
      cover__cover_2: cover(SidebandLinkNode.io_ctrl_allPacketsSent_1 & sawFreezeBusy);
                            ^~~~~~~~~~~~~~~~
berkeley/generated/verification/cover/SidebandLinkNode_Verification_Cover.sv:13:15: warning: 'SidebandLinkNode' is an upward hierarchical name reference [-Wupward-name]
        cover(SidebandLinkNode.txAccept_0
              ^~~~~~~~~~~~~~~~
berkeley/generated/verification/cover/SidebandLinkNode_Verification_Cover.sv:14:19: warning: 'SidebandLinkNode' is an upward hierarchical name reference [-Wupward-name]
              & (~SidebandLinkNode.io_ctrl_txMode_1 | SidebandLinkNode.txIsWoData_0));
                  ^~~~~~~~~~~~~~~~
berkeley/generated/verification/cover/SidebandLinkNode_Verification_Cover.sv:14:55: warning: 'SidebandLinkNode' is an upward hierarchical name reference [-Wupward-name]
              & (~SidebandLinkNode.io_ctrl_txMode_1 | SidebandLinkNode.txIsWoData_0));
                                                      ^~~~~~~~~~~~~~~~
berkeley/generated/verification/cover/SidebandLinkNode_Verification_Cover.sv:16:15: warning: 'SidebandLinkNode' is an upward hierarchical name reference [-Wupward-name]
        cover(SidebandLinkNode.txAccept_0 & SidebandLinkNode.io_ctrl_txMode_1
              ^~~~~~~~~~~~~~~~
berkeley/generated/verification/cover/SidebandLinkNode_Verification_Cover.sv:16:45: warning: 'SidebandLinkNode' is an upward hierarchical name reference [-Wupward-name]
        cover(SidebandLinkNode.txAccept_0 & SidebandLinkNode.io_ctrl_txMode_1
                                            ^~~~~~~~~~~~~~~~
berkeley/generated/verification/cover/SidebandLinkNode_Verification_Cover.sv:17:18: warning: 'SidebandLinkNode' is an upward hierarchical name reference [-Wupward-name]
              & ~SidebandLinkNode.txIsWoData_0);
                 ^~~~~~~~~~~~~~~~
berkeley/generated/verification/cover/SidebandLinkNode_Verification_Cover.sv:20:19: warning: 'SidebandLinkNode' is an upward hierarchical name reference [-Wupward-name]
              & (~SidebandLinkNode.io_ctrl_rxMode_1 | SidebandLinkNode.rxIsWoData_0));
                  ^~~~~~~~~~~~~~~~
berkeley/generated/verification/cover/SidebandLinkNode_Verification_Cover.sv:20:55: warning: 'SidebandLinkNode' is an upward hierarchical name reference [-Wupward-name]
              & (~SidebandLinkNode.io_ctrl_rxMode_1 | SidebandLinkNode.rxIsWoData_0));
                                                      ^~~~~~~~~~~~~~~~
berkeley/generated/verification/cover/SidebandLinkNode_Verification_Cover.sv:22:22: warning: 'SidebandLinkNode' is an upward hierarchical name reference [-Wupward-name]
        cover(_GEN & SidebandLinkNode.io_ctrl_rxMode_1 & ~SidebandLinkNode.rxIsWoData_0);
                     ^~~~~~~~~~~~~~~~
berkeley/generated/verification/cover/SidebandLinkNode_Verification_Cover.sv:22:59: warning: 'SidebandLinkNode' is an upward hierarchical name reference [-Wupward-name]
        cover(_GEN & SidebandLinkNode.io_ctrl_rxMode_1 & ~SidebandLinkNode.rxIsWoData_0);
                                                          ^~~~~~~~~~~~~~~~
berkeley/generated/verification/cover/SidebandLinkNode_Verification_Cover.sv:24:15: warning: 'SidebandLinkNode' is an upward hierarchical name reference [-Wupward-name]
        cover(SidebandLinkNode.deserializer_io_out_valid & SidebandLinkNode.cpError_0);
              ^~~~~~~~~~~~~~~~
berkeley/generated/verification/cover/SidebandLinkNode_Verification_Cover.sv:24:60: warning: 'SidebandLinkNode' is an upward hierarchical name reference [-Wupward-name]
        cover(SidebandLinkNode.deserializer_io_out_valid & SidebandLinkNode.cpError_0);
                                                           ^~~~~~~~~~~~~~~~
berkeley/generated/verification/cover/SidebandLinkNode_Verification_Cover.sv:26:15: warning: 'SidebandLinkNode' is an upward hierarchical name reference [-Wupward-name]
        cover(SidebandLinkNode.deserializer_io_out_valid & SidebandLinkNode.dpError_0);
              ^~~~~~~~~~~~~~~~
berkeley/generated/verification/cover/SidebandLinkNode_Verification_Cover.sv:26:60: warning: 'SidebandLinkNode' is an upward hierarchical name reference [-Wupward-name]
        cover(SidebandLinkNode.deserializer_io_out_valid & SidebandLinkNode.dpError_0);
                                                           ^~~~~~~~~~~~~~~~
berkeley/generated/verification/cover/SidebandLinkNode_Verification_Cover.sv:27:29: warning: 'SidebandLinkNode' is an upward hierarchical name reference [-Wupward-name]
      cover__cover_9: cover(SidebandLinkNode.io_err_desTimedout_1);
                            ^~~~~~~~~~~~~~~~
berkeley/generated/verification/cover/SidebandLinkNode_Verification_Cover.sv:28:30: warning: 'SidebandLinkNode' is an upward hierarchical name reference [-Wupward-name]
      cover__cover_10: cover(SidebandLinkNode.io_err_rxPriorityQueuesFull_1);
                             ^~~~~~~~~~~~~~~~
berkeley/generated/verification/cover/SidebandLinkNode_Verification_Cover.sv:30:9: warning: 'SidebandLinkNode' is an upward hierarchical name reference [-Wupward-name]
    if (SidebandLinkNode.reset)
        ^~~~~~~~~~~~~~~~
berkeley/generated/verification/cover/SidebandLinkNode_Verification_Cover.sv:34:9: warning: 'SidebandLinkNode' is an upward hierarchical name reference [-Wupward-name]
        SidebandLinkNode.io_ctrl_freezeAcceptingPackets_1
        ^~~~~~~~~~~~~~~~
berkeley/generated/verification/cover/SidebandLinkNode_Verification_Cover.sv:35:9: warning: '&' within '|' [-Wbitwise-op-parentheses]
        & ~SidebandLinkNode.serializer_io_in_ready
        ^~~~~~~~~~~~~~~~~~~~~~~~~~~~~~~~~~~~~~~~~~
berkeley/generated/verification/cover/SidebandLinkNode_Verification_Cover.sv:35:9: note: place parentheses around the '&' expression to silence this warning
        & ~SidebandLinkNode.serializer_io_in_ready
        ^~~~~~~~~~~~~~~~~~~~~~~~~~~~~~~~~~~~~~~~~~
berkeley/generated/verification/cover/SidebandLinkNode_Verification_Cover.sv:35:12: warning: 'SidebandLinkNode' is an upward hierarchical name reference [-Wupward-name]
        & ~SidebandLinkNode.serializer_io_in_ready
           ^~~~~~~~~~~~~~~~
berkeley/generated/verification/cover/SidebandLinkNode_Verification_Cover.sv:36:12: warning: 'SidebandLinkNode' is an upward hierarchical name reference [-Wupward-name]
        | ~SidebandLinkNode.io_ctrl_allPacketsSent_1 & sawFreezeBusy;
           ^~~~~~~~~~~~~~~~
berkeley/generated/verification/cover/SidebandLinkNode_Verification_Cover.sv:36:54: warning: '&' within '|' [-Wbitwise-op-parentheses]
        | ~SidebandLinkNode.io_ctrl_allPacketsSent_1 & sawFreezeBusy;
        ~ ~~~~~~~~~~~~~~~~~~~~~~~~~~~~~~~~~~~~~~~~~~~^~~~~~~~~~~~~~~
berkeley/generated/verification/cover/SidebandLinkNode_Verification_Cover.sv:36:54: note: place parentheses around the '&' expression to silence this warning
        | ~SidebandLinkNode.io_ctrl_allPacketsSent_1 & sawFreezeBusy;
          ~~~~~~~~~~~~~~~~~~~~~~~~~~~~~~~~~~~~~~~~~~~^~~~~~~~~~~~~~~
berkeley/generated/verification/cover/SidebandLinkSerializer_Verification_Cover.sv:3:27: warning: 'SidebandLinkSerializer' is an upward hierarchical name reference [-Wupward-name]
  wire _finalWaitDone_T = SidebandLinkSerializer.currentState_0 == 2'h2;
                          ^~~~~~~~~~~~~~~~~~~~~~
berkeley/generated/verification/cover/SidebandLinkSerializer_Verification_Cover.sv:5:24: warning: 'SidebandLinkSerializer' is an upward hierarchical name reference [-Wupward-name]
    _finalWaitDone_T & SidebandLinkSerializer.waitBitsDone_0
                       ^~~~~~~~~~~~~~~~~~~~~~
berkeley/generated/verification/cover/SidebandLinkSerializer_Verification_Cover.sv:6:7: warning: 'SidebandLinkSerializer' is an upward hierarchical name reference [-Wupward-name]
    & SidebandLinkSerializer.beatCount_0 == 4'h1;
      ^~~~~~~~~~~~~~~~~~~~~~
berkeley/generated/verification/cover/SidebandLinkSerializer_Verification_Cover.sv:8:24: warning: 'SidebandLinkSerializer' is an upward hierarchical name reference [-Wupward-name]
    _finalWaitDone_T & SidebandLinkSerializer.waitBitsDone_0
                       ^~~~~~~~~~~~~~~~~~~~~~
berkeley/generated/verification/cover/SidebandLinkSerializer_Verification_Cover.sv:9:7: warning: 'SidebandLinkSerializer' is an upward hierarchical name reference [-Wupward-name]
    & SidebandLinkSerializer.doneSending_0;
      ^~~~~~~~~~~~~~~~~~~~~~
berkeley/generated/verification/cover/SidebandLinkSerializer_Verification_Cover.sv:12:31: warning: 'SidebandLinkSerializer' is an upward hierarchical name reference [-Wupward-name]
    cover property (@(posedge SidebandLinkSerializer.clock)
                              ^~~~~~~~~~~~~~~~~~~~~~
berkeley/generated/verification/cover/SidebandLinkSerializer_Verification_Cover.sv:13:23: warning: 'SidebandLinkSerializer' is an upward hierarchical name reference [-Wupward-name]
                      SidebandLinkSerializer.reset
                      ^~~~~~~~~~~~~~~~~~~~~~
berkeley/generated/verification/cover/SidebandLinkSerializer_Verification_Cover.sv:14:25: warning: 'SidebandLinkSerializer' is an upward hierarchical name reference [-Wupward-name]
                      & SidebandLinkSerializer._newPacketValid_T);
                        ^~~~~~~~~~~~~~~~~~~~~~
berkeley/generated/verification/cover/SidebandLinkSerializer_Verification_Cover.sv:15:20: warning: 'SidebandLinkSerializer' is an upward hierarchical name reference [-Wupward-name]
  always @(posedge SidebandLinkSerializer.clock) begin
                   ^~~~~~~~~~~~~~~~~~~~~~
berkeley/generated/verification/cover/SidebandLinkSerializer_Verification_Cover.sv:16:10: warning: 'SidebandLinkSerializer' is an upward hierarchical name reference [-Wupward-name]
    if (~SidebandLinkSerializer.reset) begin
         ^~~~~~~~~~~~~~~~~~~~~~
berkeley/generated/verification/cover/SidebandLinkSerializer_Verification_Cover.sv:17:27: warning: 'SidebandLinkSerializer' is an upward hierarchical name reference [-Wupward-name]
      cover__cover: cover(SidebandLinkSerializer.acceptRaw_0);
                          ^~~~~~~~~~~~~~~~~~~~~~
berkeley/generated/verification/cover/SidebandLinkSerializer_Verification_Cover.sv:18:29: warning: 'SidebandLinkSerializer' is an upward hierarchical name reference [-Wupward-name]
      cover__cover_1: cover(SidebandLinkSerializer.acceptPacketNoData_0);
                            ^~~~~~~~~~~~~~~~~~~~~~
berkeley/generated/verification/cover/SidebandLinkSerializer_Verification_Cover.sv:19:29: warning: 'SidebandLinkSerializer' is an upward hierarchical name reference [-Wupward-name]
      cover__cover_2: cover(SidebandLinkSerializer.acceptPacketWithData_0);
                            ^~~~~~~~~~~~~~~~~~~~~~
berkeley/generated/verification/cover/SidebandLinkSerializer_Verification_Cover.sv:21:15: warning: 'SidebandLinkSerializer' is an upward hierarchical name reference [-Wupward-name]
        cover(SidebandLinkSerializer.currentState_0 == 2'h1
              ^~~~~~~~~~~~~~~~~~~~~~
berkeley/generated/verification/cover/SidebandLinkSerializer_Verification_Cover.sv:22:17: warning: 'SidebandLinkSerializer' is an upward hierarchical name reference [-Wupward-name]
              & SidebandLinkSerializer.outClkEn_0);
                ^~~~~~~~~~~~~~~~~~~~~~
berkeley/generated/verification/cover/SidebandLinkSerializer_Verification_Cover.sv:23:48: warning: 'SidebandLinkSerializer' is an upward hierarchical name reference [-Wupward-name]
      cover__cover_4: cover(_finalWaitDone_T & SidebandLinkSerializer.waitBitsCntEn_0);
                                               ^~~~~~~~~~~~~~~~~~~~~~
berkeley/generated/verification/cover/SidebandLinkSerializer_Verification_Cover.sv:24:45: warning: 'SidebandLinkSerializer' is an upward hierarchical name reference [-Wupward-name]
      cover__cover_5: cover(finalWaitDone & SidebandLinkSerializer.numBeats_0 == 4'h1);
                                            ^~~~~~~~~~~~~~~~~~~~~~
berkeley/generated/verification/cover/SidebandLinkSerializer_Verification_Cover.sv:28:15: warning: 'SidebandLinkSerializer' is an upward hierarchical name reference [-Wupward-name]
        cover(SidebandLinkSerializer.doneSending_0
              ^~~~~~~~~~~~~~~~~~~~~~
berkeley/generated/verification/cover/SidebandLinkSerializer_Verification_Cover.sv:29:17: warning: 'SidebandLinkSerializer' is an upward hierarchical name reference [-Wupward-name]
              & SidebandLinkSerializer.newPacketValid_0 & _finalWaitDone_T
                ^~~~~~~~~~~~~~~~~~~~~~
berkeley/generated/verification/cover/SidebandLinkSerializer_Verification_Cover.sv:30:17: warning: 'SidebandLinkSerializer' is an upward hierarchical name reference [-Wupward-name]
              & SidebandLinkSerializer.io_in_ready_1);
                ^~~~~~~~~~~~~~~~~~~~~~
berkeley/generated/verification/cover/SidebandLinkSerializer_Verification_Cover.sv:32:9: warning: 'SidebandLinkSerializer' is an upward hierarchical name reference [-Wupward-name]
    if (SidebandLinkSerializer.reset)
        ^~~~~~~~~~~~~~~~~~~~~~
berkeley/generated/verification/cover/SidebandLinkSerializer_Verification_Cover.sv:36:9: warning: 'SidebandLinkSerializer' is an upward hierarchical name reference [-Wupward-name]
        SidebandLinkSerializer.acceptPacketWithData_0 | ~finalWaitDone
        ^~~~~~~~~~~~~~~~~~~~~~
berkeley/generated/verification/cover/SidebandLinkSerializer_Verification_Cover.sv:37:9: warning: '&' within '|' [-Wbitwise-op-parentheses]
        & trackingPacket128;
        ^~~~~~~~~~~~~~~~~~~
berkeley/generated/verification/cover/SidebandLinkSerializer_Verification_Cover.sv:37:9: note: place parentheses around the '&' expression to silence this warning
        & trackingPacket128;
        ^~~~~~~~~~~~~~~~~~~
  in instance: UcieSerialBringUp_tb.berkeley_die.phy.logPhySidebandChannel.rdiIntfNode.priorityQueue.verification_cover
berkeley/generated/verification/cover/SidebandPriorityQueue_Verification_Cover.sv:3:20: warning: 'SidebandPriorityQueue' is an upward hierarchical name reference [-Wupward-name]
  always @(posedge SidebandPriorityQueue.clock) begin
                   ^~~~~~~~~~~~~~~~~~~~~
  in instance: UcieSerialBringUp_tb.berkeley_die.phy.logPhySidebandChannel.rdiIntfNode.priorityQueue.verification_cover
berkeley/generated/verification/cover/SidebandPriorityQueue_Verification_Cover.sv:4:10: warning: 'SidebandPriorityQueue' is an upward hierarchical name reference [-Wupward-name]
    if (~SidebandPriorityQueue.reset) begin
         ^~~~~~~~~~~~~~~~~~~~~
  in instance: UcieSerialBringUp_tb.berkeley_die.phy.logPhySidebandChannel.rdiIntfNode.priorityQueue.verification_cover
berkeley/generated/verification/cover/SidebandPriorityQueue_Verification_Cover.sv:6:15: warning: 'SidebandPriorityQueue' is an upward hierarchical name reference [-Wupward-name]
        cover(SidebandPriorityQueue.queues_0_io_enq_ready
              ^~~~~~~~~~~~~~~~~~~~~
  in instance: UcieSerialBringUp_tb.berkeley_die.phy.logPhySidebandChannel.rdiIntfNode.priorityQueue.verification_cover
berkeley/generated/verification/cover/SidebandPriorityQueue_Verification_Cover.sv:7:17: warning: 'SidebandPriorityQueue' is an upward hierarchical name reference [-Wupward-name]
              & SidebandPriorityQueue.queues_0_io_enq_valid);
                ^~~~~~~~~~~~~~~~~~~~~
  in instance: UcieSerialBringUp_tb.berkeley_die.phy.logPhySidebandChannel.rdiIntfNode.priorityQueue.verification_cover
berkeley/generated/verification/cover/SidebandPriorityQueue_Verification_Cover.sv:9:15: warning: 'SidebandPriorityQueue' is an upward hierarchical name reference [-Wupward-name]
        cover(SidebandPriorityQueue.queues_0_io_deq_ready
              ^~~~~~~~~~~~~~~~~~~~~
  in instance: UcieSerialBringUp_tb.berkeley_die.phy.logPhySidebandChannel.rdiIntfNode.priorityQueue.verification_cover
berkeley/generated/verification/cover/SidebandPriorityQueue_Verification_Cover.sv:10:17: warning: 'SidebandPriorityQueue' is an upward hierarchical name reference [-Wupward-name]
              & SidebandPriorityQueue.queues_0_io_deq_valid);
                ^~~~~~~~~~~~~~~~~~~~~
  in instance: UcieSerialBringUp_tb.berkeley_die.phy.logPhySidebandChannel.rdiIntfNode.priorityQueue.verification_cover
berkeley/generated/verification/cover/SidebandPriorityQueue_Verification_Cover.sv:12:15: warning: 'SidebandPriorityQueue' is an upward hierarchical name reference [-Wupward-name]
        cover(SidebandPriorityQueue.queues_0_io_enq_valid
              ^~~~~~~~~~~~~~~~~~~~~
  in instance: UcieSerialBringUp_tb.berkeley_die.phy.logPhySidebandChannel.rdiIntfNode.priorityQueue.verification_cover
berkeley/generated/verification/cover/SidebandPriorityQueue_Verification_Cover.sv:13:18: warning: 'SidebandPriorityQueue' is an upward hierarchical name reference [-Wupward-name]
              & ~SidebandPriorityQueue.queues_0_io_enq_ready);
                 ^~~~~~~~~~~~~~~~~~~~~
  in instance: UcieSerialBringUp_tb.berkeley_die.phy.logPhySidebandChannel.rdiIntfNode.priorityQueue.verification_cover
berkeley/generated/verification/cover/SidebandPriorityQueue_Verification_Cover.sv:15:15: warning: 'SidebandPriorityQueue' is an upward hierarchical name reference [-Wupward-name]
        cover(SidebandPriorityQueue.queues_1_io_enq_ready
              ^~~~~~~~~~~~~~~~~~~~~
  in instance: UcieSerialBringUp_tb.berkeley_die.phy.logPhySidebandChannel.rdiIntfNode.priorityQueue.verification_cover
berkeley/generated/verification/cover/SidebandPriorityQueue_Verification_Cover.sv:16:17: warning: 'SidebandPriorityQueue' is an upward hierarchical name reference [-Wupward-name]
              & SidebandPriorityQueue.queues_1_io_enq_valid);
                ^~~~~~~~~~~~~~~~~~~~~
  in instance: UcieSerialBringUp_tb.berkeley_die.phy.logPhySidebandChannel.rdiIntfNode.priorityQueue.verification_cover
berkeley/generated/verification/cover/SidebandPriorityQueue_Verification_Cover.sv:18:15: warning: 'SidebandPriorityQueue' is an upward hierarchical name reference [-Wupward-name]
        cover(SidebandPriorityQueue.queues_1_io_deq_ready
              ^~~~~~~~~~~~~~~~~~~~~
  in instance: UcieSerialBringUp_tb.berkeley_die.phy.logPhySidebandChannel.rdiIntfNode.priorityQueue.verification_cover
berkeley/generated/verification/cover/SidebandPriorityQueue_Verification_Cover.sv:19:17: warning: 'SidebandPriorityQueue' is an upward hierarchical name reference [-Wupward-name]
              & SidebandPriorityQueue.queues_1_io_deq_valid);
                ^~~~~~~~~~~~~~~~~~~~~
  in instance: UcieSerialBringUp_tb.berkeley_die.phy.logPhySidebandChannel.rdiIntfNode.priorityQueue.verification_cover
berkeley/generated/verification/cover/SidebandPriorityQueue_Verification_Cover.sv:21:15: warning: 'SidebandPriorityQueue' is an upward hierarchical name reference [-Wupward-name]
        cover(SidebandPriorityQueue.queues_1_io_enq_valid
              ^~~~~~~~~~~~~~~~~~~~~
  in instance: UcieSerialBringUp_tb.berkeley_die.phy.logPhySidebandChannel.rdiIntfNode.priorityQueue.verification_cover
berkeley/generated/verification/cover/SidebandPriorityQueue_Verification_Cover.sv:22:18: warning: 'SidebandPriorityQueue' is an upward hierarchical name reference [-Wupward-name]
              & ~SidebandPriorityQueue.queues_1_io_enq_ready);
                 ^~~~~~~~~~~~~~~~~~~~~
  in instance: UcieSerialBringUp_tb.berkeley_die.phy.logPhySidebandChannel.rdiIntfNode.priorityQueue.verification_cover
berkeley/generated/verification/cover/SidebandPriorityQueue_Verification_Cover.sv:24:15: warning: 'SidebandPriorityQueue' is an upward hierarchical name reference [-Wupward-name]
        cover(SidebandPriorityQueue.queues_2_io_enq_ready
              ^~~~~~~~~~~~~~~~~~~~~
  in instance: UcieSerialBringUp_tb.berkeley_die.phy.logPhySidebandChannel.rdiIntfNode.priorityQueue.verification_cover
berkeley/generated/verification/cover/SidebandPriorityQueue_Verification_Cover.sv:25:17: warning: 'SidebandPriorityQueue' is an upward hierarchical name reference [-Wupward-name]
              & SidebandPriorityQueue.queues_2_io_enq_valid);
                ^~~~~~~~~~~~~~~~~~~~~
  in instance: UcieSerialBringUp_tb.berkeley_die.phy.logPhySidebandChannel.rdiIntfNode.priorityQueue.verification_cover
berkeley/generated/verification/cover/SidebandPriorityQueue_Verification_Cover.sv:27:15: warning: 'SidebandPriorityQueue' is an upward hierarchical name reference [-Wupward-name]
        cover(SidebandPriorityQueue.queues_2_io_deq_ready
              ^~~~~~~~~~~~~~~~~~~~~
  in instance: UcieSerialBringUp_tb.berkeley_die.phy.logPhySidebandChannel.rdiIntfNode.priorityQueue.verification_cover
berkeley/generated/verification/cover/SidebandPriorityQueue_Verification_Cover.sv:28:17: warning: 'SidebandPriorityQueue' is an upward hierarchical name reference [-Wupward-name]
              & SidebandPriorityQueue.queues_2_io_deq_valid);
                ^~~~~~~~~~~~~~~~~~~~~
  in instance: UcieSerialBringUp_tb.berkeley_die.phy.logPhySidebandChannel.rdiIntfNode.priorityQueue.verification_cover
berkeley/generated/verification/cover/SidebandPriorityQueue_Verification_Cover.sv:30:15: warning: 'SidebandPriorityQueue' is an upward hierarchical name reference [-Wupward-name]
        cover(SidebandPriorityQueue.queues_2_io_enq_valid
              ^~~~~~~~~~~~~~~~~~~~~
  in instance: UcieSerialBringUp_tb.berkeley_die.phy.logPhySidebandChannel.rdiIntfNode.priorityQueue.verification_cover
berkeley/generated/verification/cover/SidebandPriorityQueue_Verification_Cover.sv:31:18: warning: 'SidebandPriorityQueue' is an upward hierarchical name reference [-Wupward-name]
              & ~SidebandPriorityQueue.queues_2_io_enq_ready);
                 ^~~~~~~~~~~~~~~~~~~~~
  in instance: UcieSerialBringUp_tb.berkeley_die.phy.logPhySidebandChannel.rdiIntfNode.priorityQueue.verification_cover
berkeley/generated/verification/cover/SidebandPriorityQueue_Verification_Cover.sv:33:15: warning: 'SidebandPriorityQueue' is an upward hierarchical name reference [-Wupward-name]
        cover(SidebandPriorityQueue.queues_3_io_enq_ready
              ^~~~~~~~~~~~~~~~~~~~~
  in instance: UcieSerialBringUp_tb.berkeley_die.phy.logPhySidebandChannel.rdiIntfNode.priorityQueue.verification_cover
berkeley/generated/verification/cover/SidebandPriorityQueue_Verification_Cover.sv:34:17: warning: 'SidebandPriorityQueue' is an upward hierarchical name reference [-Wupward-name]
              & SidebandPriorityQueue.queues_3_io_enq_valid);
                ^~~~~~~~~~~~~~~~~~~~~
  in instance: UcieSerialBringUp_tb.berkeley_die.phy.logPhySidebandChannel.rdiIntfNode.priorityQueue.verification_cover
berkeley/generated/verification/cover/SidebandPriorityQueue_Verification_Cover.sv:36:15: warning: 'SidebandPriorityQueue' is an upward hierarchical name reference [-Wupward-name]
        cover(SidebandPriorityQueue.queues_3_io_deq_ready
              ^~~~~~~~~~~~~~~~~~~~~
  in instance: UcieSerialBringUp_tb.berkeley_die.phy.logPhySidebandChannel.rdiIntfNode.priorityQueue.verification_cover
berkeley/generated/verification/cover/SidebandPriorityQueue_Verification_Cover.sv:37:17: warning: 'SidebandPriorityQueue' is an upward hierarchical name reference [-Wupward-name]
              & SidebandPriorityQueue.queues_3_io_deq_valid);
                ^~~~~~~~~~~~~~~~~~~~~
  in instance: UcieSerialBringUp_tb.berkeley_die.phy.logPhySidebandChannel.rdiIntfNode.priorityQueue.verification_cover
berkeley/generated/verification/cover/SidebandPriorityQueue_Verification_Cover.sv:39:15: warning: 'SidebandPriorityQueue' is an upward hierarchical name reference [-Wupward-name]
        cover(SidebandPriorityQueue.queues_3_io_enq_valid
              ^~~~~~~~~~~~~~~~~~~~~
  in instance: UcieSerialBringUp_tb.berkeley_die.phy.logPhySidebandChannel.rdiIntfNode.priorityQueue.verification_cover
berkeley/generated/verification/cover/SidebandPriorityQueue_Verification_Cover.sv:40:18: warning: 'SidebandPriorityQueue' is an upward hierarchical name reference [-Wupward-name]
              & ~SidebandPriorityQueue.queues_3_io_enq_ready);
                 ^~~~~~~~~~~~~~~~~~~~~
  in instance: UcieSerialBringUp_tb.berkeley_die.phy.logPhySidebandChannel.rdiIntfNode.priorityQueue.verification_cover
berkeley/generated/verification/cover/SidebandPriorityQueue_Verification_Cover.sv:42:15: warning: 'SidebandPriorityQueue' is an upward hierarchical name reference [-Wupward-name]
        cover(SidebandPriorityQueue.queues_0_io_deq_valid
              ^~~~~~~~~~~~~~~~~~~~~
  in instance: UcieSerialBringUp_tb.berkeley_die.phy.logPhySidebandChannel.rdiIntfNode.priorityQueue.verification_cover
berkeley/generated/verification/cover/SidebandPriorityQueue_Verification_Cover.sv:43:18: warning: 'SidebandPriorityQueue' is an upward hierarchical name reference [-Wupward-name]
              & (SidebandPriorityQueue.queues_1_io_deq_valid
                 ^~~~~~~~~~~~~~~~~~~~~
  in instance: UcieSerialBringUp_tb.berkeley_die.phy.logPhySidebandChannel.rdiIntfNode.priorityQueue.verification_cover
berkeley/generated/verification/cover/SidebandPriorityQueue_Verification_Cover.sv:44:20: warning: 'SidebandPriorityQueue' is an upward hierarchical name reference [-Wupward-name]
                 | SidebandPriorityQueue.queues_2_io_deq_valid
                   ^~~~~~~~~~~~~~~~~~~~~
  in instance: UcieSerialBringUp_tb.berkeley_die.phy.logPhySidebandChannel.rdiIntfNode.priorityQueue.verification_cover
berkeley/generated/verification/cover/SidebandPriorityQueue_Verification_Cover.sv:45:20: warning: 'SidebandPriorityQueue' is an upward hierarchical name reference [-Wupward-name]
                 | SidebandPriorityQueue.queues_3_io_deq_valid)
                   ^~~~~~~~~~~~~~~~~~~~~
  in instance: UcieSerialBringUp_tb.berkeley_die.phy.logPhySidebandChannel.rdiIntfNode.priorityQueue.verification_cover
berkeley/generated/verification/cover/SidebandPriorityQueue_Verification_Cover.sv:46:17: warning: 'SidebandPriorityQueue' is an upward hierarchical name reference [-Wupward-name]
              & SidebandPriorityQueue.io_deq_ready_1
                ^~~~~~~~~~~~~~~~~~~~~
  in instance: UcieSerialBringUp_tb.berkeley_die.phy.logPhySidebandChannel.rdiIntfNode.priorityQueue.verification_cover
berkeley/generated/verification/cover/SidebandPriorityQueue_Verification_Cover.sv:47:17: warning: 'SidebandPriorityQueue' is an upward hierarchical name reference [-Wupward-name]
              & SidebandPriorityQueue.io_deq_valid_1
                ^~~~~~~~~~~~~~~~~~~~~
  in instance: UcieSerialBringUp_tb.berkeley_die.phy.logPhySidebandChannel.rdiIntfNode.priorityQueue.verification_cover
berkeley/generated/verification/cover/SidebandPriorityQueue_Verification_Cover.sv:48:17: warning: 'SidebandPriorityQueue' is an upward hierarchical name reference [-Wupward-name]
              & SidebandPriorityQueue.deqArbiter_io_chosen == 2'h0);
                ^~~~~~~~~~~~~~~~~~~~~
berkeley/generated/verification/cover/SidebandSwitch_1_Verification_Cover.sv:4:5: warning: 'SidebandSwitch_1' is an upward hierarchical name reference [-Wupward-name]
    SidebandSwitch_1.io_upperLayer_from_ready_1
    ^~~~~~~~~~~~~~~~
berkeley/generated/verification/cover/SidebandSwitch_1_Verification_Cover.sv:5:7: warning: 'SidebandSwitch_1' is an upward hierarchical name reference [-Wupward-name]
    & SidebandSwitch_1.io_upperLayer_from_valid_1;
      ^~~~~~~~~~~~~~~~
berkeley/generated/verification/cover/SidebandSwitch_1_Verification_Cover.sv:7:5: warning: 'SidebandSwitch_1' is an upward hierarchical name reference [-Wupward-name]
    SidebandSwitch_1.io_lowerLayer_from_ready_1
    ^~~~~~~~~~~~~~~~
berkeley/generated/verification/cover/SidebandSwitch_1_Verification_Cover.sv:8:7: warning: 'SidebandSwitch_1' is an upward hierarchical name reference [-Wupward-name]
    & SidebandSwitch_1.io_lowerLayer_from_valid_1;
      ^~~~~~~~~~~~~~~~
berkeley/generated/verification/cover/SidebandSwitch_1_Verification_Cover.sv:10:5: warning: 'SidebandSwitch_1' is an upward hierarchical name reference [-Wupward-name]
    SidebandSwitch_1.io_currLayer_from_ready_1
    ^~~~~~~~~~~~~~~~
berkeley/generated/verification/cover/SidebandSwitch_1_Verification_Cover.sv:11:7: warning: 'SidebandSwitch_1' is an upward hierarchical name reference [-Wupward-name]
    & SidebandSwitch_1.io_currLayer_from_valid_1;
      ^~~~~~~~~~~~~~~~
berkeley/generated/verification/cover/SidebandSwitch_1_Verification_Cover.sv:13:5: warning: 'SidebandSwitch_1' is an upward hierarchical name reference [-Wupward-name]
    SidebandSwitch_1.arbiterToCurrLayer_io_out_ready
    ^~~~~~~~~~~~~~~~
berkeley/generated/verification/cover/SidebandSwitch_1_Verification_Cover.sv:14:7: warning: 'SidebandSwitch_1' is an upward hierarchical name reference [-Wupward-name]
    & SidebandSwitch_1.arbiterToCurrLayer_io_out_valid;
      ^~~~~~~~~~~~~~~~
berkeley/generated/verification/cover/SidebandSwitch_1_Verification_Cover.sv:16:5: warning: 'SidebandSwitch_1' is an upward hierarchical name reference [-Wupward-name]
    SidebandSwitch_1.arbiterToUpperLayer_io_out_ready
    ^~~~~~~~~~~~~~~~
berkeley/generated/verification/cover/SidebandSwitch_1_Verification_Cover.sv:17:7: warning: 'SidebandSwitch_1' is an upward hierarchical name reference [-Wupward-name]
    & SidebandSwitch_1.arbiterToUpperLayer_io_out_valid;
      ^~~~~~~~~~~~~~~~
berkeley/generated/verification/cover/SidebandSwitch_1_Verification_Cover.sv:19:5: warning: 'SidebandSwitch_1' is an upward hierarchical name reference [-Wupward-name]
    SidebandSwitch_1.arbiterToLowerLayer_io_out_ready
    ^~~~~~~~~~~~~~~~
berkeley/generated/verification/cover/SidebandSwitch_1_Verification_Cover.sv:20:7: warning: 'SidebandSwitch_1' is an upward hierarchical name reference [-Wupward-name]
    & SidebandSwitch_1.arbiterToLowerLayer_io_out_valid;
      ^~~~~~~~~~~~~~~~
berkeley/generated/verification/cover/SidebandSwitch_1_Verification_Cover.sv:21:20: warning: 'SidebandSwitch_1' is an upward hierarchical name reference [-Wupward-name]
  always @(posedge SidebandSwitch_1.clock) begin
                   ^~~~~~~~~~~~~~~~
berkeley/generated/verification/cover/SidebandSwitch_1_Verification_Cover.sv:22:10: warning: 'SidebandSwitch_1' is an upward hierarchical name reference [-Wupward-name]
    if (~SidebandSwitch_1.reset) begin
         ^~~~~~~~~~~~~~~~
berkeley/generated/verification/cover/SidebandSwitch_1_Verification_Cover.sv:23:34: warning: 'SidebandSwitch_1' is an upward hierarchical name reference [-Wupward-name]
      cover__cover: cover(_GEN & SidebandSwitch_1.upperToCurr_0);
                                 ^~~~~~~~~~~~~~~~
berkeley/generated/verification/cover/SidebandSwitch_1_Verification_Cover.sv:24:36: warning: 'SidebandSwitch_1' is an upward hierarchical name reference [-Wupward-name]
      cover__cover_1: cover(_GEN & SidebandSwitch_1.upperToLower_0);
                                   ^~~~~~~~~~~~~~~~
berkeley/generated/verification/cover/SidebandSwitch_1_Verification_Cover.sv:25:38: warning: 'SidebandSwitch_1' is an upward hierarchical name reference [-Wupward-name]
      cover__cover_2: cover(_GEN_0 & SidebandSwitch_1.lowerToCurr_0);
                                     ^~~~~~~~~~~~~~~~
berkeley/generated/verification/cover/SidebandSwitch_1_Verification_Cover.sv:26:38: warning: 'SidebandSwitch_1' is an upward hierarchical name reference [-Wupward-name]
      cover__cover_3: cover(_GEN_0 & SidebandSwitch_1.lowerToUpper_0);
                                     ^~~~~~~~~~~~~~~~
berkeley/generated/verification/cover/SidebandSwitch_1_Verification_Cover.sv:27:38: warning: 'SidebandSwitch_1' is an upward hierarchical name reference [-Wupward-name]
      cover__cover_4: cover(_GEN_1 & SidebandSwitch_1.currToUpper_0);
                                     ^~~~~~~~~~~~~~~~
berkeley/generated/verification/cover/SidebandSwitch_1_Verification_Cover.sv:28:38: warning: 'SidebandSwitch_1' is an upward hierarchical name reference [-Wupward-name]
      cover__cover_5: cover(_GEN_1 & SidebandSwitch_1.currToLower_0);
                                     ^~~~~~~~~~~~~~~~
berkeley/generated/verification/cover/SidebandSwitch_1_Verification_Cover.sv:29:29: warning: 'SidebandSwitch_1' is an upward hierarchical name reference [-Wupward-name]
      cover__cover_6: cover(SidebandSwitch_1.io_err_invalidRouteUpper_1);
                            ^~~~~~~~~~~~~~~~
berkeley/generated/verification/cover/SidebandSwitch_1_Verification_Cover.sv:30:29: warning: 'SidebandSwitch_1' is an upward hierarchical name reference [-Wupward-name]
      cover__cover_7: cover(SidebandSwitch_1.io_err_invalidRouteCurr_1);
                            ^~~~~~~~~~~~~~~~
berkeley/generated/verification/cover/SidebandSwitch_1_Verification_Cover.sv:31:29: warning: 'SidebandSwitch_1' is an upward hierarchical name reference [-Wupward-name]
      cover__cover_8: cover(SidebandSwitch_1.io_err_invalidRouteLower_1);
                            ^~~~~~~~~~~~~~~~
berkeley/generated/verification/cover/SidebandSwitch_1_Verification_Cover.sv:33:15: warning: 'SidebandSwitch_1' is an upward hierarchical name reference [-Wupward-name]
        cover(SidebandSwitch_1.io_upperLayer_from_valid_1
              ^~~~~~~~~~~~~~~~
berkeley/generated/verification/cover/SidebandSwitch_1_Verification_Cover.sv:34:18: warning: 'SidebandSwitch_1' is an upward hierarchical name reference [-Wupward-name]
              & ~SidebandSwitch_1.io_upperLayer_from_ready_1);
                 ^~~~~~~~~~~~~~~~
berkeley/generated/verification/cover/SidebandSwitch_1_Verification_Cover.sv:36:15: warning: 'SidebandSwitch_1' is an upward hierarchical name reference [-Wupward-name]
        cover(SidebandSwitch_1.io_currLayer_from_valid_1
              ^~~~~~~~~~~~~~~~
berkeley/generated/verification/cover/SidebandSwitch_1_Verification_Cover.sv:37:18: warning: 'SidebandSwitch_1' is an upward hierarchical name reference [-Wupward-name]
              & ~SidebandSwitch_1.io_currLayer_from_ready_1);
                 ^~~~~~~~~~~~~~~~
berkeley/generated/verification/cover/SidebandSwitch_1_Verification_Cover.sv:39:15: warning: 'SidebandSwitch_1' is an upward hierarchical name reference [-Wupward-name]
        cover(SidebandSwitch_1.io_lowerLayer_from_valid_1
              ^~~~~~~~~~~~~~~~
berkeley/generated/verification/cover/SidebandSwitch_1_Verification_Cover.sv:40:18: warning: 'SidebandSwitch_1' is an upward hierarchical name reference [-Wupward-name]
              & ~SidebandSwitch_1.io_lowerLayer_from_ready_1);
                 ^~~~~~~~~~~~~~~~
berkeley/generated/verification/cover/SidebandSwitch_1_Verification_Cover.sv:42:15: warning: 'SidebandSwitch_1' is an upward hierarchical name reference [-Wupward-name]
        cover(SidebandSwitch_1.arbiterToCurrLayer_io_in_0_valid
              ^~~~~~~~~~~~~~~~
berkeley/generated/verification/cover/SidebandSwitch_1_Verification_Cover.sv:43:17: warning: 'SidebandSwitch_1' is an upward hierarchical name reference [-Wupward-name]
              & SidebandSwitch_1.arbiterToCurrLayer_io_in_1_valid);
                ^~~~~~~~~~~~~~~~
berkeley/generated/verification/cover/SidebandSwitch_1_Verification_Cover.sv:44:40: warning: 'SidebandSwitch_1' is an upward hierarchical name reference [-Wupward-name]
      cover__cover_13: cover(_GEN_2 & ~SidebandSwitch_1.arbiterToCurrLayer_io_chosen);
                                       ^~~~~~~~~~~~~~~~
berkeley/generated/verification/cover/SidebandSwitch_1_Verification_Cover.sv:45:39: warning: 'SidebandSwitch_1' is an upward hierarchical name reference [-Wupward-name]
      cover__cover_14: cover(_GEN_2 & SidebandSwitch_1.arbiterToCurrLayer_io_chosen);
                                      ^~~~~~~~~~~~~~~~
berkeley/generated/verification/cover/SidebandSwitch_1_Verification_Cover.sv:47:15: warning: 'SidebandSwitch_1' is an upward hierarchical name reference [-Wupward-name]
        cover(SidebandSwitch_1.arbiterToUpperLayer_io_in_0_valid
              ^~~~~~~~~~~~~~~~
berkeley/generated/verification/cover/SidebandSwitch_1_Verification_Cover.sv:48:17: warning: 'SidebandSwitch_1' is an upward hierarchical name reference [-Wupward-name]
              & SidebandSwitch_1.arbiterToUpperLayer_io_in_1_valid);
                ^~~~~~~~~~~~~~~~
berkeley/generated/verification/cover/SidebandSwitch_1_Verification_Cover.sv:49:40: warning: 'SidebandSwitch_1' is an upward hierarchical name reference [-Wupward-name]
      cover__cover_16: cover(_GEN_3 & ~SidebandSwitch_1.arbiterToUpperLayer_io_chosen);
                                       ^~~~~~~~~~~~~~~~
berkeley/generated/verification/cover/SidebandSwitch_1_Verification_Cover.sv:50:39: warning: 'SidebandSwitch_1' is an upward hierarchical name reference [-Wupward-name]
      cover__cover_17: cover(_GEN_3 & SidebandSwitch_1.arbiterToUpperLayer_io_chosen);
                                      ^~~~~~~~~~~~~~~~
berkeley/generated/verification/cover/SidebandSwitch_1_Verification_Cover.sv:52:15: warning: 'SidebandSwitch_1' is an upward hierarchical name reference [-Wupward-name]
        cover(SidebandSwitch_1.arbiterToLowerLayer_io_in_0_valid
              ^~~~~~~~~~~~~~~~
berkeley/generated/verification/cover/SidebandSwitch_1_Verification_Cover.sv:53:17: warning: 'SidebandSwitch_1' is an upward hierarchical name reference [-Wupward-name]
              & SidebandSwitch_1.arbiterToLowerLayer_io_in_1_valid);
                ^~~~~~~~~~~~~~~~
berkeley/generated/verification/cover/SidebandSwitch_1_Verification_Cover.sv:54:40: warning: 'SidebandSwitch_1' is an upward hierarchical name reference [-Wupward-name]
      cover__cover_19: cover(_GEN_4 & ~SidebandSwitch_1.arbiterToLowerLayer_io_chosen);
                                       ^~~~~~~~~~~~~~~~
berkeley/generated/verification/cover/SidebandSwitch_1_Verification_Cover.sv:55:39: warning: 'SidebandSwitch_1' is an upward hierarchical name reference [-Wupward-name]
      cover__cover_20: cover(_GEN_4 & SidebandSwitch_1.arbiterToLowerLayer_io_chosen);
                                      ^~~~~~~~~~~~~~~~
berkeley/generated/verification/cover/SidebandSwitch_Verification_Cover.sv:4:5: warning: 'SidebandSwitch' is an upward hierarchical name reference [-Wupward-name]
    SidebandSwitch.io_lowerLayer_from_ready_1 & SidebandSwitch.io_lowerLayer_from_valid_1;
    ^~~~~~~~~~~~~~
berkeley/generated/verification/cover/SidebandSwitch_Verification_Cover.sv:4:49: warning: 'SidebandSwitch' is an upward hierarchical name reference [-Wupward-name]
    SidebandSwitch.io_lowerLayer_from_ready_1 & SidebandSwitch.io_lowerLayer_from_valid_1;
                                                ^~~~~~~~~~~~~~
berkeley/generated/verification/cover/SidebandSwitch_Verification_Cover.sv:6:5: warning: 'SidebandSwitch' is an upward hierarchical name reference [-Wupward-name]
    SidebandSwitch.io_currLayer_from_ready_1 & SidebandSwitch.io_currLayer_from_valid_1;
    ^~~~~~~~~~~~~~
berkeley/generated/verification/cover/SidebandSwitch_Verification_Cover.sv:6:48: warning: 'SidebandSwitch' is an upward hierarchical name reference [-Wupward-name]
    SidebandSwitch.io_currLayer_from_ready_1 & SidebandSwitch.io_currLayer_from_valid_1;
                                               ^~~~~~~~~~~~~~
berkeley/generated/verification/cover/SidebandSwitch_Verification_Cover.sv:8:5: warning: 'SidebandSwitch' is an upward hierarchical name reference [-Wupward-name]
    SidebandSwitch.arbiterToCurrLayer_io_out_ready
    ^~~~~~~~~~~~~~
berkeley/generated/verification/cover/SidebandSwitch_Verification_Cover.sv:9:7: warning: 'SidebandSwitch' is an upward hierarchical name reference [-Wupward-name]
    & SidebandSwitch.arbiterToCurrLayer_io_out_valid;
      ^~~~~~~~~~~~~~
berkeley/generated/verification/cover/SidebandSwitch_Verification_Cover.sv:11:5: warning: 'SidebandSwitch' is an upward hierarchical name reference [-Wupward-name]
    SidebandSwitch.arbiterToUpperLayer_io_out_ready
    ^~~~~~~~~~~~~~
berkeley/generated/verification/cover/SidebandSwitch_Verification_Cover.sv:12:7: warning: 'SidebandSwitch' is an upward hierarchical name reference [-Wupward-name]
    & SidebandSwitch.arbiterToUpperLayer_io_out_valid;
      ^~~~~~~~~~~~~~
berkeley/generated/verification/cover/SidebandSwitch_Verification_Cover.sv:14:5: warning: 'SidebandSwitch' is an upward hierarchical name reference [-Wupward-name]
    SidebandSwitch.arbiterToLowerLayer_io_out_ready
    ^~~~~~~~~~~~~~
berkeley/generated/verification/cover/SidebandSwitch_Verification_Cover.sv:15:7: warning: 'SidebandSwitch' is an upward hierarchical name reference [-Wupward-name]
    & SidebandSwitch.arbiterToLowerLayer_io_out_valid;
      ^~~~~~~~~~~~~~
berkeley/generated/verification/cover/SidebandSwitch_Verification_Cover.sv:16:20: warning: 'SidebandSwitch' is an upward hierarchical name reference [-Wupward-name]
  always @(posedge SidebandSwitch.clock) begin
                   ^~~~~~~~~~~~~~
berkeley/generated/verification/cover/SidebandSwitch_Verification_Cover.sv:17:10: warning: 'SidebandSwitch' is an upward hierarchical name reference [-Wupward-name]
    if (~SidebandSwitch.reset) begin
         ^~~~~~~~~~~~~~
berkeley/generated/verification/cover/SidebandSwitch_Verification_Cover.sv:19:15: warning: 'SidebandSwitch' is an upward hierarchical name reference [-Wupward-name]
        cover(SidebandSwitch.io_upperLayer_from_ready_1
              ^~~~~~~~~~~~~~
berkeley/generated/verification/cover/SidebandSwitch_Verification_Cover.sv:20:17: warning: 'SidebandSwitch' is an upward hierarchical name reference [-Wupward-name]
              & SidebandSwitch.io_upperLayer_from_valid_1 & SidebandSwitch.upperToCurr_0);
                ^~~~~~~~~~~~~~
berkeley/generated/verification/cover/SidebandSwitch_Verification_Cover.sv:20:61: warning: 'SidebandSwitch' is an upward hierarchical name reference [-Wupward-name]
              & SidebandSwitch.io_upperLayer_from_valid_1 & SidebandSwitch.upperToCurr_0);
                                                            ^~~~~~~~~~~~~~
berkeley/generated/verification/cover/SidebandSwitch_Verification_Cover.sv:21:36: warning: 'SidebandSwitch' is an upward hierarchical name reference [-Wupward-name]
      cover__cover_1: cover(_GEN & SidebandSwitch.lowerToCurr_0);
                                   ^~~~~~~~~~~~~~
berkeley/generated/verification/cover/SidebandSwitch_Verification_Cover.sv:22:36: warning: 'SidebandSwitch' is an upward hierarchical name reference [-Wupward-name]
      cover__cover_2: cover(_GEN & SidebandSwitch.lowerToUpper_0);
                                   ^~~~~~~~~~~~~~
berkeley/generated/verification/cover/SidebandSwitch_Verification_Cover.sv:23:38: warning: 'SidebandSwitch' is an upward hierarchical name reference [-Wupward-name]
      cover__cover_3: cover(_GEN_0 & SidebandSwitch.currToUpper_0);
                                     ^~~~~~~~~~~~~~
berkeley/generated/verification/cover/SidebandSwitch_Verification_Cover.sv:24:38: warning: 'SidebandSwitch' is an upward hierarchical name reference [-Wupward-name]
      cover__cover_4: cover(_GEN_0 & SidebandSwitch.currToLower_0);
                                     ^~~~~~~~~~~~~~
berkeley/generated/verification/cover/SidebandSwitch_Verification_Cover.sv:25:29: warning: 'SidebandSwitch' is an upward hierarchical name reference [-Wupward-name]
      cover__cover_5: cover(SidebandSwitch.io_err_invalidRouteUpper_1);
                            ^~~~~~~~~~~~~~
berkeley/generated/verification/cover/SidebandSwitch_Verification_Cover.sv:26:29: warning: 'SidebandSwitch' is an upward hierarchical name reference [-Wupward-name]
      cover__cover_6: cover(SidebandSwitch.io_err_invalidRouteCurr_1);
                            ^~~~~~~~~~~~~~
berkeley/generated/verification/cover/SidebandSwitch_Verification_Cover.sv:27:29: warning: 'SidebandSwitch' is an upward hierarchical name reference [-Wupward-name]
      cover__cover_7: cover(SidebandSwitch.io_err_invalidRouteLower_1);
                            ^~~~~~~~~~~~~~
berkeley/generated/verification/cover/SidebandSwitch_Verification_Cover.sv:29:15: warning: 'SidebandSwitch' is an upward hierarchical name reference [-Wupward-name]
        cover(SidebandSwitch.io_upperLayer_from_valid_1
              ^~~~~~~~~~~~~~
berkeley/generated/verification/cover/SidebandSwitch_Verification_Cover.sv:30:18: warning: 'SidebandSwitch' is an upward hierarchical name reference [-Wupward-name]
              & ~SidebandSwitch.io_upperLayer_from_ready_1);
                 ^~~~~~~~~~~~~~
berkeley/generated/verification/cover/SidebandSwitch_Verification_Cover.sv:32:15: warning: 'SidebandSwitch' is an upward hierarchical name reference [-Wupward-name]
        cover(SidebandSwitch.io_currLayer_from_valid_1
              ^~~~~~~~~~~~~~
berkeley/generated/verification/cover/SidebandSwitch_Verification_Cover.sv:33:18: warning: 'SidebandSwitch' is an upward hierarchical name reference [-Wupward-name]
              & ~SidebandSwitch.io_currLayer_from_ready_1);
                 ^~~~~~~~~~~~~~
berkeley/generated/verification/cover/SidebandSwitch_Verification_Cover.sv:35:15: warning: 'SidebandSwitch' is an upward hierarchical name reference [-Wupward-name]
        cover(SidebandSwitch.io_lowerLayer_from_valid_1
              ^~~~~~~~~~~~~~
berkeley/generated/verification/cover/SidebandSwitch_Verification_Cover.sv:36:18: warning: 'SidebandSwitch' is an upward hierarchical name reference [-Wupward-name]
              & ~SidebandSwitch.io_lowerLayer_from_ready_1);
                 ^~~~~~~~~~~~~~
berkeley/generated/verification/cover/SidebandSwitch_Verification_Cover.sv:38:15: warning: 'SidebandSwitch' is an upward hierarchical name reference [-Wupward-name]
        cover(SidebandSwitch.arbiterToCurrLayer_io_in_0_valid
              ^~~~~~~~~~~~~~
berkeley/generated/verification/cover/SidebandSwitch_Verification_Cover.sv:39:17: warning: 'SidebandSwitch' is an upward hierarchical name reference [-Wupward-name]
              & SidebandSwitch.arbiterToCurrLayer_io_in_1_valid);
                ^~~~~~~~~~~~~~
berkeley/generated/verification/cover/SidebandSwitch_Verification_Cover.sv:40:40: warning: 'SidebandSwitch' is an upward hierarchical name reference [-Wupward-name]
      cover__cover_12: cover(_GEN_1 & ~SidebandSwitch.arbiterToCurrLayer_io_chosen);
                                       ^~~~~~~~~~~~~~
berkeley/generated/verification/cover/SidebandSwitch_Verification_Cover.sv:41:39: warning: 'SidebandSwitch' is an upward hierarchical name reference [-Wupward-name]
      cover__cover_13: cover(_GEN_1 & SidebandSwitch.arbiterToCurrLayer_io_chosen);
                                      ^~~~~~~~~~~~~~
berkeley/generated/verification/cover/SidebandSwitch_Verification_Cover.sv:43:15: warning: 'SidebandSwitch' is an upward hierarchical name reference [-Wupward-name]
        cover(SidebandSwitch.arbiterToUpperLayer_io_in_0_valid
              ^~~~~~~~~~~~~~
berkeley/generated/verification/cover/SidebandSwitch_Verification_Cover.sv:44:17: warning: 'SidebandSwitch' is an upward hierarchical name reference [-Wupward-name]
              & SidebandSwitch.arbiterToUpperLayer_io_in_1_valid);
                ^~~~~~~~~~~~~~
berkeley/generated/verification/cover/SidebandSwitch_Verification_Cover.sv:45:40: warning: 'SidebandSwitch' is an upward hierarchical name reference [-Wupward-name]
      cover__cover_15: cover(_GEN_2 & ~SidebandSwitch.arbiterToUpperLayer_io_chosen);
                                       ^~~~~~~~~~~~~~
berkeley/generated/verification/cover/SidebandSwitch_Verification_Cover.sv:46:39: warning: 'SidebandSwitch' is an upward hierarchical name reference [-Wupward-name]
      cover__cover_16: cover(_GEN_2 & SidebandSwitch.arbiterToUpperLayer_io_chosen);
                                      ^~~~~~~~~~~~~~
berkeley/generated/verification/cover/SidebandSwitch_Verification_Cover.sv:48:15: warning: 'SidebandSwitch' is an upward hierarchical name reference [-Wupward-name]
        cover(SidebandSwitch.arbiterToLowerLayer_io_in_0_valid
              ^~~~~~~~~~~~~~
berkeley/generated/verification/cover/SidebandSwitch_Verification_Cover.sv:49:17: warning: 'SidebandSwitch' is an upward hierarchical name reference [-Wupward-name]
              & SidebandSwitch.arbiterToLowerLayer_io_in_1_valid);
                ^~~~~~~~~~~~~~
berkeley/generated/verification/cover/SidebandSwitch_Verification_Cover.sv:50:40: warning: 'SidebandSwitch' is an upward hierarchical name reference [-Wupward-name]
      cover__cover_18: cover(_GEN_3 & ~SidebandSwitch.arbiterToLowerLayer_io_chosen);
                                       ^~~~~~~~~~~~~~
berkeley/generated/verification/cover/SidebandSwitch_Verification_Cover.sv:51:39: warning: 'SidebandSwitch' is an upward hierarchical name reference [-Wupward-name]
      cover__cover_19: cover(_GEN_3 & SidebandSwitch.arbiterToLowerLayer_io_chosen);
                                      ^~~~~~~~~~~~~~
tb/UPMSerialBringUpModels.sv:28:17: warning: implicit conversion changes signedness from 'logic[31:0]' to 'integer' [-Wsign-conversion]
    phase_int = remote_tx_phase;
              ~ ^~~~~~~~~~~~~~~
tb/UPMSerialBringUpModels.sv:28:17: warning: implicit conversion expands from 4 to 32 bits [-Wwidth-expand]
    phase_int = remote_tx_phase;
              ~ ^~~~~~~~~~~~~~~
tb/UPMSerialBringUpModels.sv:32:18: warning: comparison of differently signed types ('integer' and 'int unsigned') [-Wsign-compare]
      (phase_int >= WINDOW_LEFT) &&
       ~~~~~~~~~ ^~ ~~~~~~~~~~~
tb/UPMSerialBringUpModels.sv:33:18: warning: comparison of differently signed types ('integer' and 'int unsigned') [-Wsign-compare]
      (phase_int <= WINDOW_RIGHT);
       ~~~~~~~~~ ^~ ~~~~~~~~~~~~
tb/UPMSerialBringUpModels.sv:76:29: warning: implicit conversion changes signedness from 'logic[31:0]' to 'integer' [-Wsign-conversion]
    phase_int             = remote_tx_phase;
                          ~ ^~~~~~~~~~~~~~~
tb/UPMSerialBringUpModels.sv:76:29: warning: implicit conversion expands from 4 to 32 bits [-Wwidth-expand]
    phase_int             = remote_tx_phase;
                          ~ ^~~~~~~~~~~~~~~
tb/UPMSerialBringUpModels.sv:87:27: warning: implicit conversion changes signedness from 'logic[31:0]' to 'integer' [-Wsign-conversion]
        base_center_int = BASE_CENTER + (lane % 4);
                        ~ ^~~~~~~~~~~~~~~~~~~~~~~~
tb/UPMSerialBringUpModels.sv:87:39: warning: arithmetic between operands of different types ('int unsigned' and 'integer') [-Warith-op-mismatch]
        base_center_int = BASE_CENTER + (lane % 4);
                          ~~~~~~~~~~~ ^  ~~~~~~~~
tb/UPMSerialBringUpModels.sv:87:42: warning: implicit conversion changes signedness from 'integer' to 'logic[31:0]' [-Wsign-conversion]
        base_center_int = BASE_CENTER + (lane % 4);
                                      ~  ^~~~
tb/UPMSerialBringUpModels.sv:88:27: warning: implicit conversion changes signedness from 'logic[31:0]' to 'integer' [-Wsign-conversion]
        deskew_code_int = remote_tx_deskew_codes[
                        ~ ^~~~~~~~~~~~~~~~~~~~~~~
tb/UPMSerialBringUpModels.sv:88:27: warning: implicit conversion expands from 4 to 32 bits [-Wwidth-expand]
        deskew_code_int = remote_tx_deskew_codes[
                        ~ ^~~~~~~~~~~~~~~~~~~~~~~
tb/UPMSerialBringUpModels.sv:89:11: warning: implicit conversion changes signedness from 'integer' to 'logic[31:0]' [-Wsign-conversion]
          lane*TX_DESKEW_CODE_WIDTH +: TX_DESKEW_CODE_WIDTH
          ^~~~~
tb/UPMSerialBringUpModels.sv:89:15: warning: arithmetic between operands of different types ('integer' and 'int unsigned') [-Warith-op-mismatch]
          lane*TX_DESKEW_CODE_WIDTH +: TX_DESKEW_CODE_WIDTH
          ~~~~^~~~~~~~~~~~~~~~~~~~~
tb/UPMSerialBringUpModels.sv:91:34: warning: implicit conversion changes signedness from 'integer' to 'logic[31:0]' [-Wsign-conversion]
        deskew_phase_steps_int = deskew_code_int / DESKEW_STEPS_PER_PI;
                                 ^~~~~~~~~~~~~~~ ~
tb/UPMSerialBringUpModels.sv:91:50: warning: arithmetic between operands of different types ('integer' and 'int unsigned') [-Warith-op-mismatch]
        deskew_phase_steps_int = deskew_code_int / DESKEW_STEPS_PER_PI;
                                 ~~~~~~~~~~~~~~~ ^ ~~~~~~~~~~~~~~~~~~~
tb/UPMSerialBringUpModels.sv:98:26: warning: implicit conversion changes signedness from 'integer' to 'logic[31:0]' [-Wsign-conversion]
        lower_edge_int = shifted_center_int - HALF_EYE_WIDTH;
                         ^~~~~~~~~~~~~~~~~~ ~
tb/UPMSerialBringUpModels.sv:98:45: warning: arithmetic between operands of different types ('integer' and 'int unsigned') [-Warith-op-mismatch]
        lower_edge_int = shifted_center_int - HALF_EYE_WIDTH;
                         ~~~~~~~~~~~~~~~~~~ ^ ~~~~~~~~~~~~~~
tb/UPMSerialBringUpModels.sv:99:26: warning: implicit conversion changes signedness from 'integer' to 'logic[31:0]' [-Wsign-conversion]
        upper_edge_int = shifted_center_int + HALF_EYE_WIDTH;
                         ^~~~~~~~~~~~~~~~~~ ~
tb/UPMSerialBringUpModels.sv:99:45: warning: arithmetic between operands of different types ('integer' and 'int unsigned') [-Warith-op-mismatch]
        upper_edge_int = shifted_center_int + HALF_EYE_WIDTH;
                         ~~~~~~~~~~~~~~~~~~ ^ ~~~~~~~~~~~~~~
tb/UPMSerialBringUpModels.sv:102:31: warning: comparison of differently signed types ('integer' and 'int unsigned') [-Wsign-compare]
          (shifted_center_int < PHASE_COUNT) &&
           ~~~~~~~~~~~~~~~~~~ ^ ~~~~~~~~~~~
tb/UPMSerialBringUpModels.sv:135:17: warning: implicit conversion changes signedness from 'logic[31:0]' to 'integer' [-Wsign-conversion]
    phase_int = remote_tx_phase;
              ~ ^~~~~~~~~~~~~~~
tb/UPMSerialBringUpModels.sv:135:17: warning: implicit conversion expands from 4 to 32 bits [-Wwidth-expand]
    phase_int = remote_tx_phase;
              ~ ^~~~~~~~~~~~~~~
tb/UPMSerialBringUpModels.sv:139:18: warning: comparison of differently signed types ('integer' and 'int unsigned') [-Wsign-compare]
      (phase_int >= WINDOW_LEFT) &&
       ~~~~~~~~~ ^~ ~~~~~~~~~~~
tb/UPMSerialBringUpModels.sv:140:18: warning: comparison of differently signed types ('integer' and 'int unsigned') [-Wsign-compare]
      (phase_int <= WINDOW_RIGHT);
       ~~~~~~~~~ ^~ ~~~~~~~~~~~~
tb/UcieSerialBringUp_tb.sv:33:28: warning: output port 'ltsm_flagToAnalog_d2cSender_valTrainCenter_txClockPhaseCode' has no connection [-Wunconnected-output-port]
  UPMSerialDieBringUpModel upm_die (
                           ^
tb/UcieSerialBringUp_tb.sv:33:28: warning: output port 'ltsm_flagToAnalog_d2cSender_dataTrainCenter1_txClockPhaseCode' has no connection [-Wunconnected-output-port]
  UPMSerialDieBringUpModel upm_die (
                           ^
tb/UcieSerialBringUp_tb.sv:33:28: warning: output port 'ltsm_flagToAnalog_d2cSender_dataTrainCenter1_txLaneDeskewCodes' has no connection [-Wunconnected-output-port]
  UPMSerialDieBringUpModel upm_die (
                           ^
tb/UcieSerialBringUp_tb.sv:33:28: warning: output port 'ltsm_flagToAnalog_d2cSender_dataTrainCenter2_txClockPhaseCode' has no connection [-Wunconnected-output-port]
  UPMSerialDieBringUpModel upm_die (
                           ^
tb/UcieSerialBringUp_tb.sv:33:28: warning: output port 'fdi_pl_rx_active_req' has no connection [-Wunconnected-output-port]
  UPMSerialDieBringUpModel upm_die (
                           ^
tb/UcieSerialBringUp_tb.sv:33:28: warning: output port 'fdi_pl_inband_pres' has no connection [-Wunconnected-output-port]
  UPMSerialDieBringUpModel upm_die (
                           ^
tb/UcieSerialBringUp_tb.sv:33:28: warning: output port 'fdi_pl_wake_ack' has no connection [-Wunconnected-output-port]
  UPMSerialDieBringUpModel upm_die (
                           ^
tb/UcieSerialBringUp_tb.sv:33:28: warning: output port 'fdi_pl_clk_req' has no connection [-Wunconnected-output-port]
  UPMSerialDieBringUpModel upm_die (
                           ^
tb/UcieSerialBringUp_tb.sv:33:28: warning: output port 'fdi_pl_stall_req' has no connection [-Wunconnected-output-port]
  UPMSerialDieBringUpModel upm_die (
                           ^
tb/UcieSerialBringUp_tb.sv:33:28: warning: output port 'debug_arb_grant_ltsm' has no connection [-Wunconnected-output-port]
  UPMSerialDieBringUpModel upm_die (
                           ^
tb/UcieSerialBringUp_tb.sv:33:28: warning: output port 'debug_arb_grant_fdi' has no connection [-Wunconnected-output-port]
  UPMSerialDieBringUpModel upm_die (
                           ^
tb/UcieSerialBringUp_tb.sv:33:28: warning: output port 'debug_arb_grant_rdi' has no connection [-Wunconnected-output-port]
  UPMSerialDieBringUpModel upm_die (
                           ^
tb/UcieSerialBringUp_tb.sv:33:28: warning: output port 'debug_arb_tx_locked' has no connection [-Wunconnected-output-port]
  UPMSerialDieBringUpModel upm_die (
                           ^
tb/UcieSerialBringUp_tb.sv:33:28: warning: output port 'debug_arb_tx_fire' has no connection [-Wunconnected-output-port]
  UPMSerialDieBringUpModel upm_die (
                           ^
tb/UcieSerialBringUp_tb.sv:33:28: warning: output port 'debug_rx_fire' has no connection [-Wunconnected-output-port]
  UPMSerialDieBringUpModel upm_die (
                           ^
tb/UcieSerialBringUp_tb.sv:53:21: warning: output port 'io_mainband_tx_valid' has no connection [-Wunconnected-output-port]
  BerkeleySerialDie berkeley_die (
                    ^
tb/UcieSerialBringUp_tb.sv:53:21: warning: output port 'io_mainband_tx_bits_data_0' has no connection [-Wunconnected-output-port]
  BerkeleySerialDie berkeley_die (
                    ^
tb/UcieSerialBringUp_tb.sv:53:21: warning: output port 'io_mainband_tx_bits_data_1' has no connection [-Wunconnected-output-port]
  BerkeleySerialDie berkeley_die (
                    ^
tb/UcieSerialBringUp_tb.sv:53:21: warning: output port 'io_mainband_tx_bits_data_2' has no connection [-Wunconnected-output-port]
  BerkeleySerialDie berkeley_die (
                    ^
tb/UcieSerialBringUp_tb.sv:53:21: warning: output port 'io_mainband_tx_bits_data_3' has no connection [-Wunconnected-output-port]
  BerkeleySerialDie berkeley_die (
                    ^
tb/UcieSerialBringUp_tb.sv:53:21: warning: output port 'io_mainband_tx_bits_data_4' has no connection [-Wunconnected-output-port]
  BerkeleySerialDie berkeley_die (
                    ^
tb/UcieSerialBringUp_tb.sv:53:21: warning: output port 'io_mainband_tx_bits_data_5' has no connection [-Wunconnected-output-port]
  BerkeleySerialDie berkeley_die (
                    ^
tb/UcieSerialBringUp_tb.sv:53:21: warning: output port 'io_mainband_tx_bits_data_6' has no connection [-Wunconnected-output-port]
  BerkeleySerialDie berkeley_die (
                    ^
tb/UcieSerialBringUp_tb.sv:53:21: warning: output port 'io_mainband_tx_bits_data_7' has no connection [-Wunconnected-output-port]
  BerkeleySerialDie berkeley_die (
                    ^
tb/UcieSerialBringUp_tb.sv:53:21: warning: output port 'io_mainband_tx_bits_data_8' has no connection [-Wunconnected-output-port]
  BerkeleySerialDie berkeley_die (
                    ^
tb/UcieSerialBringUp_tb.sv:53:21: warning: output port 'io_mainband_tx_bits_data_9' has no connection [-Wunconnected-output-port]
  BerkeleySerialDie berkeley_die (
                    ^
tb/UcieSerialBringUp_tb.sv:53:21: warning: output port 'io_mainband_tx_bits_data_10' has no connection [-Wunconnected-output-port]
  BerkeleySerialDie berkeley_die (
                    ^
tb/UcieSerialBringUp_tb.sv:53:21: warning: output port 'io_mainband_tx_bits_data_11' has no connection [-Wunconnected-output-port]
  BerkeleySerialDie berkeley_die (
                    ^
tb/UcieSerialBringUp_tb.sv:53:21: warning: output port 'io_mainband_tx_bits_data_12' has no connection [-Wunconnected-output-port]
  BerkeleySerialDie berkeley_die (
                    ^
tb/UcieSerialBringUp_tb.sv:53:21: warning: output port 'io_mainband_tx_bits_data_13' has no connection [-Wunconnected-output-port]
  BerkeleySerialDie berkeley_die (
                    ^
tb/UcieSerialBringUp_tb.sv:53:21: warning: output port 'io_mainband_tx_bits_data_14' has no connection [-Wunconnected-output-port]
  BerkeleySerialDie berkeley_die (
                    ^
tb/UcieSerialBringUp_tb.sv:53:21: warning: output port 'io_mainband_tx_bits_data_15' has no connection [-Wunconnected-output-port]
  BerkeleySerialDie berkeley_die (
                    ^
tb/UcieSerialBringUp_tb.sv:53:21: warning: output port 'io_mainband_tx_bits_valid' has no connection [-Wunconnected-output-port]
  BerkeleySerialDie berkeley_die (
                    ^
tb/UcieSerialBringUp_tb.sv:53:21: warning: output port 'io_mainband_tx_bits_clkP' has no connection [-Wunconnected-output-port]
  BerkeleySerialDie berkeley_die (
                    ^
tb/UcieSerialBringUp_tb.sv:53:21: warning: output port 'io_mainband_tx_bits_clkN' has no connection [-Wunconnected-output-port]
  BerkeleySerialDie berkeley_die (
                    ^
tb/UcieSerialBringUp_tb.sv:53:21: warning: output port 'io_mainband_tx_bits_trk' has no connection [-Wunconnected-output-port]
  BerkeleySerialDie berkeley_die (
                    ^
tb/UcieSerialBringUp_tb.sv:53:21: warning: output port 'io_mainband_rx_ready' has no connection [-Wunconnected-output-port]
  BerkeleySerialDie berkeley_die (
                    ^
tb/UcieSerialBringUp_tb.sv:204:12: warning: comparison of differently signed types ('int' and 'int unsigned') [-Wsign-compare]
    while(n<max_sbinit && !(upm_left_sbinit && berkeley_left_sbinit)) begin
          ~^~~~~~~~~~~
tb/UcieSerialBringUp_tb.sv:208:9: warning: comparison of differently signed types ('int' and 'int unsigned') [-Wsign-compare]
    if(n==max_sbinit) $fatal(1,"SBINIT watchdog: both controllers did not complete SBINIT");
       ~^~~~~~~~~~~~
