time_ns,upm_cycle,interface,physical_rx_id,message_hex
4000178.318,3200131,BERKELEY_SERIALIZER_TX,0,00000000000000005555555555555555
4000179.375,3200131,UPM_TX,0,00000000000000005555555555555555
4000181.875,3200133,UPM_TX,0,00000000000000005555555555555555
4000184.375,3200135,UPM_TX,0,00000000000000005555555555555555
4000186.875,3200137,UPM_TX,0,00000000000000005555555555555555
4000189.375,3200139,UPM_TX,0,00000000000000005555555555555555
4000259.375,3200195,UPM_CONTROLLER_RX,1,00000000000000005555555555555555
4000259.568,3200196,BERKELEY_SERIALIZER_TX,0,00000000000000005555555555555555
4000263.125,3200198,UPM_CONTROLLER_RX,1,00000000000000005555555555555555
4000266.875,3200201,UPM_CONTROLLER_RX,1,00000000000000005555555555555555
4000270.625,3200204,UPM_CONTROLLER_RX,1,00000000000000005555555555555555
4000274.375,3200207,UPM_CONTROLLER_RX,1,00000000000000005555555555555555
4000278.125,3200210,UPM_CONTROLLER_RX,1,00000000000000005555555555555555
4000281.875,3200213,UPM_CONTROLLER_RX,1,00000000000000005555555555555555
4000285.625,3200216,UPM_CONTROLLER_RX,1,00000000000000005555555555555555
4000289.375,3200219,UPM_CONTROLLER_RX,1,00000000000000005555555555555555
4000293.125,3200222,UPM_CONTROLLER_RX,1,00000000000000005555555555555555
4000296.875,3200225,UPM_CONTROLLER_RX,1,00000000000000005555555555555555
4000303.125,3200230,UPM_TX,0,00000000000000005555555555555555
4000379.375,3200291,UPM_CONTROLLER_RX,2,00000000000000005555555555555555
4000379.568,3200292,BERKELEY_SERIALIZER_TX,0,00000000000000005555555555555555
4000383.125,3200294,UPM_CONTROLLER_RX,2,00000000000000005555555555555555
4000386.875,3200297,UPM_CONTROLLER_RX,2,00000000000000005555555555555555
4000390.625,3200300,UPM_CONTROLLER_RX,2,00000000000000005555555555555555
4000394.375,3200303,UPM_CONTROLLER_RX,2,00000000000000005555555555555555
4000398.125,3200306,UPM_CONTROLLER_RX,2,00000000000000005555555555555555
4000401.875,3200309,UPM_CONTROLLER_RX,2,00000000000000005555555555555555
4000405.625,3200312,UPM_CONTROLLER_RX,2,00000000000000005555555555555555
4000409.375,3200315,UPM_CONTROLLER_RX,2,00000000000000005555555555555555
4000413.125,3200318,UPM_CONTROLLER_RX,2,00000000000000005555555555555555
4000416.875,3200321,UPM_CONTROLLER_RX,2,00000000000000005555555555555555
4000424.375,3200327,UPM_TX,0,00000000000000005555555555555555
4000499.375,3200387,UPM_CONTROLLER_RX,3,00000000000000005555555555555555
4000499.568,3200388,BERKELEY_SERIALIZER_TX,0,00000000000000005555555555555555
4000503.125,3200390,UPM_CONTROLLER_RX,3,00000000000000005555555555555555
4000506.875,3200393,UPM_CONTROLLER_RX,3,00000000000000005555555555555555
4000510.625,3200396,UPM_CONTROLLER_RX,3,00000000000000005555555555555555
4000514.375,3200399,UPM_CONTROLLER_RX,3,00000000000000005555555555555555
4000518.125,3200402,UPM_CONTROLLER_RX,3,00000000000000005555555555555555
4000521.875,3200405,UPM_CONTROLLER_RX,3,00000000000000005555555555555555
4000525.625,3200408,UPM_CONTROLLER_RX,3,00000000000000005555555555555555
4000529.375,3200411,UPM_CONTROLLER_RX,3,00000000000000005555555555555555
4000533.125,3200414,UPM_CONTROLLER_RX,3,00000000000000005555555555555555
4000536.875,3200417,UPM_CONTROLLER_RX,3,00000000000000005555555555555555
4000545.625,3200424,UPM_TX,0,00000000000000005555555555555555
4000619.375,3200483,UPM_CONTROLLER_RX,4,00000000000000005555555555555555
4000619.568,3200484,BERKELEY_SERIALIZER_TX,0,00000000000000005555555555555555
4000623.125,3200486,UPM_CONTROLLER_RX,4,00000000000000005555555555555555
4000626.875,3200489,UPM_CONTROLLER_RX,4,00000000000000005555555555555555
4000630.625,3200492,UPM_CONTROLLER_RX,4,00000000000000005555555555555555
4000634.375,3200495,UPM_CONTROLLER_RX,4,00000000000000005555555555555555
4000638.125,3200498,UPM_CONTROLLER_RX,4,00000000000000005555555555555555
4000641.875,3200501,UPM_CONTROLLER_RX,4,00000000000000005555555555555555
4000645.625,3200504,UPM_CONTROLLER_RX,4,00000000000000005555555555555555
4000649.375,3200507,UPM_CONTROLLER_RX,4,00000000000000005555555555555555
4000653.125,3200510,UPM_CONTROLLER_RX,4,00000000000000005555555555555555
4000656.875,3200513,UPM_CONTROLLER_RX,4,00000000000000005555555555555555
4000666.875,3200521,UPM_TX,0,00000000000000005555555555555555
4000739.375,3200579,UPM_CONTROLLER_RX,5,00000000000000005555555555555555
4000739.568,3200580,BERKELEY_SERIALIZER_TX,0,00000000000000005555555555555555
4000743.125,3200582,UPM_CONTROLLER_RX,5,00000000000000005555555555555555
4000746.875,3200585,UPM_CONTROLLER_RX,5,00000000000000005555555555555555
4000750.625,3200588,UPM_CONTROLLER_RX,5,00000000000000005555555555555555
4000754.375,3200591,UPM_CONTROLLER_RX,5,00000000000000005555555555555555
4000758.125,3200594,UPM_CONTROLLER_RX,5,00000000000000005555555555555555
4000761.875,3200597,UPM_CONTROLLER_RX,5,00000000000000005555555555555555
4000765.625,3200600,UPM_CONTROLLER_RX,5,00000000000000005555555555555555
4000769.375,3200603,UPM_CONTROLLER_RX,5,00000000000000005555555555555555
4000773.125,3200606,UPM_CONTROLLER_RX,5,00000000000000005555555555555555
4000776.875,3200609,UPM_CONTROLLER_RX,5,00000000000000005555555555555555
4000788.125,3200618,UPM_TX,0,00000000000000005555555555555555
4000859.375,3200675,UPM_CONTROLLER_RX,6,00000000000000005555555555555555
4000863.125,3200678,UPM_CONTROLLER_RX,6,00000000000000005555555555555555
4000866.875,3200681,UPM_CONTROLLER_RX,6,00000000000000005555555555555555
4000870.625,3200684,UPM_CONTROLLER_RX,6,00000000000000005555555555555555
4000874.375,3200687,UPM_CONTROLLER_RX,6,00000000000000005555555555555555
4000878.125,3200690,UPM_CONTROLLER_RX,6,00000000000000005555555555555555
4000881.875,3200693,UPM_CONTROLLER_RX,6,00000000000000005555555555555555
4000885.625,3200696,UPM_CONTROLLER_RX,6,00000000000000005555555555555555
4000889.375,3200699,UPM_CONTROLLER_RX,6,00000000000000005555555555555555
4000893.125,3200702,UPM_CONTROLLER_RX,6,00000000000000005555555555555555
4000896.875,3200705,UPM_CONTROLLER_RX,6,00000000000000005555555555555555
4000909.375,3200715,UPM_TX,0,00000000000000005555555555555555
4000979.375,3200771,UPM_CONTROLLER_RX,7,00000000000000000000000000000000
4000979.568,3200772,BERKELEY_SERIALIZER_TX,0,00000000000000005555555555555555
4000980.625,3200772,UPM_CONTROLLER_RX,7,00000000000000000000000000000000
4000981.875,3200773,UPM_CONTROLLER_RX,7,00000000000000000000000000000000
4000983.125,3200774,UPM_CONTROLLER_RX,7,00000000000000000000000000000000
4000984.375,3200775,UPM_CONTROLLER_RX,7,00000000000000000000000000000000
4000985.625,3200776,UPM_CONTROLLER_RX,7,00000000000000000000000000000000
4000986.875,3200777,UPM_CONTROLLER_RX,7,00000000000000000000000000000000
4000988.125,3200778,UPM_CONTROLLER_RX,7,00000000000000000000000000000000
4000989.375,3200779,UPM_CONTROLLER_RX,7,00000000000000000000000000000000
4000990.625,3200780,UPM_CONTROLLER_RX,7,00000000000000000000000000000000
4000991.875,3200781,UPM_CONTROLLER_RX,7,00000000000000000000000000000000
4000993.125,3200782,UPM_CONTROLLER_RX,7,00000000000000000000000000000000
4000994.375,3200783,UPM_CONTROLLER_RX,7,00000000000000000000000000000000
4000995.625,3200784,UPM_CONTROLLER_RX,7,00000000000000000000000000000000
4000996.875,3200785,UPM_CONTROLLER_RX,7,00000000000000000000000000000000
4000998.125,3200786,UPM_CONTROLLER_RX,7,00000000000000000000000000000000
4000999.375,3200787,UPM_CONTROLLER_RX,7,00000000000000000000000000000000
4001000.625,3200788,UPM_CONTROLLER_RX,7,00000000000000000000000000000000
4001001.875,3200789,UPM_CONTROLLER_RX,7,00000000000000000000000000000000
4001003.125,3200790,UPM_CONTROLLER_RX,7,00000000000000000000000000000000
4001004.375,3200791,UPM_CONTROLLER_RX,7,00000000000000000000000000000000
4001005.625,3200792,UPM_CONTROLLER_RX,7,00000000000000000000000000000000
4001006.875,3200793,UPM_CONTROLLER_RX,7,00000000000000000000000000000000
4001008.125,3200794,UPM_CONTROLLER_RX,7,00000000000000000000000000000000
4001009.375,3200795,UPM_CONTROLLER_RX,7,00000000000000000000000000000000
4001010.625,3200796,UPM_CONTROLLER_RX,7,00000000000000000000000000000000
4001011.875,3200797,UPM_CONTROLLER_RX,7,00000000000000000000000000000000
4001013.125,3200798,UPM_CONTROLLER_RX,7,00000000000000000000000000000000
4001014.375,3200799,UPM_CONTROLLER_RX,7,00000000000000000000000000000000
4001015.625,3200800,UPM_CONTROLLER_RX,7,00000000000000000000000000000000
4001016.875,3200801,UPM_CONTROLLER_RX,7,00000000000000000000000000000000
4001018.125,3200802,UPM_CONTROLLER_RX,7,00000000000000000000000000000000
4001019.375,3200803,UPM_CONTROLLER_RX,7,00000000000000000000000000000000
4001030.625,3200812,UPM_TX,0,00000000000000005555555555555555
4001099.375,3200867,UPM_CONTROLLER_RX,8,00000000000000005555555555555555
4001103.125,3200870,UPM_CONTROLLER_RX,8,00000000000000005555555555555555
4001106.875,3200873,UPM_CONTROLLER_RX,8,00000000000000005555555555555555
4001110.625,3200876,UPM_CONTROLLER_RX,8,00000000000000005555555555555555
4001114.375,3200879,UPM_CONTROLLER_RX,8,00000000000000005555555555555555
4001118.125,3200882,UPM_CONTROLLER_RX,8,00000000000000005555555555555555
4001121.875,3200885,UPM_CONTROLLER_RX,8,00000000000000005555555555555555
4001125.625,3200888,UPM_CONTROLLER_RX,8,00000000000000005555555555555555
4001129.375,3200891,UPM_CONTROLLER_RX,8,00000000000000005555555555555555
4001133.125,3200894,UPM_CONTROLLER_RX,8,00000000000000005555555555555555
4001136.875,3200897,UPM_CONTROLLER_RX,8,00000000000000005555555555555555
4001151.875,3200909,UPM_TX,0,00000000000000000200010040244012
4001219.375,3200963,UPM_CONTROLLER_RX,9,00000000000000000000000000000000
4001219.568,3200964,BERKELEY_SERIALIZER_TX,0,00000000000000005555555555555555
4001220.625,3200964,UPM_CONTROLLER_RX,9,00000000000000000000000000000000
4001221.875,3200965,UPM_CONTROLLER_RX,9,00000000000000000000000000000000
4001223.125,3200966,UPM_CONTROLLER_RX,9,00000000000000000000000000000000
4001224.375,3200967,UPM_CONTROLLER_RX,9,00000000000000000000000000000000
4001225.625,3200968,UPM_CONTROLLER_RX,9,00000000000000000000000000000000
4001226.875,3200969,UPM_CONTROLLER_RX,9,00000000000000000000000000000000
4001228.125,3200970,UPM_CONTROLLER_RX,9,00000000000000000000000000000000
4001229.375,3200971,UPM_CONTROLLER_RX,9,00000000000000000000000000000000
4001230.625,3200972,UPM_CONTROLLER_RX,9,00000000000000000000000000000000
4001231.875,3200973,UPM_CONTROLLER_RX,9,00000000000000000000000000000000
4001233.125,3200974,UPM_CONTROLLER_RX,9,00000000000000000000000000000000
4001234.375,3200975,UPM_CONTROLLER_RX,9,00000000000000000000000000000000
4001235.625,3200976,UPM_CONTROLLER_RX,9,00000000000000000000000000000000
4001236.875,3200977,UPM_CONTROLLER_RX,9,00000000000000000000000000000000
4001238.125,3200978,UPM_CONTROLLER_RX,9,00000000000000000000000000000000
4001239.375,3200979,UPM_CONTROLLER_RX,9,00000000000000000000000000000000
4001240.625,3200980,UPM_CONTROLLER_RX,9,00000000000000000000000000000000
4001241.875,3200981,UPM_CONTROLLER_RX,9,00000000000000000000000000000000
4001243.125,3200982,UPM_CONTROLLER_RX,9,00000000000000000000000000000000
4001244.375,3200983,UPM_CONTROLLER_RX,9,00000000000000000000000000000000
4001245.625,3200984,UPM_CONTROLLER_RX,9,00000000000000000000000000000000
4001246.875,3200985,UPM_CONTROLLER_RX,9,00000000000000000000000000000000
4001248.125,3200986,UPM_CONTROLLER_RX,9,00000000000000000000000000000000
4001249.375,3200987,UPM_CONTROLLER_RX,9,00000000000000000000000000000000
4001250.625,3200988,UPM_CONTROLLER_RX,9,00000000000000000000000000000000
4001251.875,3200989,UPM_CONTROLLER_RX,9,00000000000000000000000000000000
4001253.125,3200990,UPM_CONTROLLER_RX,9,00000000000000000000000000000000
4001254.375,3200991,UPM_CONTROLLER_RX,9,00000000000000000000000000000000
4001255.625,3200992,UPM_CONTROLLER_RX,9,00000000000000000000000000000000
4001256.875,3200993,UPM_CONTROLLER_RX,9,00000000000000000000000000000000
4001258.125,3200994,UPM_CONTROLLER_RX,9,00000000000000000000000000000000
4001259.375,3200995,UPM_CONTROLLER_RX,9,00000000000000000000000000000000
4001273.125,3201006,UPM_TX,0,00000000000000000200010040244012
4001339.375,3201059,UPM_CONTROLLER_RX,10,00000000000000005555555555555555
4001343.125,3201062,UPM_CONTROLLER_RX,10,00000000000000005555555555555555
4001346.875,3201065,UPM_CONTROLLER_RX,10,00000000000000005555555555555555
4001350.625,3201068,UPM_CONTROLLER_RX,10,00000000000000005555555555555555
4001354.375,3201071,UPM_CONTROLLER_RX,10,00000000000000005555555555555555
4001358.125,3201074,UPM_CONTROLLER_RX,10,00000000000000005555555555555555
4001361.875,3201077,UPM_CONTROLLER_RX,10,00000000000000005555555555555555
4001365.625,3201080,UPM_CONTROLLER_RX,10,00000000000000005555555555555555
4001369.375,3201083,UPM_CONTROLLER_RX,10,00000000000000005555555555555555
4001373.125,3201086,UPM_CONTROLLER_RX,10,00000000000000005555555555555555
4001376.875,3201089,UPM_CONTROLLER_RX,10,00000000000000005555555555555555
4001394.375,3201103,UPM_TX,0,00000000000000000200010040244012
4001459.375,3201155,UPM_CONTROLLER_RX,11,00000000000000000000000000000000
4001459.568,3201156,BERKELEY_SERIALIZER_TX,0,00000000000000005555555555555555
4001460.625,3201156,UPM_CONTROLLER_RX,11,00000000000000000000000000000000
4001461.875,3201157,UPM_CONTROLLER_RX,11,00000000000000000000000000000000
4001463.125,3201158,UPM_CONTROLLER_RX,11,00000000000000000000000000000000
4001464.375,3201159,UPM_CONTROLLER_RX,11,00000000000000000000000000000000
4001465.625,3201160,UPM_CONTROLLER_RX,11,00000000000000000000000000000000
4001466.875,3201161,UPM_CONTROLLER_RX,11,00000000000000000000000000000000
4001468.125,3201162,UPM_CONTROLLER_RX,11,00000000000000000000000000000000
4001469.375,3201163,UPM_CONTROLLER_RX,11,00000000000000000000000000000000
4001470.625,3201164,UPM_CONTROLLER_RX,11,00000000000000000000000000000000
4001471.875,3201165,UPM_CONTROLLER_RX,11,00000000000000000000000000000000
4001473.125,3201166,UPM_CONTROLLER_RX,11,00000000000000000000000000000000
4001474.375,3201167,UPM_CONTROLLER_RX,11,00000000000000000000000000000000
4001475.625,3201168,UPM_CONTROLLER_RX,11,00000000000000000000000000000000
4001476.875,3201169,UPM_CONTROLLER_RX,11,00000000000000000000000000000000
4001478.125,3201170,UPM_CONTROLLER_RX,11,00000000000000000000000000000000
4001479.375,3201171,UPM_CONTROLLER_RX,11,00000000000000000000000000000000
4001480.625,3201172,UPM_CONTROLLER_RX,11,00000000000000000000000000000000
4001481.875,3201173,UPM_CONTROLLER_RX,11,00000000000000000000000000000000
4001483.125,3201174,UPM_CONTROLLER_RX,11,00000000000000000000000000000000
4001484.375,3201175,UPM_CONTROLLER_RX,11,00000000000000000000000000000000
4001485.625,3201176,UPM_CONTROLLER_RX,11,00000000000000000000000000000000
4001486.875,3201177,UPM_CONTROLLER_RX,11,00000000000000000000000000000000
4001488.125,3201178,UPM_CONTROLLER_RX,11,00000000000000000000000000000000
4001489.375,3201179,UPM_CONTROLLER_RX,11,00000000000000000000000000000000
4001490.625,3201180,UPM_CONTROLLER_RX,11,00000000000000000000000000000000
4001491.875,3201181,UPM_CONTROLLER_RX,11,00000000000000000000000000000000
4001493.125,3201182,UPM_CONTROLLER_RX,11,00000000000000000000000000000000
4001494.375,3201183,UPM_CONTROLLER_RX,11,00000000000000000000000000000000
4001495.625,3201184,UPM_CONTROLLER_RX,11,00000000000000000000000000000000
4001496.875,3201185,UPM_CONTROLLER_RX,11,00000000000000000000000000000000
4001498.125,3201186,UPM_CONTROLLER_RX,11,00000000000000000000000000000000
4001499.375,3201187,UPM_CONTROLLER_RX,11,00000000000000000000000000000000
4001515.625,3201200,UPM_TX,0,00000000000000000200010040244012
4001579.375,3201251,UPM_CONTROLLER_RX,12,00000000000000005555555555555555
4001583.125,3201254,UPM_CONTROLLER_RX,12,00000000000000005555555555555555
4001586.875,3201257,UPM_CONTROLLER_RX,12,00000000000000005555555555555555
4001590.625,3201260,UPM_CONTROLLER_RX,12,00000000000000005555555555555555
4001594.375,3201263,UPM_CONTROLLER_RX,12,00000000000000005555555555555555
4001598.125,3201266,UPM_CONTROLLER_RX,12,00000000000000005555555555555555
4001601.875,3201269,UPM_CONTROLLER_RX,12,00000000000000005555555555555555
4001605.625,3201272,UPM_CONTROLLER_RX,12,00000000000000005555555555555555
4001609.375,3201275,UPM_CONTROLLER_RX,12,00000000000000005555555555555555
4001613.125,3201278,UPM_CONTROLLER_RX,12,00000000000000005555555555555555
4001616.875,3201281,UPM_CONTROLLER_RX,12,00000000000000005555555555555555
4001636.875,3201297,UPM_TX,0,00000000000000000200010040244012
4001699.375,3201347,UPM_CONTROLLER_RX,13,00000000000000000000000000000000
4001699.568,3201348,BERKELEY_SERIALIZER_TX,0,00000000000000000600000040244012
4001700.625,3201348,UPM_CONTROLLER_RX,13,00000000000000000000000000000000
4001701.875,3201349,UPM_CONTROLLER_RX,13,00000000000000000000000000000000
4001703.125,3201350,UPM_CONTROLLER_RX,13,00000000000000000000000000000000
4001704.375,3201351,UPM_CONTROLLER_RX,13,00000000000000000000000000000000
4001705.625,3201352,UPM_CONTROLLER_RX,13,00000000000000000000000000000000
4001706.875,3201353,UPM_CONTROLLER_RX,13,00000000000000000000000000000000
4001708.125,3201354,UPM_CONTROLLER_RX,13,00000000000000000000000000000000
4001709.375,3201355,UPM_CONTROLLER_RX,13,00000000000000000000000000000000
4001710.625,3201356,UPM_CONTROLLER_RX,13,00000000000000000000000000000000
4001711.875,3201357,UPM_CONTROLLER_RX,13,00000000000000000000000000000000
4001713.125,3201358,UPM_CONTROLLER_RX,13,00000000000000000000000000000000
4001714.375,3201359,UPM_CONTROLLER_RX,13,00000000000000000000000000000000
4001715.625,3201360,UPM_CONTROLLER_RX,13,00000000000000000000000000000000
4001716.875,3201361,UPM_CONTROLLER_RX,13,00000000000000000000000000000000
4001718.125,3201362,UPM_CONTROLLER_RX,13,00000000000000000000000000000000
4001719.375,3201363,UPM_CONTROLLER_RX,13,00000000000000000000000000000000
4001720.625,3201364,UPM_CONTROLLER_RX,13,00000000000000000000000000000000
4001721.875,3201365,UPM_CONTROLLER_RX,13,00000000000000000000000000000000
4001723.125,3201366,UPM_CONTROLLER_RX,13,00000000000000000000000000000000
4001724.375,3201367,UPM_CONTROLLER_RX,13,00000000000000000000000000000000
4001725.625,3201368,UPM_CONTROLLER_RX,13,00000000000000000000000000000000
4001726.875,3201369,UPM_CONTROLLER_RX,13,00000000000000000000000000000000
4001728.125,3201370,UPM_CONTROLLER_RX,13,00000000000000000000000000000000
4001729.375,3201371,UPM_CONTROLLER_RX,13,00000000000000000000000000000000
4001730.625,3201372,UPM_CONTROLLER_RX,13,00000000000000000000000000000000
4001731.875,3201373,UPM_CONTROLLER_RX,13,00000000000000000000000000000000
4001733.125,3201374,UPM_CONTROLLER_RX,13,00000000000000000000000000000000
4001734.375,3201375,UPM_CONTROLLER_RX,13,00000000000000000000000000000000
4001735.625,3201376,UPM_CONTROLLER_RX,13,00000000000000000000000000000000
4001736.875,3201377,UPM_CONTROLLER_RX,13,00000000000000000000000000000000
4001738.125,3201378,UPM_CONTROLLER_RX,13,00000000000000000000000000000000
4001739.375,3201379,UPM_CONTROLLER_RX,13,00000000000000000000000000000000
4001758.125,3201394,UPM_TX,0,00000000000000000200010040244012
4001819.375,3201443,UPM_CONTROLLER_RX,14,00000000000000000600000040244012
4001819.568,3201444,BERKELEY_SERIALIZER_TX,0,00000000000000000600000040244012
4001823.125,3201446,UPM_CONTROLLER_RX,14,00000000000000000600000040244012
4001826.875,3201449,UPM_CONTROLLER_RX,14,00000000000000000600000040244012
4001830.625,3201452,UPM_CONTROLLER_RX,14,00000000000000000600000040244012
4001834.375,3201455,UPM_CONTROLLER_RX,14,00000000000000000600000040244012
4001838.125,3201458,UPM_CONTROLLER_RX,14,00000000000000000600000040244012
4001841.875,3201461,UPM_CONTROLLER_RX,14,00000000000000000600000040244012
4001845.625,3201464,UPM_CONTROLLER_RX,14,00000000000000000600000040244012
4001849.375,3201467,UPM_CONTROLLER_RX,14,00000000000000000600000040244012
4001853.125,3201470,UPM_CONTROLLER_RX,14,00000000000000000600000040244012
4001856.875,3201473,UPM_CONTROLLER_RX,14,00000000000000000600000040244012
4001879.375,3201491,UPM_TX,0,00000000000000000200010040244012
4001939.375,3201539,UPM_CONTROLLER_RX,15,00000000000000000600000040244012
4001939.568,3201540,BERKELEY_SERIALIZER_TX,0,00000000000000000600000040244012
4001943.125,3201542,UPM_CONTROLLER_RX,15,00000000000000000600000040244012
4001946.875,3201545,UPM_CONTROLLER_RX,15,00000000000000000600000040244012
4001950.625,3201548,UPM_CONTROLLER_RX,15,00000000000000000600000040244012
4001954.375,3201551,UPM_CONTROLLER_RX,15,00000000000000000600000040244012
4001958.125,3201554,UPM_CONTROLLER_RX,15,00000000000000000600000040244012
4001961.875,3201557,UPM_CONTROLLER_RX,15,00000000000000000600000040244012
4001965.625,3201560,UPM_CONTROLLER_RX,15,00000000000000000600000040244012
4001969.375,3201563,UPM_CONTROLLER_RX,15,00000000000000000600000040244012
4001973.125,3201566,UPM_CONTROLLER_RX,15,00000000000000000600000040244012
4001976.875,3201569,UPM_CONTROLLER_RX,15,00000000000000000600000040244012
4002000.625,3201588,UPM_TX,0,00000000000000000200010040244012
4002059.375,3201635,UPM_CONTROLLER_RX,16,00000000000000000600000040244012
4002059.568,3201636,BERKELEY_SERIALIZER_TX,0,00000000000000000600000040244012
4002063.125,3201638,UPM_CONTROLLER_RX,16,00000000000000000600000040244012
4002066.875,3201641,UPM_CONTROLLER_RX,16,00000000000000000600000040244012
4002070.625,3201644,UPM_CONTROLLER_RX,16,00000000000000000600000040244012
4002074.375,3201647,UPM_CONTROLLER_RX,16,00000000000000000600000040244012
4002078.125,3201650,UPM_CONTROLLER_RX,16,00000000000000000600000040244012
4002081.875,3201653,UPM_CONTROLLER_RX,16,00000000000000000600000040244012
4002085.625,3201656,UPM_CONTROLLER_RX,16,00000000000000000600000040244012
4002089.375,3201659,UPM_CONTROLLER_RX,16,00000000000000000600000040244012
4002093.125,3201662,UPM_CONTROLLER_RX,16,00000000000000000600000040244012
4002096.875,3201665,UPM_CONTROLLER_RX,16,00000000000000000600000040244012
4002121.875,3201685,UPM_TX,0,00000000000000000200010040244012
4002179.375,3201731,UPM_CONTROLLER_RX,17,00000000000000000600000040244012
4002179.568,3201732,BERKELEY_SERIALIZER_TX,0,00000000000000000600000040244012
4002183.125,3201734,UPM_CONTROLLER_RX,17,00000000000000000600000040244012
4002186.875,3201737,UPM_CONTROLLER_RX,17,00000000000000000600000040244012
4002190.625,3201740,UPM_CONTROLLER_RX,17,00000000000000000600000040244012
4002194.375,3201743,UPM_CONTROLLER_RX,17,00000000000000000600000040244012
4002198.125,3201746,UPM_CONTROLLER_RX,17,00000000000000000600000040244012
4002201.875,3201749,UPM_CONTROLLER_RX,17,00000000000000000600000040244012
4002205.625,3201752,UPM_CONTROLLER_RX,17,00000000000000000600000040244012
4002209.375,3201755,UPM_CONTROLLER_RX,17,00000000000000000600000040244012
4002213.125,3201758,UPM_CONTROLLER_RX,17,00000000000000000600000040244012
4002216.875,3201761,UPM_CONTROLLER_RX,17,00000000000000000600000040244012
4002243.125,3201782,UPM_TX,0,00000000000000000200010040244012
4002299.375,3201827,UPM_CONTROLLER_RX,18,00000000000000000600000040244012
4002299.568,3201828,BERKELEY_SERIALIZER_TX,0,00000000000000000600000140254012
4002303.125,3201830,UPM_CONTROLLER_RX,18,00000000000000000600000040244012
4002306.875,3201833,UPM_CONTROLLER_RX,18,00000000000000000600000040244012
4002310.625,3201836,UPM_CONTROLLER_RX,18,00000000000000000600000040244012
4002314.375,3201839,UPM_CONTROLLER_RX,18,00000000000000000600000040244012
4002318.125,3201842,UPM_CONTROLLER_RX,18,00000000000000000600000040244012
4002321.875,3201845,UPM_CONTROLLER_RX,18,00000000000000000600000040244012
4002325.625,3201848,UPM_CONTROLLER_RX,18,00000000000000000600000040244012
4002329.375,3201851,UPM_CONTROLLER_RX,18,00000000000000000600000040244012
4002333.125,3201854,UPM_CONTROLLER_RX,18,00000000000000000600000040244012
4002336.875,3201857,UPM_CONTROLLER_RX,18,00000000000000000600000040244012
4002364.375,3201879,UPM_TX,0,00000000000000000200010040244012
4002419.375,3201923,UPM_CONTROLLER_RX,19,00000000000000000600000140254012
4002423.125,3201926,UPM_CONTROLLER_RX,19,00000000000000000600000140254012
4002426.875,3201929,UPM_CONTROLLER_RX,19,00000000000000000600000140254012
4002430.625,3201932,UPM_CONTROLLER_RX,19,00000000000000000600000140254012
4002434.375,3201935,UPM_CONTROLLER_RX,19,00000000000000000600000140254012
4002438.125,3201938,UPM_CONTROLLER_RX,19,00000000000000000600000140254012
4002441.875,3201941,UPM_CONTROLLER_RX,19,00000000000000000600000140254012
4002445.625,3201944,UPM_CONTROLLER_RX,19,00000000000000000600000140254012
4002449.375,3201947,UPM_CONTROLLER_RX,19,00000000000000000600000140254012
4002453.125,3201950,UPM_CONTROLLER_RX,19,00000000000000000600000140254012
4002456.875,3201953,UPM_CONTROLLER_RX,19,00000000000000000600000140254012
4002460.625,3201956,UPM_CONTROLLER_RX,19,00000000000000000600000140254012
4002464.375,3201959,UPM_CONTROLLER_RX,19,00000000000000000600000140254012
4002468.125,3201962,UPM_CONTROLLER_RX,19,00000000000000000600000140254012
4002471.875,3201965,UPM_CONTROLLER_RX,19,00000000000000000600000140254012
4002475.625,3201968,UPM_CONTROLLER_RX,19,00000000000000000600000140254012
4002479.375,3201971,UPM_CONTROLLER_RX,19,00000000000000000600000140254012
4002483.125,3201974,UPM_CONTROLLER_RX,19,00000000000000000600000140254012
4002485.625,3201976,UPM_TX,0,00000000000000000200010040244012
4002486.875,3201977,UPM_CONTROLLER_RX,19,00000000000000000600000140254012
4002490.625,3201980,UPM_CONTROLLER_RX,19,00000000000000000600000140254012
4002494.375,3201983,UPM_CONTROLLER_RX,19,00000000000000000600000140254012
4002498.125,3201986,UPM_CONTROLLER_RX,19,00000000000000000600000140254012
4002501.875,3201989,UPM_CONTROLLER_RX,19,00000000000000000600000140254012
4002505.625,3201992,UPM_CONTROLLER_RX,19,00000000000000000600000140254012
4002509.375,3201995,UPM_CONTROLLER_RX,19,00000000000000000600000140254012
4002513.125,3201998,UPM_CONTROLLER_RX,19,00000000000000000600000140254012
4002516.875,3202001,UPM_CONTROLLER_RX,19,00000000000000000600000140254012
4002520.625,3202004,UPM_CONTROLLER_RX,19,00000000000000000600000140254012
4002524.375,3202007,UPM_CONTROLLER_RX,19,00000000000000000600000140254012
4002528.125,3202010,UPM_CONTROLLER_RX,19,00000000000000000600000140254012
4002531.875,3202013,UPM_CONTROLLER_RX,19,00000000000000000600000140254012
4002535.625,3202016,UPM_CONTROLLER_RX,19,00000000000000000600000140254012
4002539.375,3202019,UPM_CONTROLLER_RX,19,00000000000000000600000140254012
4002543.125,3202022,UPM_CONTROLLER_RX,19,00000000000000000600000140254012
4002546.875,3202025,UPM_CONTROLLER_RX,19,00000000000000000600000140254012
4002550.625,3202028,UPM_CONTROLLER_RX,19,00000000000000000600000140254012
4002554.375,3202031,UPM_CONTROLLER_RX,19,00000000000000000600000140254012
4002558.125,3202034,UPM_CONTROLLER_RX,19,00000000000000000600000140254012
4002561.875,3202037,UPM_CONTROLLER_RX,19,00000000000000000600000140254012
4002565.625,3202040,UPM_CONTROLLER_RX,19,00000000000000000600000140254012
4002569.375,3202043,UPM_CONTROLLER_RX,19,00000000000000000600000140254012
4002573.125,3202046,UPM_CONTROLLER_RX,19,00000000000000000600000140254012
4002576.875,3202049,UPM_CONTROLLER_RX,19,00000000000000000600000140254012
4002580.625,3202052,UPM_CONTROLLER_RX,19,00000000000000000600000140254012
4002584.375,3202055,UPM_CONTROLLER_RX,19,00000000000000000600000140254012
4002588.125,3202058,UPM_CONTROLLER_RX,19,00000000000000000600000140254012
4002591.875,3202061,UPM_CONTROLLER_RX,19,00000000000000000600000140254012
4002595.625,3202064,UPM_CONTROLLER_RX,19,00000000000000000600000140254012
4002599.375,3202067,UPM_CONTROLLER_RX,19,00000000000000000600000140254012
4002603.125,3202070,UPM_CONTROLLER_RX,19,00000000000000000600000140254012
4002606.875,3202073,UPM_TX,0,00000000000000000200010040244012
4002606.875,3202073,UPM_CONTROLLER_RX,19,00000000000000000600000140254012
4002610.625,3202076,UPM_CONTROLLER_RX,19,00000000000000000600000140254012
4002614.375,3202079,UPM_CONTROLLER_RX,19,00000000000000000600000140254012
4002618.125,3202082,UPM_CONTROLLER_RX,19,00000000000000000600000140254012
4002621.875,3202085,UPM_CONTROLLER_RX,19,00000000000000000600000140254012
4002625.625,3202088,UPM_CONTROLLER_RX,19,00000000000000000600000140254012
4002629.375,3202091,UPM_CONTROLLER_RX,19,00000000000000000600000140254012
4002633.125,3202094,UPM_CONTROLLER_RX,19,00000000000000000600000140254012
4002636.875,3202097,UPM_CONTROLLER_RX,19,00000000000000000600000140254012
4002640.625,3202100,UPM_CONTROLLER_RX,19,00000000000000000600000140254012
4002644.375,3202103,UPM_CONTROLLER_RX,19,00000000000000000600000140254012
4002648.125,3202106,UPM_CONTROLLER_RX,19,00000000000000000600000140254012
4002651.875,3202109,UPM_CONTROLLER_RX,19,00000000000000000600000140254012
4002655.625,3202112,UPM_CONTROLLER_RX,19,00000000000000000600000140254012
4002659.375,3202115,UPM_CONTROLLER_RX,19,00000000000000000600000140254012
4002663.125,3202118,UPM_CONTROLLER_RX,19,00000000000000000600000140254012
4002666.875,3202121,UPM_CONTROLLER_RX,19,00000000000000000600000140254012
4002670.625,3202124,UPM_CONTROLLER_RX,19,00000000000000000600000140254012
4002674.375,3202127,UPM_CONTROLLER_RX,19,00000000000000000600000140254012
4002678.125,3202130,UPM_CONTROLLER_RX,19,00000000000000000600000140254012
4002681.875,3202133,UPM_CONTROLLER_RX,19,00000000000000000600000140254012
4002685.625,3202136,UPM_CONTROLLER_RX,19,00000000000000000600000140254012
4002689.375,3202139,UPM_CONTROLLER_RX,19,00000000000000000600000140254012
4002693.125,3202142,UPM_CONTROLLER_RX,19,00000000000000000600000140254012
4002696.875,3202145,UPM_CONTROLLER_RX,19,00000000000000000600000140254012
4002700.625,3202148,UPM_CONTROLLER_RX,19,00000000000000000600000140254012
4002704.375,3202151,UPM_CONTROLLER_RX,19,00000000000000000600000140254012
4002708.125,3202154,UPM_CONTROLLER_RX,19,00000000000000000600000140254012
4002711.875,3202157,UPM_CONTROLLER_RX,19,00000000000000000600000140254012
4002715.625,3202160,UPM_CONTROLLER_RX,19,00000000000000000600000140254012
4002719.375,3202163,UPM_CONTROLLER_RX,19,00000000000000000600000140254012
4002723.125,3202166,UPM_CONTROLLER_RX,19,00000000000000000600000140254012
4002726.875,3202169,UPM_CONTROLLER_RX,19,00000000000000000600000140254012
4002728.125,3202170,UPM_TX,0,00000000000000000200010040244012
4002730.625,3202172,UPM_CONTROLLER_RX,19,00000000000000000600000140254012
4002734.375,3202175,UPM_CONTROLLER_RX,19,00000000000000000600000140254012
4002738.125,3202178,UPM_CONTROLLER_RX,19,00000000000000000600000140254012
4002741.875,3202181,UPM_CONTROLLER_RX,19,00000000000000000600000140254012
4002745.625,3202184,UPM_CONTROLLER_RX,19,00000000000000000600000140254012
4002749.375,3202187,UPM_CONTROLLER_RX,19,00000000000000000600000140254012
4002753.125,3202190,UPM_CONTROLLER_RX,19,00000000000000000600000140254012
4002756.875,3202193,UPM_CONTROLLER_RX,19,00000000000000000600000140254012
4002760.625,3202196,UPM_CONTROLLER_RX,19,00000000000000000600000140254012
4002764.375,3202199,UPM_CONTROLLER_RX,19,00000000000000000600000140254012
4002768.125,3202202,UPM_CONTROLLER_RX,19,00000000000000000600000140254012
4002771.875,3202205,UPM_CONTROLLER_RX,19,00000000000000000600000140254012
4002775.625,3202208,UPM_CONTROLLER_RX,19,00000000000000000600000140254012
4002779.375,3202211,UPM_CONTROLLER_RX,19,00000000000000000600000140254012
4002783.125,3202214,UPM_CONTROLLER_RX,19,00000000000000000600000140254012
4002786.875,3202217,UPM_CONTROLLER_RX,19,00000000000000000600000140254012
4002790.625,3202220,UPM_CONTROLLER_RX,19,00000000000000000600000140254012
4002794.375,3202223,UPM_CONTROLLER_RX,19,00000000000000000600000140254012
4002798.125,3202226,UPM_CONTROLLER_RX,19,00000000000000000600000140254012
4002801.875,3202229,UPM_CONTROLLER_RX,19,00000000000000000600000140254012
4002805.625,3202232,UPM_CONTROLLER_RX,19,00000000000000000600000140254012
4002809.375,3202235,UPM_CONTROLLER_RX,19,00000000000000000600000140254012
4002813.125,3202238,UPM_CONTROLLER_RX,19,00000000000000000600000140254012
4002816.875,3202241,UPM_CONTROLLER_RX,19,00000000000000000600000140254012
4002820.625,3202244,UPM_CONTROLLER_RX,19,00000000000000000600000140254012
4002824.375,3202247,UPM_CONTROLLER_RX,19,00000000000000000600000140254012
4002828.125,3202250,UPM_CONTROLLER_RX,19,00000000000000000600000140254012
4002831.875,3202253,UPM_CONTROLLER_RX,19,00000000000000000600000140254012
4002835.625,3202256,UPM_CONTROLLER_RX,19,00000000000000000600000140254012
4002839.375,3202259,UPM_CONTROLLER_RX,19,00000000000000000600000140254012
4002843.125,3202262,UPM_CONTROLLER_RX,19,00000000000000000600000140254012
4002846.875,3202265,UPM_CONTROLLER_RX,19,00000000000000000600000140254012
4002849.375,3202267,UPM_TX,0,00000000000000000200010040244012
4002850.625,3202268,UPM_CONTROLLER_RX,19,00000000000000000600000140254012
4002854.375,3202271,UPM_CONTROLLER_RX,19,00000000000000000600000140254012
4002858.125,3202274,UPM_CONTROLLER_RX,19,00000000000000000600000140254012
4002861.875,3202277,UPM_CONTROLLER_RX,19,00000000000000000600000140254012
4002865.625,3202280,UPM_CONTROLLER_RX,19,00000000000000000600000140254012
4002869.375,3202283,UPM_CONTROLLER_RX,19,00000000000000000600000140254012
4002873.125,3202286,UPM_CONTROLLER_RX,19,00000000000000000600000140254012
4002876.875,3202289,UPM_CONTROLLER_RX,19,00000000000000000600000140254012
4002880.625,3202292,UPM_CONTROLLER_RX,19,00000000000000000600000140254012
4002884.375,3202295,UPM_CONTROLLER_RX,19,00000000000000000600000140254012
4002888.125,3202298,UPM_CONTROLLER_RX,19,00000000000000000600000140254012
4002891.875,3202301,UPM_CONTROLLER_RX,19,00000000000000000600000140254012
4002895.625,3202304,UPM_CONTROLLER_RX,19,00000000000000000600000140254012
4002899.375,3202307,UPM_CONTROLLER_RX,19,00000000000000000600000140254012
4002903.125,3202310,UPM_CONTROLLER_RX,19,00000000000000000600000140254012
4002906.875,3202313,UPM_CONTROLLER_RX,19,00000000000000000600000140254012
4002910.625,3202316,UPM_CONTROLLER_RX,19,00000000000000000600000140254012
4002914.375,3202319,UPM_CONTROLLER_RX,19,00000000000000000600000140254012
4002918.125,3202322,UPM_CONTROLLER_RX,19,00000000000000000600000140254012
4002921.875,3202325,UPM_CONTROLLER_RX,19,00000000000000000600000140254012
4002925.625,3202328,UPM_CONTROLLER_RX,19,00000000000000000600000140254012
4002929.375,3202331,UPM_CONTROLLER_RX,19,00000000000000000600000140254012
4002933.125,3202334,UPM_CONTROLLER_RX,19,00000000000000000600000140254012
4002936.875,3202337,UPM_CONTROLLER_RX,19,00000000000000000600000140254012
4002940.625,3202340,UPM_CONTROLLER_RX,19,00000000000000000600000140254012
4002944.375,3202343,UPM_CONTROLLER_RX,19,00000000000000000600000140254012
4002948.125,3202346,UPM_CONTROLLER_RX,19,00000000000000000600000140254012
4002951.875,3202349,UPM_CONTROLLER_RX,19,00000000000000000600000140254012
4002955.625,3202352,UPM_CONTROLLER_RX,19,00000000000000000600000140254012
4002959.375,3202355,UPM_CONTROLLER_RX,19,00000000000000000600000140254012
4002963.125,3202358,UPM_CONTROLLER_RX,19,00000000000000000600000140254012
4002966.875,3202361,UPM_CONTROLLER_RX,19,00000000000000000600000140254012
4002970.625,3202364,UPM_TX,0,00000000000000000200010040244012
4002970.625,3202364,UPM_CONTROLLER_RX,19,00000000000000000600000140254012
4002974.375,3202367,UPM_CONTROLLER_RX,19,00000000000000000600000140254012
4002978.125,3202370,UPM_CONTROLLER_RX,19,00000000000000000600000140254012
4002981.875,3202373,UPM_CONTROLLER_RX,19,00000000000000000600000140254012
4002985.625,3202376,UPM_CONTROLLER_RX,19,00000000000000000600000140254012
4002989.375,3202379,UPM_CONTROLLER_RX,19,00000000000000000600000140254012
4002993.125,3202382,UPM_CONTROLLER_RX,19,00000000000000000600000140254012
4002996.875,3202385,UPM_CONTROLLER_RX,19,00000000000000000600000140254012
4003000.625,3202388,UPM_CONTROLLER_RX,19,00000000000000000600000140254012
4003004.375,3202391,UPM_CONTROLLER_RX,19,00000000000000000600000140254012
4003008.125,3202394,UPM_CONTROLLER_RX,19,00000000000000000600000140254012
4003011.875,3202397,UPM_CONTROLLER_RX,19,00000000000000000600000140254012
4003015.625,3202400,UPM_CONTROLLER_RX,19,00000000000000000600000140254012
4003019.375,3202403,UPM_CONTROLLER_RX,19,00000000000000000600000140254012
4003023.125,3202406,UPM_CONTROLLER_RX,19,00000000000000000600000140254012
4003026.875,3202409,UPM_CONTROLLER_RX,19,00000000000000000600000140254012
4003030.625,3202412,UPM_CONTROLLER_RX,19,00000000000000000600000140254012
4003034.375,3202415,UPM_CONTROLLER_RX,19,00000000000000000600000140254012
4003038.125,3202418,UPM_CONTROLLER_RX,19,00000000000000000600000140254012
4003041.875,3202421,UPM_CONTROLLER_RX,19,00000000000000000600000140254012
4003045.625,3202424,UPM_CONTROLLER_RX,19,00000000000000000600000140254012
4003049.375,3202427,UPM_CONTROLLER_RX,19,00000000000000000600000140254012
4003053.125,3202430,UPM_CONTROLLER_RX,19,00000000000000000600000140254012
4003056.875,3202433,UPM_CONTROLLER_RX,19,00000000000000000600000140254012
4003060.625,3202436,UPM_CONTROLLER_RX,19,00000000000000000600000140254012
4003064.375,3202439,UPM_CONTROLLER_RX,19,00000000000000000600000140254012
4003068.125,3202442,UPM_CONTROLLER_RX,19,00000000000000000600000140254012
4003071.875,3202445,UPM_CONTROLLER_RX,19,00000000000000000600000140254012
4003075.625,3202448,UPM_CONTROLLER_RX,19,00000000000000000600000140254012
4003079.375,3202451,UPM_CONTROLLER_RX,19,00000000000000000600000140254012
4003083.125,3202454,UPM_CONTROLLER_RX,19,00000000000000000600000140254012
4003086.875,3202457,UPM_CONTROLLER_RX,19,00000000000000000600000140254012
4003090.625,3202460,UPM_CONTROLLER_RX,19,00000000000000000600000140254012
4003091.875,3202461,UPM_TX,0,00000000000000000200010040244012
4003094.375,3202463,UPM_CONTROLLER_RX,19,00000000000000000600000140254012
4003098.125,3202466,UPM_CONTROLLER_RX,19,00000000000000000600000140254012
4003101.875,3202469,UPM_CONTROLLER_RX,19,00000000000000000600000140254012
4003105.625,3202472,UPM_CONTROLLER_RX,19,00000000000000000600000140254012
4003109.375,3202475,UPM_CONTROLLER_RX,19,00000000000000000600000140254012
4003113.125,3202478,UPM_CONTROLLER_RX,19,00000000000000000600000140254012
4003116.875,3202481,UPM_CONTROLLER_RX,19,00000000000000000600000140254012
4003120.625,3202484,UPM_CONTROLLER_RX,19,00000000000000000600000140254012
4003124.375,3202487,UPM_CONTROLLER_RX,19,00000000000000000600000140254012
4003128.125,3202490,UPM_CONTROLLER_RX,19,00000000000000000600000140254012
4003131.875,3202493,UPM_CONTROLLER_RX,19,00000000000000000600000140254012
4003135.625,3202496,UPM_CONTROLLER_RX,19,00000000000000000600000140254012
4003139.375,3202499,UPM_CONTROLLER_RX,19,00000000000000000600000140254012
4003143.125,3202502,UPM_CONTROLLER_RX,19,00000000000000000600000140254012
4003146.875,3202505,UPM_CONTROLLER_RX,19,00000000000000000600000140254012
4003150.625,3202508,UPM_CONTROLLER_RX,19,00000000000000000600000140254012
4003154.375,3202511,UPM_CONTROLLER_RX,19,00000000000000000600000140254012
4003158.125,3202514,UPM_CONTROLLER_RX,19,00000000000000000600000140254012
4003161.875,3202517,UPM_CONTROLLER_RX,19,00000000000000000600000140254012
4003165.625,3202520,UPM_CONTROLLER_RX,19,00000000000000000600000140254012
4003169.375,3202523,UPM_CONTROLLER_RX,19,00000000000000000600000140254012
4003173.125,3202526,UPM_CONTROLLER_RX,19,00000000000000000600000140254012
4003176.875,3202529,UPM_CONTROLLER_RX,19,00000000000000000600000140254012
4003180.625,3202532,UPM_CONTROLLER_RX,19,00000000000000000600000140254012
4003184.375,3202535,UPM_CONTROLLER_RX,19,00000000000000000600000140254012
4003188.125,3202538,UPM_CONTROLLER_RX,19,00000000000000000600000140254012
4003191.875,3202541,UPM_CONTROLLER_RX,19,00000000000000000600000140254012
4003195.625,3202544,UPM_CONTROLLER_RX,19,00000000000000000600000140254012
4003199.375,3202547,UPM_CONTROLLER_RX,19,00000000000000000600000140254012
4003203.125,3202550,UPM_CONTROLLER_RX,19,00000000000000000600000140254012
4003206.875,3202553,UPM_CONTROLLER_RX,19,00000000000000000600000140254012
4003210.625,3202556,UPM_CONTROLLER_RX,19,00000000000000000600000140254012
4003213.125,3202558,UPM_TX,0,00000000000000000200010040244012
4003214.375,3202559,UPM_CONTROLLER_RX,19,00000000000000000600000140254012
4003218.125,3202562,UPM_CONTROLLER_RX,19,00000000000000000600000140254012
4003221.875,3202565,UPM_CONTROLLER_RX,19,00000000000000000600000140254012
4003225.625,3202568,UPM_CONTROLLER_RX,19,00000000000000000600000140254012
4003229.375,3202571,UPM_CONTROLLER_RX,19,00000000000000000600000140254012
4003233.125,3202574,UPM_CONTROLLER_RX,19,00000000000000000600000140254012
4003236.875,3202577,UPM_CONTROLLER_RX,19,00000000000000000600000140254012
4003240.625,3202580,UPM_CONTROLLER_RX,19,00000000000000000600000140254012
4003244.375,3202583,UPM_CONTROLLER_RX,19,00000000000000000600000140254012
4003248.125,3202586,UPM_CONTROLLER_RX,19,00000000000000000600000140254012
4003251.875,3202589,UPM_CONTROLLER_RX,19,00000000000000000600000140254012
4003255.625,3202592,UPM_CONTROLLER_RX,19,00000000000000000600000140254012
4003259.375,3202595,UPM_CONTROLLER_RX,19,00000000000000000600000140254012
4003263.125,3202598,UPM_CONTROLLER_RX,19,00000000000000000600000140254012
4003266.875,3202601,UPM_CONTROLLER_RX,19,00000000000000000600000140254012
4003270.625,3202604,UPM_CONTROLLER_RX,19,00000000000000000600000140254012
4003274.375,3202607,UPM_CONTROLLER_RX,19,00000000000000000600000140254012
4003278.125,3202610,UPM_CONTROLLER_RX,19,00000000000000000600000140254012
4003281.875,3202613,UPM_CONTROLLER_RX,19,00000000000000000600000140254012
4003285.625,3202616,UPM_CONTROLLER_RX,19,00000000000000000600000140254012
4003289.375,3202619,UPM_CONTROLLER_RX,19,00000000000000000600000140254012
4003293.125,3202622,UPM_CONTROLLER_RX,19,00000000000000000600000140254012
4003296.875,3202625,UPM_CONTROLLER_RX,19,00000000000000000600000140254012
4003300.625,3202628,UPM_CONTROLLER_RX,19,00000000000000000600000140254012
4003304.375,3202631,UPM_CONTROLLER_RX,19,00000000000000000600000140254012
4003308.125,3202634,UPM_CONTROLLER_RX,19,00000000000000000600000140254012
4003311.875,3202637,UPM_CONTROLLER_RX,19,00000000000000000600000140254012
4003315.625,3202640,UPM_CONTROLLER_RX,19,00000000000000000600000140254012
4003319.375,3202643,UPM_CONTROLLER_RX,19,00000000000000000600000140254012
4003323.125,3202646,UPM_CONTROLLER_RX,19,00000000000000000600000140254012
4003326.875,3202649,UPM_CONTROLLER_RX,19,00000000000000000600000140254012
4003330.625,3202652,UPM_CONTROLLER_RX,19,00000000000000000600000140254012
4003334.375,3202655,UPM_TX,0,00000000000000000200010040244012
4003334.375,3202655,UPM_CONTROLLER_RX,19,00000000000000000600000140254012
4003338.125,3202658,UPM_CONTROLLER_RX,19,00000000000000000600000140254012
4003341.875,3202661,UPM_CONTROLLER_RX,19,00000000000000000600000140254012
4003345.625,3202664,UPM_CONTROLLER_RX,19,00000000000000000600000140254012
4003349.375,3202667,UPM_CONTROLLER_RX,19,00000000000000000600000140254012
4003353.125,3202670,UPM_CONTROLLER_RX,19,00000000000000000600000140254012
4003356.875,3202673,UPM_CONTROLLER_RX,19,00000000000000000600000140254012
4003360.625,3202676,UPM_CONTROLLER_RX,19,00000000000000000600000140254012
4003364.375,3202679,UPM_CONTROLLER_RX,19,00000000000000000600000140254012
4003368.125,3202682,UPM_CONTROLLER_RX,19,00000000000000000600000140254012
4003371.875,3202685,UPM_CONTROLLER_RX,19,00000000000000000600000140254012
4003375.625,3202688,UPM_CONTROLLER_RX,19,00000000000000000600000140254012
4003379.375,3202691,UPM_CONTROLLER_RX,19,00000000000000000600000140254012
4003383.125,3202694,UPM_CONTROLLER_RX,19,00000000000000000600000140254012
4003386.875,3202697,UPM_CONTROLLER_RX,19,00000000000000000600000140254012
4003390.625,3202700,UPM_CONTROLLER_RX,19,00000000000000000600000140254012
4003394.375,3202703,UPM_CONTROLLER_RX,19,00000000000000000600000140254012
4003398.125,3202706,UPM_CONTROLLER_RX,19,00000000000000000600000140254012
4003401.875,3202709,UPM_CONTROLLER_RX,19,00000000000000000600000140254012
4003405.625,3202712,UPM_CONTROLLER_RX,19,00000000000000000600000140254012
4003409.375,3202715,UPM_CONTROLLER_RX,19,00000000000000000600000140254012
4003413.125,3202718,UPM_CONTROLLER_RX,19,00000000000000000600000140254012
4003416.875,3202721,UPM_CONTROLLER_RX,19,00000000000000000600000140254012
4003420.625,3202724,UPM_CONTROLLER_RX,19,00000000000000000600000140254012
4003424.375,3202727,UPM_CONTROLLER_RX,19,00000000000000000600000140254012
4003428.125,3202730,UPM_CONTROLLER_RX,19,00000000000000000600000140254012
4003431.875,3202733,UPM_CONTROLLER_RX,19,00000000000000000600000140254012
4003435.625,3202736,UPM_CONTROLLER_RX,19,00000000000000000600000140254012
4003439.375,3202739,UPM_CONTROLLER_RX,19,00000000000000000600000140254012
4003443.125,3202742,UPM_CONTROLLER_RX,19,00000000000000000600000140254012
4003446.875,3202745,UPM_CONTROLLER_RX,19,00000000000000000600000140254012
4003450.625,3202748,UPM_CONTROLLER_RX,19,00000000000000000600000140254012
4003454.375,3202751,UPM_CONTROLLER_RX,19,00000000000000000600000140254012
4003455.625,3202752,UPM_TX,0,00000000000000000200010040244012
4003458.125,3202754,UPM_CONTROLLER_RX,19,00000000000000000600000140254012
4003461.875,3202757,UPM_CONTROLLER_RX,19,00000000000000000600000140254012
4003465.625,3202760,UPM_CONTROLLER_RX,19,00000000000000000600000140254012
4003469.375,3202763,UPM_CONTROLLER_RX,19,00000000000000000600000140254012
4003473.125,3202766,UPM_CONTROLLER_RX,19,00000000000000000600000140254012
4003476.875,3202769,UPM_CONTROLLER_RX,19,00000000000000000600000140254012
4003480.625,3202772,UPM_CONTROLLER_RX,19,00000000000000000600000140254012
4003484.375,3202775,UPM_CONTROLLER_RX,19,00000000000000000600000140254012
4003488.125,3202778,UPM_CONTROLLER_RX,19,00000000000000000600000140254012
4003491.875,3202781,UPM_CONTROLLER_RX,19,00000000000000000600000140254012
4003495.625,3202784,UPM_CONTROLLER_RX,19,00000000000000000600000140254012
4003499.375,3202787,UPM_CONTROLLER_RX,19,00000000000000000600000140254012
4003503.125,3202790,UPM_CONTROLLER_RX,19,00000000000000000600000140254012
4003506.875,3202793,UPM_CONTROLLER_RX,19,00000000000000000600000140254012
4003510.625,3202796,UPM_CONTROLLER_RX,19,00000000000000000600000140254012
4003514.375,3202799,UPM_CONTROLLER_RX,19,00000000000000000600000140254012
4003518.125,3202802,UPM_CONTROLLER_RX,19,00000000000000000600000140254012
4003521.875,3202805,UPM_CONTROLLER_RX,19,00000000000000000600000140254012
4003525.625,3202808,UPM_CONTROLLER_RX,19,00000000000000000600000140254012
4003529.375,3202811,UPM_CONTROLLER_RX,19,00000000000000000600000140254012
4003533.125,3202814,UPM_CONTROLLER_RX,19,00000000000000000600000140254012
4003536.875,3202817,UPM_CONTROLLER_RX,19,00000000000000000600000140254012
4003540.625,3202820,UPM_CONTROLLER_RX,19,00000000000000000600000140254012
4003544.375,3202823,UPM_CONTROLLER_RX,19,00000000000000000600000140254012
4003548.125,3202826,UPM_CONTROLLER_RX,19,00000000000000000600000140254012
4003551.875,3202829,UPM_CONTROLLER_RX,19,00000000000000000600000140254012
4003555.625,3202832,UPM_CONTROLLER_RX,19,00000000000000000600000140254012
4003559.375,3202835,UPM_CONTROLLER_RX,19,00000000000000000600000140254012
4003563.125,3202838,UPM_CONTROLLER_RX,19,00000000000000000600000140254012
4003566.875,3202841,UPM_CONTROLLER_RX,19,00000000000000000600000140254012
4003570.625,3202844,UPM_CONTROLLER_RX,19,00000000000000000600000140254012
4003574.375,3202847,UPM_CONTROLLER_RX,19,00000000000000000600000140254012
4003576.875,3202849,UPM_TX,0,00000000000000000200010040244012
4003578.125,3202850,UPM_CONTROLLER_RX,19,00000000000000000600000140254012
4003581.875,3202853,UPM_CONTROLLER_RX,19,00000000000000000600000140254012
4003585.625,3202856,UPM_CONTROLLER_RX,19,00000000000000000600000140254012
4003589.375,3202859,UPM_CONTROLLER_RX,19,00000000000000000600000140254012
4003593.125,3202862,UPM_CONTROLLER_RX,19,00000000000000000600000140254012
4003596.875,3202865,UPM_CONTROLLER_RX,19,00000000000000000600000140254012
4003600.625,3202868,UPM_CONTROLLER_RX,19,00000000000000000600000140254012
4003604.375,3202871,UPM_CONTROLLER_RX,19,00000000000000000600000140254012
4003608.125,3202874,UPM_CONTROLLER_RX,19,00000000000000000600000140254012
4003611.875,3202877,UPM_CONTROLLER_RX,19,00000000000000000600000140254012
4003615.625,3202880,UPM_CONTROLLER_RX,19,00000000000000000600000140254012
4003619.375,3202883,UPM_CONTROLLER_RX,19,00000000000000000600000140254012
4003623.125,3202886,UPM_CONTROLLER_RX,19,00000000000000000600000140254012
4003626.875,3202889,UPM_CONTROLLER_RX,19,00000000000000000600000140254012
4003630.625,3202892,UPM_CONTROLLER_RX,19,00000000000000000600000140254012
4003634.375,3202895,UPM_CONTROLLER_RX,19,00000000000000000600000140254012
4003638.125,3202898,UPM_CONTROLLER_RX,19,00000000000000000600000140254012
4003641.875,3202901,UPM_CONTROLLER_RX,19,00000000000000000600000140254012
4003645.625,3202904,UPM_CONTROLLER_RX,19,00000000000000000600000140254012
4003649.375,3202907,UPM_CONTROLLER_RX,19,00000000000000000600000140254012
4003653.125,3202910,UPM_CONTROLLER_RX,19,00000000000000000600000140254012
4003656.875,3202913,UPM_CONTROLLER_RX,19,00000000000000000600000140254012
4003660.625,3202916,UPM_CONTROLLER_RX,19,00000000000000000600000140254012
4003664.375,3202919,UPM_CONTROLLER_RX,19,00000000000000000600000140254012
4003668.125,3202922,UPM_CONTROLLER_RX,19,00000000000000000600000140254012
4003671.875,3202925,UPM_CONTROLLER_RX,19,00000000000000000600000140254012
4003675.625,3202928,UPM_CONTROLLER_RX,19,00000000000000000600000140254012
4003679.375,3202931,UPM_CONTROLLER_RX,19,00000000000000000600000140254012
4003683.125,3202934,UPM_CONTROLLER_RX,19,00000000000000000600000140254012
4003686.875,3202937,UPM_CONTROLLER_RX,19,00000000000000000600000140254012
4003690.625,3202940,UPM_CONTROLLER_RX,19,00000000000000000600000140254012
4003694.375,3202943,UPM_CONTROLLER_RX,19,00000000000000000600000140254012
4003698.125,3202946,UPM_TX,0,00000000000000000200010040244012
4003698.125,3202946,UPM_CONTROLLER_RX,19,00000000000000000600000140254012
4003701.875,3202949,UPM_CONTROLLER_RX,19,00000000000000000600000140254012
4003705.625,3202952,UPM_CONTROLLER_RX,19,00000000000000000600000140254012
4003709.375,3202955,UPM_CONTROLLER_RX,19,00000000000000000600000140254012
4003713.125,3202958,UPM_CONTROLLER_RX,19,00000000000000000600000140254012
4003716.875,3202961,UPM_CONTROLLER_RX,19,00000000000000000600000140254012
4003720.625,3202964,UPM_CONTROLLER_RX,19,00000000000000000600000140254012
4003724.375,3202967,UPM_CONTROLLER_RX,19,00000000000000000600000140254012
4003728.125,3202970,UPM_CONTROLLER_RX,19,00000000000000000600000140254012
4003731.875,3202973,UPM_CONTROLLER_RX,19,00000000000000000600000140254012
4003735.625,3202976,UPM_CONTROLLER_RX,19,00000000000000000600000140254012
4003739.375,3202979,UPM_CONTROLLER_RX,19,00000000000000000600000140254012
4003743.125,3202982,UPM_CONTROLLER_RX,19,00000000000000000600000140254012
4003746.875,3202985,UPM_CONTROLLER_RX,19,00000000000000000600000140254012
4003750.625,3202988,UPM_CONTROLLER_RX,19,00000000000000000600000140254012
4003754.375,3202991,UPM_CONTROLLER_RX,19,00000000000000000600000140254012
4003758.125,3202994,UPM_CONTROLLER_RX,19,00000000000000000600000140254012
4003761.875,3202997,UPM_CONTROLLER_RX,19,00000000000000000600000140254012
4003765.625,3203000,UPM_CONTROLLER_RX,19,00000000000000000600000140254012
4003769.375,3203003,UPM_CONTROLLER_RX,19,00000000000000000600000140254012
4003773.125,3203006,UPM_CONTROLLER_RX,19,00000000000000000600000140254012
4003776.875,3203009,UPM_CONTROLLER_RX,19,00000000000000000600000140254012
4003780.625,3203012,UPM_CONTROLLER_RX,19,00000000000000000600000140254012
4003784.375,3203015,UPM_CONTROLLER_RX,19,00000000000000000600000140254012
4003788.125,3203018,UPM_CONTROLLER_RX,19,00000000000000000600000140254012
4003791.875,3203021,UPM_CONTROLLER_RX,19,00000000000000000600000140254012
4003795.625,3203024,UPM_CONTROLLER_RX,19,00000000000000000600000140254012
4003799.375,3203027,UPM_CONTROLLER_RX,19,00000000000000000600000140254012
4003803.125,3203030,UPM_CONTROLLER_RX,19,00000000000000000600000140254012
4003806.875,3203033,UPM_CONTROLLER_RX,19,00000000000000000600000140254012
4003810.625,3203036,UPM_CONTROLLER_RX,19,00000000000000000600000140254012
4003814.375,3203039,UPM_CONTROLLER_RX,19,00000000000000000600000140254012
4003818.125,3203042,UPM_CONTROLLER_RX,19,00000000000000000600000140254012
4003819.375,3203043,UPM_TX,0,00000000000000000200010040244012
4003821.875,3203045,UPM_CONTROLLER_RX,19,00000000000000000600000140254012
4003825.625,3203048,UPM_CONTROLLER_RX,19,00000000000000000600000140254012
4003829.375,3203051,UPM_CONTROLLER_RX,19,00000000000000000600000140254012
4003833.125,3203054,UPM_CONTROLLER_RX,19,00000000000000000600000140254012
4003836.875,3203057,UPM_CONTROLLER_RX,19,00000000000000000600000140254012
4003840.625,3203060,UPM_CONTROLLER_RX,19,00000000000000000600000140254012
4003844.375,3203063,UPM_CONTROLLER_RX,19,00000000000000000600000140254012
4003848.125,3203066,UPM_CONTROLLER_RX,19,00000000000000000600000140254012
4003851.875,3203069,UPM_CONTROLLER_RX,19,00000000000000000600000140254012
4003855.625,3203072,UPM_CONTROLLER_RX,19,00000000000000000600000140254012
4003859.375,3203075,UPM_CONTROLLER_RX,19,00000000000000000600000140254012
4003863.125,3203078,UPM_CONTROLLER_RX,19,00000000000000000600000140254012
4003866.875,3203081,UPM_CONTROLLER_RX,19,00000000000000000600000140254012
4003870.625,3203084,UPM_CONTROLLER_RX,19,00000000000000000600000140254012
4003874.375,3203087,UPM_CONTROLLER_RX,19,00000000000000000600000140254012
4003878.125,3203090,UPM_CONTROLLER_RX,19,00000000000000000600000140254012
4003881.875,3203093,UPM_CONTROLLER_RX,19,00000000000000000600000140254012
4003885.625,3203096,UPM_CONTROLLER_RX,19,00000000000000000600000140254012
4003889.375,3203099,UPM_CONTROLLER_RX,19,00000000000000000600000140254012
4003893.125,3203102,UPM_CONTROLLER_RX,19,00000000000000000600000140254012
4003896.875,3203105,UPM_CONTROLLER_RX,19,00000000000000000600000140254012
4003900.625,3203108,UPM_CONTROLLER_RX,19,00000000000000000600000140254012
4003904.375,3203111,UPM_CONTROLLER_RX,19,00000000000000000600000140254012
4003908.125,3203114,UPM_CONTROLLER_RX,19,00000000000000000600000140254012
4003911.875,3203117,UPM_CONTROLLER_RX,19,00000000000000000600000140254012
4003915.625,3203120,UPM_CONTROLLER_RX,19,00000000000000000600000140254012
4003919.375,3203123,UPM_CONTROLLER_RX,19,00000000000000000600000140254012
4003923.125,3203126,UPM_CONTROLLER_RX,19,00000000000000000600000140254012
4003926.875,3203129,UPM_CONTROLLER_RX,19,00000000000000000600000140254012
4003930.625,3203132,UPM_CONTROLLER_RX,19,00000000000000000600000140254012
4003934.375,3203135,UPM_CONTROLLER_RX,19,00000000000000000600000140254012
4003938.125,3203138,UPM_CONTROLLER_RX,19,00000000000000000600000140254012
4003940.625,3203140,UPM_TX,0,00000000000000000200010040244012
4003941.875,3203141,UPM_CONTROLLER_RX,19,00000000000000000600000140254012
4003945.625,3203144,UPM_CONTROLLER_RX,19,00000000000000000600000140254012
4003949.375,3203147,UPM_CONTROLLER_RX,19,00000000000000000600000140254012
4003953.125,3203150,UPM_CONTROLLER_RX,19,00000000000000000600000140254012
4003956.875,3203153,UPM_CONTROLLER_RX,19,00000000000000000600000140254012
4003960.625,3203156,UPM_CONTROLLER_RX,19,00000000000000000600000140254012
4003964.375,3203159,UPM_CONTROLLER_RX,19,00000000000000000600000140254012
4003968.125,3203162,UPM_CONTROLLER_RX,19,00000000000000000600000140254012
4003971.875,3203165,UPM_CONTROLLER_RX,19,00000000000000000600000140254012
4003975.625,3203168,UPM_CONTROLLER_RX,19,00000000000000000600000140254012
4003979.375,3203171,UPM_CONTROLLER_RX,19,00000000000000000600000140254012
4003983.125,3203174,UPM_CONTROLLER_RX,19,00000000000000000600000140254012
4003986.875,3203177,UPM_CONTROLLER_RX,19,00000000000000000600000140254012
4003990.625,3203180,UPM_CONTROLLER_RX,19,00000000000000000600000140254012
4003994.375,3203183,UPM_CONTROLLER_RX,19,00000000000000000600000140254012
4003998.125,3203186,UPM_CONTROLLER_RX,19,00000000000000000600000140254012
4004001.875,3203189,UPM_CONTROLLER_RX,19,00000000000000000600000140254012
4004005.625,3203192,UPM_CONTROLLER_RX,19,00000000000000000600000140254012
4004009.375,3203195,UPM_CONTROLLER_RX,19,00000000000000000600000140254012
4004013.125,3203198,UPM_CONTROLLER_RX,19,00000000000000000600000140254012
4004016.875,3203201,UPM_CONTROLLER_RX,19,00000000000000000600000140254012
4004020.625,3203204,UPM_CONTROLLER_RX,19,00000000000000000600000140254012
4004024.375,3203207,UPM_CONTROLLER_RX,19,00000000000000000600000140254012
4004028.125,3203210,UPM_CONTROLLER_RX,19,00000000000000000600000140254012
4004031.875,3203213,UPM_CONTROLLER_RX,19,00000000000000000600000140254012
4004035.625,3203216,UPM_CONTROLLER_RX,19,00000000000000000600000140254012
4004039.375,3203219,UPM_CONTROLLER_RX,19,00000000000000000600000140254012
4004043.125,3203222,UPM_CONTROLLER_RX,19,00000000000000000600000140254012
4004046.875,3203225,UPM_CONTROLLER_RX,19,00000000000000000600000140254012
4004050.625,3203228,UPM_CONTROLLER_RX,19,00000000000000000600000140254012
4004054.375,3203231,UPM_CONTROLLER_RX,19,00000000000000000600000140254012
4004058.125,3203234,UPM_CONTROLLER_RX,19,00000000000000000600000140254012
4004061.875,3203237,UPM_TX,0,00000000000000000200010040244012
4004061.875,3203237,UPM_CONTROLLER_RX,19,00000000000000000600000140254012
4004065.625,3203240,UPM_CONTROLLER_RX,19,00000000000000000600000140254012
4004069.375,3203243,UPM_CONTROLLER_RX,19,00000000000000000600000140254012
4004073.125,3203246,UPM_CONTROLLER_RX,19,00000000000000000600000140254012
4004076.875,3203249,UPM_CONTROLLER_RX,19,00000000000000000600000140254012
4004080.625,3203252,UPM_CONTROLLER_RX,19,00000000000000000600000140254012
4004084.375,3203255,UPM_CONTROLLER_RX,19,00000000000000000600000140254012
4004088.125,3203258,UPM_CONTROLLER_RX,19,00000000000000000600000140254012
4004091.875,3203261,UPM_CONTROLLER_RX,19,00000000000000000600000140254012
4004095.625,3203264,UPM_CONTROLLER_RX,19,00000000000000000600000140254012
4004099.375,3203267,UPM_CONTROLLER_RX,19,00000000000000000600000140254012
4004103.125,3203270,UPM_CONTROLLER_RX,19,00000000000000000600000140254012
4004106.875,3203273,UPM_CONTROLLER_RX,19,00000000000000000600000140254012
4004110.625,3203276,UPM_CONTROLLER_RX,19,00000000000000000600000140254012
4004114.375,3203279,UPM_CONTROLLER_RX,19,00000000000000000600000140254012
4004118.125,3203282,UPM_CONTROLLER_RX,19,00000000000000000600000140254012
4004121.875,3203285,UPM_CONTROLLER_RX,19,00000000000000000600000140254012
4004125.625,3203288,UPM_CONTROLLER_RX,19,00000000000000000600000140254012
4004129.375,3203291,UPM_CONTROLLER_RX,19,00000000000000000600000140254012
4004133.125,3203294,UPM_CONTROLLER_RX,19,00000000000000000600000140254012
4004136.875,3203297,UPM_CONTROLLER_RX,19,00000000000000000600000140254012
4004140.625,3203300,UPM_CONTROLLER_RX,19,00000000000000000600000140254012
4004144.375,3203303,UPM_CONTROLLER_RX,19,00000000000000000600000140254012
4004148.125,3203306,UPM_CONTROLLER_RX,19,00000000000000000600000140254012
4004151.875,3203309,UPM_CONTROLLER_RX,19,00000000000000000600000140254012
4004155.625,3203312,UPM_CONTROLLER_RX,19,00000000000000000600000140254012
4004159.375,3203315,UPM_CONTROLLER_RX,19,00000000000000000600000140254012
4004163.125,3203318,UPM_CONTROLLER_RX,19,00000000000000000600000140254012
4004166.875,3203321,UPM_CONTROLLER_RX,19,00000000000000000600000140254012
4004170.625,3203324,UPM_CONTROLLER_RX,19,00000000000000000600000140254012
4004174.375,3203327,UPM_CONTROLLER_RX,19,00000000000000000600000140254012
4004178.125,3203330,UPM_CONTROLLER_RX,19,00000000000000000600000140254012
4004181.875,3203333,UPM_CONTROLLER_RX,19,00000000000000000600000140254012
4004183.125,3203334,UPM_TX,0,00000000000000000200010040244012
4004185.625,3203336,UPM_CONTROLLER_RX,19,00000000000000000600000140254012
4004189.375,3203339,UPM_CONTROLLER_RX,19,00000000000000000600000140254012
4004193.125,3203342,UPM_CONTROLLER_RX,19,00000000000000000600000140254012
4004196.875,3203345,UPM_CONTROLLER_RX,19,00000000000000000600000140254012
4004200.625,3203348,UPM_CONTROLLER_RX,19,00000000000000000600000140254012
4004204.375,3203351,UPM_CONTROLLER_RX,19,00000000000000000600000140254012
4004208.125,3203354,UPM_CONTROLLER_RX,19,00000000000000000600000140254012
4004211.875,3203357,UPM_CONTROLLER_RX,19,00000000000000000600000140254012
4004215.625,3203360,UPM_CONTROLLER_RX,19,00000000000000000600000140254012
4004219.375,3203363,UPM_CONTROLLER_RX,19,00000000000000000600000140254012
4004223.125,3203366,UPM_CONTROLLER_RX,19,00000000000000000600000140254012
4004226.875,3203369,UPM_CONTROLLER_RX,19,00000000000000000600000140254012
4004230.625,3203372,UPM_CONTROLLER_RX,19,00000000000000000600000140254012
4004234.375,3203375,UPM_CONTROLLER_RX,19,00000000000000000600000140254012
4004238.125,3203378,UPM_CONTROLLER_RX,19,00000000000000000600000140254012
4004241.875,3203381,UPM_CONTROLLER_RX,19,00000000000000000600000140254012
4004245.625,3203384,UPM_CONTROLLER_RX,19,00000000000000000600000140254012
4004249.375,3203387,UPM_CONTROLLER_RX,19,00000000000000000600000140254012
4004253.125,3203390,UPM_CONTROLLER_RX,19,00000000000000000600000140254012
4004256.875,3203393,UPM_CONTROLLER_RX,19,00000000000000000600000140254012
4004260.625,3203396,UPM_CONTROLLER_RX,19,00000000000000000600000140254012
4004264.375,3203399,UPM_CONTROLLER_RX,19,00000000000000000600000140254012
4004268.125,3203402,UPM_CONTROLLER_RX,19,00000000000000000600000140254012
4004271.875,3203405,UPM_CONTROLLER_RX,19,00000000000000000600000140254012
4004275.625,3203408,UPM_CONTROLLER_RX,19,00000000000000000600000140254012
4004279.375,3203411,UPM_CONTROLLER_RX,19,00000000000000000600000140254012
4004283.125,3203414,UPM_CONTROLLER_RX,19,00000000000000000600000140254012
4004286.875,3203417,UPM_CONTROLLER_RX,19,00000000000000000600000140254012
4004290.625,3203420,UPM_CONTROLLER_RX,19,00000000000000000600000140254012
4004294.375,3203423,UPM_CONTROLLER_RX,19,00000000000000000600000140254012
4004298.125,3203426,UPM_CONTROLLER_RX,19,00000000000000000600000140254012
4004301.875,3203429,UPM_CONTROLLER_RX,19,00000000000000000600000140254012
4004304.375,3203431,UPM_TX,0,00000000000000000200010040244012
4004305.625,3203432,UPM_CONTROLLER_RX,19,00000000000000000600000140254012
4004309.375,3203435,UPM_CONTROLLER_RX,19,00000000000000000600000140254012
4004313.125,3203438,UPM_CONTROLLER_RX,19,00000000000000000600000140254012
4004316.875,3203441,UPM_CONTROLLER_RX,19,00000000000000000600000140254012
4004320.625,3203444,UPM_CONTROLLER_RX,19,00000000000000000600000140254012
4004324.375,3203447,UPM_CONTROLLER_RX,19,00000000000000000600000140254012
4004328.125,3203450,UPM_CONTROLLER_RX,19,00000000000000000600000140254012
4004331.875,3203453,UPM_CONTROLLER_RX,19,00000000000000000600000140254012
4004335.625,3203456,UPM_CONTROLLER_RX,19,00000000000000000600000140254012
4004339.375,3203459,UPM_CONTROLLER_RX,19,00000000000000000600000140254012
4004343.125,3203462,UPM_CONTROLLER_RX,19,00000000000000000600000140254012
4004346.875,3203465,UPM_CONTROLLER_RX,19,00000000000000000600000140254012
4004350.625,3203468,UPM_CONTROLLER_RX,19,00000000000000000600000140254012
4004354.375,3203471,UPM_CONTROLLER_RX,19,00000000000000000600000140254012
4004358.125,3203474,UPM_CONTROLLER_RX,19,00000000000000000600000140254012
4004361.875,3203477,UPM_CONTROLLER_RX,19,00000000000000000600000140254012
4004365.625,3203480,UPM_CONTROLLER_RX,19,00000000000000000600000140254012
4004369.375,3203483,UPM_CONTROLLER_RX,19,00000000000000000600000140254012
4004373.125,3203486,UPM_CONTROLLER_RX,19,00000000000000000600000140254012
4004376.875,3203489,UPM_CONTROLLER_RX,19,00000000000000000600000140254012
4004380.625,3203492,UPM_CONTROLLER_RX,19,00000000000000000600000140254012
4004384.375,3203495,UPM_CONTROLLER_RX,19,00000000000000000600000140254012
4004388.125,3203498,UPM_CONTROLLER_RX,19,00000000000000000600000140254012
4004391.875,3203501,UPM_CONTROLLER_RX,19,00000000000000000600000140254012
4004395.625,3203504,UPM_CONTROLLER_RX,19,00000000000000000600000140254012
4004399.375,3203507,UPM_CONTROLLER_RX,19,00000000000000000600000140254012
4004403.125,3203510,UPM_CONTROLLER_RX,19,00000000000000000600000140254012
4004406.875,3203513,UPM_CONTROLLER_RX,19,00000000000000000600000140254012
4004410.625,3203516,UPM_CONTROLLER_RX,19,00000000000000000600000140254012
4004414.375,3203519,UPM_CONTROLLER_RX,19,00000000000000000600000140254012
4004418.125,3203522,UPM_CONTROLLER_RX,19,00000000000000000600000140254012
4004421.875,3203525,UPM_CONTROLLER_RX,19,00000000000000000600000140254012
4004425.625,3203528,UPM_TX,0,00000000000000000200010040244012
4004425.625,3203528,UPM_CONTROLLER_RX,19,00000000000000000600000140254012
4004429.375,3203531,UPM_CONTROLLER_RX,19,00000000000000000600000140254012
4004433.125,3203534,UPM_CONTROLLER_RX,19,00000000000000000600000140254012
4004436.875,3203537,UPM_CONTROLLER_RX,19,00000000000000000600000140254012
4004440.625,3203540,UPM_CONTROLLER_RX,19,00000000000000000600000140254012
4004444.375,3203543,UPM_CONTROLLER_RX,19,00000000000000000600000140254012
4004448.125,3203546,UPM_CONTROLLER_RX,19,00000000000000000600000140254012
4004451.875,3203549,UPM_CONTROLLER_RX,19,00000000000000000600000140254012
4004455.625,3203552,UPM_CONTROLLER_RX,19,00000000000000000600000140254012
4004459.375,3203555,UPM_CONTROLLER_RX,19,00000000000000000600000140254012
4004463.125,3203558,UPM_CONTROLLER_RX,19,00000000000000000600000140254012
4004466.875,3203561,UPM_CONTROLLER_RX,19,00000000000000000600000140254012
4004470.625,3203564,UPM_CONTROLLER_RX,19,00000000000000000600000140254012
4004474.375,3203567,UPM_CONTROLLER_RX,19,00000000000000000600000140254012
4004478.125,3203570,UPM_CONTROLLER_RX,19,00000000000000000600000140254012
4004481.875,3203573,UPM_CONTROLLER_RX,19,00000000000000000600000140254012
4004485.625,3203576,UPM_CONTROLLER_RX,19,00000000000000000600000140254012
4004489.375,3203579,UPM_CONTROLLER_RX,19,00000000000000000600000140254012
4004493.125,3203582,UPM_CONTROLLER_RX,19,00000000000000000600000140254012
4004496.875,3203585,UPM_CONTROLLER_RX,19,00000000000000000600000140254012
4004500.625,3203588,UPM_CONTROLLER_RX,19,00000000000000000600000140254012
4004504.375,3203591,UPM_CONTROLLER_RX,19,00000000000000000600000140254012
4004508.125,3203594,UPM_CONTROLLER_RX,19,00000000000000000600000140254012
4004511.875,3203597,UPM_CONTROLLER_RX,19,00000000000000000600000140254012
4004515.625,3203600,UPM_CONTROLLER_RX,19,00000000000000000600000140254012
4004519.375,3203603,UPM_CONTROLLER_RX,19,00000000000000000600000140254012
4004523.125,3203606,UPM_CONTROLLER_RX,19,00000000000000000600000140254012
4004526.875,3203609,UPM_CONTROLLER_RX,19,00000000000000000600000140254012
4004530.625,3203612,UPM_CONTROLLER_RX,19,00000000000000000600000140254012
4004534.375,3203615,UPM_CONTROLLER_RX,19,00000000000000000600000140254012
4004538.125,3203618,UPM_CONTROLLER_RX,19,00000000000000000600000140254012
4004541.875,3203621,UPM_CONTROLLER_RX,19,00000000000000000600000140254012
4004545.625,3203624,UPM_CONTROLLER_RX,19,00000000000000000600000140254012
4004546.875,3203625,UPM_TX,0,00000000000000000200010040244012
4004549.375,3203627,UPM_CONTROLLER_RX,19,00000000000000000600000140254012
4004553.125,3203630,UPM_CONTROLLER_RX,19,00000000000000000600000140254012
4004556.875,3203633,UPM_CONTROLLER_RX,19,00000000000000000600000140254012
4004560.625,3203636,UPM_CONTROLLER_RX,19,00000000000000000600000140254012
4004564.375,3203639,UPM_CONTROLLER_RX,19,00000000000000000600000140254012
4004568.125,3203642,UPM_CONTROLLER_RX,19,00000000000000000600000140254012
4004571.875,3203645,UPM_CONTROLLER_RX,19,00000000000000000600000140254012
4004575.625,3203648,UPM_CONTROLLER_RX,19,00000000000000000600000140254012
4004579.375,3203651,UPM_CONTROLLER_RX,19,00000000000000000600000140254012
4004583.125,3203654,UPM_CONTROLLER_RX,19,00000000000000000600000140254012
4004586.875,3203657,UPM_CONTROLLER_RX,19,00000000000000000600000140254012
4004590.625,3203660,UPM_CONTROLLER_RX,19,00000000000000000600000140254012
4004594.375,3203663,UPM_CONTROLLER_RX,19,00000000000000000600000140254012
4004598.125,3203666,UPM_CONTROLLER_RX,19,00000000000000000600000140254012
4004601.875,3203669,UPM_CONTROLLER_RX,19,00000000000000000600000140254012
4004605.625,3203672,UPM_CONTROLLER_RX,19,00000000000000000600000140254012
4004609.375,3203675,UPM_CONTROLLER_RX,19,00000000000000000600000140254012
4004613.125,3203678,UPM_CONTROLLER_RX,19,00000000000000000600000140254012
4004616.875,3203681,UPM_CONTROLLER_RX,19,00000000000000000600000140254012
4004620.625,3203684,UPM_CONTROLLER_RX,19,00000000000000000600000140254012
4004624.375,3203687,UPM_CONTROLLER_RX,19,00000000000000000600000140254012
4004628.125,3203690,UPM_CONTROLLER_RX,19,00000000000000000600000140254012
4004631.875,3203693,UPM_CONTROLLER_RX,19,00000000000000000600000140254012
4004635.625,3203696,UPM_CONTROLLER_RX,19,00000000000000000600000140254012
4004639.375,3203699,UPM_CONTROLLER_RX,19,00000000000000000600000140254012
4004643.125,3203702,UPM_CONTROLLER_RX,19,00000000000000000600000140254012
4004646.875,3203705,UPM_CONTROLLER_RX,19,00000000000000000600000140254012
4004650.625,3203708,UPM_CONTROLLER_RX,19,00000000000000000600000140254012
4004654.375,3203711,UPM_CONTROLLER_RX,19,00000000000000000600000140254012
4004658.125,3203714,UPM_CONTROLLER_RX,19,00000000000000000600000140254012
4004661.875,3203717,UPM_CONTROLLER_RX,19,00000000000000000600000140254012
4004665.625,3203720,UPM_CONTROLLER_RX,19,00000000000000000600000140254012
4004668.125,3203722,UPM_TX,0,00000000000000000200010040244012
4004669.375,3203723,UPM_CONTROLLER_RX,19,00000000000000000600000140254012
4004673.125,3203726,UPM_CONTROLLER_RX,19,00000000000000000600000140254012
4004676.875,3203729,UPM_CONTROLLER_RX,19,00000000000000000600000140254012
4004680.625,3203732,UPM_CONTROLLER_RX,19,00000000000000000600000140254012
4004684.375,3203735,UPM_CONTROLLER_RX,19,00000000000000000600000140254012
4004688.125,3203738,UPM_CONTROLLER_RX,19,00000000000000000600000140254012
4004691.875,3203741,UPM_CONTROLLER_RX,19,00000000000000000600000140254012
4004695.625,3203744,UPM_CONTROLLER_RX,19,00000000000000000600000140254012
4004699.375,3203747,UPM_CONTROLLER_RX,19,00000000000000000600000140254012
4004703.125,3203750,UPM_CONTROLLER_RX,19,00000000000000000600000140254012
4004706.875,3203753,UPM_CONTROLLER_RX,19,00000000000000000600000140254012
4004710.625,3203756,UPM_CONTROLLER_RX,19,00000000000000000600000140254012
4004714.375,3203759,UPM_CONTROLLER_RX,19,00000000000000000600000140254012
4004718.125,3203762,UPM_CONTROLLER_RX,19,00000000000000000600000140254012
4004721.875,3203765,UPM_CONTROLLER_RX,19,00000000000000000600000140254012
4004725.625,3203768,UPM_CONTROLLER_RX,19,00000000000000000600000140254012
4004729.375,3203771,UPM_CONTROLLER_RX,19,00000000000000000600000140254012
4004733.125,3203774,UPM_CONTROLLER_RX,19,00000000000000000600000140254012
4004736.875,3203777,UPM_CONTROLLER_RX,19,00000000000000000600000140254012
4004740.625,3203780,UPM_CONTROLLER_RX,19,00000000000000000600000140254012
4004744.375,3203783,UPM_CONTROLLER_RX,19,00000000000000000600000140254012
4004748.125,3203786,UPM_CONTROLLER_RX,19,00000000000000000600000140254012
4004751.875,3203789,UPM_CONTROLLER_RX,19,00000000000000000600000140254012
4004755.625,3203792,UPM_CONTROLLER_RX,19,00000000000000000600000140254012
4004759.375,3203795,UPM_CONTROLLER_RX,19,00000000000000000600000140254012
4004763.125,3203798,UPM_CONTROLLER_RX,19,00000000000000000600000140254012
4004766.875,3203801,UPM_CONTROLLER_RX,19,00000000000000000600000140254012
4004770.625,3203804,UPM_CONTROLLER_RX,19,00000000000000000600000140254012
4004774.375,3203807,UPM_CONTROLLER_RX,19,00000000000000000600000140254012
4004778.125,3203810,UPM_CONTROLLER_RX,19,00000000000000000600000140254012
4004781.875,3203813,UPM_CONTROLLER_RX,19,00000000000000000600000140254012
4004785.625,3203816,UPM_CONTROLLER_RX,19,00000000000000000600000140254012
4004789.375,3203819,UPM_TX,0,00000000000000000200010040244012
4004789.375,3203819,UPM_CONTROLLER_RX,19,00000000000000000600000140254012
4004793.125,3203822,UPM_CONTROLLER_RX,19,00000000000000000600000140254012
4004796.875,3203825,UPM_CONTROLLER_RX,19,00000000000000000600000140254012
4004800.625,3203828,UPM_CONTROLLER_RX,19,00000000000000000600000140254012
4004804.375,3203831,UPM_CONTROLLER_RX,19,00000000000000000600000140254012
4004808.125,3203834,UPM_CONTROLLER_RX,19,00000000000000000600000140254012
4004811.875,3203837,UPM_CONTROLLER_RX,19,00000000000000000600000140254012
4004815.625,3203840,UPM_CONTROLLER_RX,19,00000000000000000600000140254012
4004819.375,3203843,UPM_CONTROLLER_RX,19,00000000000000000600000140254012
4004823.125,3203846,UPM_CONTROLLER_RX,19,00000000000000000600000140254012
4004826.875,3203849,UPM_CONTROLLER_RX,19,00000000000000000600000140254012
4004830.625,3203852,UPM_CONTROLLER_RX,19,00000000000000000600000140254012
4004834.375,3203855,UPM_CONTROLLER_RX,19,00000000000000000600000140254012
4004838.125,3203858,UPM_CONTROLLER_RX,19,00000000000000000600000140254012
4004841.875,3203861,UPM_CONTROLLER_RX,19,00000000000000000600000140254012
4004845.625,3203864,UPM_CONTROLLER_RX,19,00000000000000000600000140254012
4004849.375,3203867,UPM_CONTROLLER_RX,19,00000000000000000600000140254012
4004853.125,3203870,UPM_CONTROLLER_RX,19,00000000000000000600000140254012
4004856.875,3203873,UPM_CONTROLLER_RX,19,00000000000000000600000140254012
4004860.625,3203876,UPM_CONTROLLER_RX,19,00000000000000000600000140254012
4004864.375,3203879,UPM_CONTROLLER_RX,19,00000000000000000600000140254012
4004868.125,3203882,UPM_CONTROLLER_RX,19,00000000000000000600000140254012
4004871.875,3203885,UPM_CONTROLLER_RX,19,00000000000000000600000140254012
4004875.625,3203888,UPM_CONTROLLER_RX,19,00000000000000000600000140254012
4004879.375,3203891,UPM_CONTROLLER_RX,19,00000000000000000600000140254012
4004883.125,3203894,UPM_CONTROLLER_RX,19,00000000000000000600000140254012
4004886.875,3203897,UPM_CONTROLLER_RX,19,00000000000000000600000140254012
4004890.625,3203900,UPM_CONTROLLER_RX,19,00000000000000000600000140254012
4004894.375,3203903,UPM_CONTROLLER_RX,19,00000000000000000600000140254012
4004898.125,3203906,UPM_CONTROLLER_RX,19,00000000000000000600000140254012
4004901.875,3203909,UPM_CONTROLLER_RX,19,00000000000000000600000140254012
4004905.625,3203912,UPM_CONTROLLER_RX,19,00000000000000000600000140254012
4004909.375,3203915,UPM_CONTROLLER_RX,19,00000000000000000600000140254012
4004910.625,3203916,UPM_TX,0,00000000000000000200010040244012
4004913.125,3203918,UPM_CONTROLLER_RX,19,00000000000000000600000140254012
4004916.875,3203921,UPM_CONTROLLER_RX,19,00000000000000000600000140254012
4004920.625,3203924,UPM_CONTROLLER_RX,19,00000000000000000600000140254012
4004924.375,3203927,UPM_CONTROLLER_RX,19,00000000000000000600000140254012
4004928.125,3203930,UPM_CONTROLLER_RX,19,00000000000000000600000140254012
4004931.875,3203933,UPM_CONTROLLER_RX,19,00000000000000000600000140254012
4004935.625,3203936,UPM_CONTROLLER_RX,19,00000000000000000600000140254012
4004939.375,3203939,UPM_CONTROLLER_RX,19,00000000000000000600000140254012
4004943.125,3203942,UPM_CONTROLLER_RX,19,00000000000000000600000140254012
4004946.875,3203945,UPM_CONTROLLER_RX,19,00000000000000000600000140254012
4004950.625,3203948,UPM_CONTROLLER_RX,19,00000000000000000600000140254012
4004954.375,3203951,UPM_CONTROLLER_RX,19,00000000000000000600000140254012
4004958.125,3203954,UPM_CONTROLLER_RX,19,00000000000000000600000140254012
4004961.875,3203957,UPM_CONTROLLER_RX,19,00000000000000000600000140254012
4004965.625,3203960,UPM_CONTROLLER_RX,19,00000000000000000600000140254012
4004969.375,3203963,UPM_CONTROLLER_RX,19,00000000000000000600000140254012
4004973.125,3203966,UPM_CONTROLLER_RX,19,00000000000000000600000140254012
4004976.875,3203969,UPM_CONTROLLER_RX,19,00000000000000000600000140254012
4004980.625,3203972,UPM_CONTROLLER_RX,19,00000000000000000600000140254012
4004984.375,3203975,UPM_CONTROLLER_RX,19,00000000000000000600000140254012
4004988.125,3203978,UPM_CONTROLLER_RX,19,00000000000000000600000140254012
4004991.875,3203981,UPM_CONTROLLER_RX,19,00000000000000000600000140254012
4004995.625,3203984,UPM_CONTROLLER_RX,19,00000000000000000600000140254012
4004999.375,3203987,UPM_CONTROLLER_RX,19,00000000000000000600000140254012
4005003.125,3203990,UPM_CONTROLLER_RX,19,00000000000000000600000140254012
4005006.875,3203993,UPM_CONTROLLER_RX,19,00000000000000000600000140254012
4005010.625,3203996,UPM_CONTROLLER_RX,19,00000000000000000600000140254012
4005014.375,3203999,UPM_CONTROLLER_RX,19,00000000000000000600000140254012
4005018.125,3204002,UPM_CONTROLLER_RX,19,00000000000000000600000140254012
4005021.875,3204005,UPM_CONTROLLER_RX,19,00000000000000000600000140254012
4005025.625,3204008,UPM_CONTROLLER_RX,19,00000000000000000600000140254012
4005029.375,3204011,UPM_CONTROLLER_RX,19,00000000000000000600000140254012
4005031.875,3204013,UPM_TX,0,00000000000000000200010040244012
4005033.125,3204014,UPM_CONTROLLER_RX,19,00000000000000000600000140254012
4005036.875,3204017,UPM_CONTROLLER_RX,19,00000000000000000600000140254012
4005040.625,3204020,UPM_CONTROLLER_RX,19,00000000000000000600000140254012
4005044.375,3204023,UPM_CONTROLLER_RX,19,00000000000000000600000140254012
4005048.125,3204026,UPM_CONTROLLER_RX,19,00000000000000000600000140254012
4005051.875,3204029,UPM_CONTROLLER_RX,19,00000000000000000600000140254012
4005055.625,3204032,UPM_CONTROLLER_RX,19,00000000000000000600000140254012
4005059.375,3204035,UPM_CONTROLLER_RX,19,00000000000000000600000140254012
4005063.125,3204038,UPM_CONTROLLER_RX,19,00000000000000000600000140254012
4005066.875,3204041,UPM_CONTROLLER_RX,19,00000000000000000600000140254012
4005070.625,3204044,UPM_CONTROLLER_RX,19,00000000000000000600000140254012
4005074.375,3204047,UPM_CONTROLLER_RX,19,00000000000000000600000140254012
4005078.125,3204050,UPM_CONTROLLER_RX,19,00000000000000000600000140254012
4005081.875,3204053,UPM_CONTROLLER_RX,19,00000000000000000600000140254012
4005085.625,3204056,UPM_CONTROLLER_RX,19,00000000000000000600000140254012
4005089.375,3204059,UPM_CONTROLLER_RX,19,00000000000000000600000140254012
4005093.125,3204062,UPM_CONTROLLER_RX,19,00000000000000000600000140254012
4005096.875,3204065,UPM_CONTROLLER_RX,19,00000000000000000600000140254012
4005100.625,3204068,UPM_CONTROLLER_RX,19,00000000000000000600000140254012
4005104.375,3204071,UPM_CONTROLLER_RX,19,00000000000000000600000140254012
4005108.125,3204074,UPM_CONTROLLER_RX,19,00000000000000000600000140254012
4005111.875,3204077,UPM_CONTROLLER_RX,19,00000000000000000600000140254012
4005115.625,3204080,UPM_CONTROLLER_RX,19,00000000000000000600000140254012
4005119.375,3204083,UPM_CONTROLLER_RX,19,00000000000000000600000140254012
4005123.125,3204086,UPM_CONTROLLER_RX,19,00000000000000000600000140254012
4005126.875,3204089,UPM_CONTROLLER_RX,19,00000000000000000600000140254012
4005130.625,3204092,UPM_CONTROLLER_RX,19,00000000000000000600000140254012
4005134.375,3204095,UPM_CONTROLLER_RX,19,00000000000000000600000140254012
4005138.125,3204098,UPM_CONTROLLER_RX,19,00000000000000000600000140254012
4005141.875,3204101,UPM_CONTROLLER_RX,19,00000000000000000600000140254012
4005145.625,3204104,UPM_CONTROLLER_RX,19,00000000000000000600000140254012
4005149.375,3204107,UPM_CONTROLLER_RX,19,00000000000000000600000140254012
4005153.125,3204110,UPM_TX,0,00000000000000000200010040244012
4005153.125,3204110,UPM_CONTROLLER_RX,19,00000000000000000600000140254012
4005156.875,3204113,UPM_CONTROLLER_RX,19,00000000000000000600000140254012
4005160.625,3204116,UPM_CONTROLLER_RX,19,00000000000000000600000140254012
4005164.375,3204119,UPM_CONTROLLER_RX,19,00000000000000000600000140254012
4005168.125,3204122,UPM_CONTROLLER_RX,19,00000000000000000600000140254012
4005171.875,3204125,UPM_CONTROLLER_RX,19,00000000000000000600000140254012
4005175.625,3204128,UPM_CONTROLLER_RX,19,00000000000000000600000140254012
4005179.375,3204131,UPM_CONTROLLER_RX,19,00000000000000000600000140254012
4005183.125,3204134,UPM_CONTROLLER_RX,19,00000000000000000600000140254012
4005186.875,3204137,UPM_CONTROLLER_RX,19,00000000000000000600000140254012
4005190.625,3204140,UPM_CONTROLLER_RX,19,00000000000000000600000140254012
4005194.375,3204143,UPM_CONTROLLER_RX,19,00000000000000000600000140254012
4005198.125,3204146,UPM_CONTROLLER_RX,19,00000000000000000600000140254012
4005201.875,3204149,UPM_CONTROLLER_RX,19,00000000000000000600000140254012
4005205.625,3204152,UPM_CONTROLLER_RX,19,00000000000000000600000140254012
4005209.375,3204155,UPM_CONTROLLER_RX,19,00000000000000000600000140254012
4005213.125,3204158,UPM_CONTROLLER_RX,19,00000000000000000600000140254012
4005216.875,3204161,UPM_CONTROLLER_RX,19,00000000000000000600000140254012
4005220.625,3204164,UPM_CONTROLLER_RX,19,00000000000000000600000140254012
4005224.375,3204167,UPM_CONTROLLER_RX,19,00000000000000000600000140254012
4005228.125,3204170,UPM_CONTROLLER_RX,19,00000000000000000600000140254012
4005231.875,3204173,UPM_CONTROLLER_RX,19,00000000000000000600000140254012
4005235.625,3204176,UPM_CONTROLLER_RX,19,00000000000000000600000140254012
4005239.375,3204179,UPM_CONTROLLER_RX,19,00000000000000000600000140254012
4005243.125,3204182,UPM_CONTROLLER_RX,19,00000000000000000600000140254012
4005246.875,3204185,UPM_CONTROLLER_RX,19,00000000000000000600000140254012
4005250.625,3204188,UPM_CONTROLLER_RX,19,00000000000000000600000140254012
4005254.375,3204191,UPM_CONTROLLER_RX,19,00000000000000000600000140254012
4005258.125,3204194,UPM_CONTROLLER_RX,19,00000000000000000600000140254012
4005261.875,3204197,UPM_CONTROLLER_RX,19,00000000000000000600000140254012
4005265.625,3204200,UPM_CONTROLLER_RX,19,00000000000000000600000140254012
4005269.375,3204203,UPM_CONTROLLER_RX,19,00000000000000000600000140254012
4005273.125,3204206,UPM_CONTROLLER_RX,19,00000000000000000600000140254012
4005274.375,3204207,UPM_TX,0,00000000000000000200010040244012
4005276.875,3204209,UPM_CONTROLLER_RX,19,00000000000000000600000140254012
4005280.625,3204212,UPM_CONTROLLER_RX,19,00000000000000000600000140254012
4005284.375,3204215,UPM_CONTROLLER_RX,19,00000000000000000600000140254012
4005288.125,3204218,UPM_CONTROLLER_RX,19,00000000000000000600000140254012
4005291.875,3204221,UPM_CONTROLLER_RX,19,00000000000000000600000140254012
4005295.625,3204224,UPM_CONTROLLER_RX,19,00000000000000000600000140254012
4005299.375,3204227,UPM_CONTROLLER_RX,19,00000000000000000600000140254012
4005303.125,3204230,UPM_CONTROLLER_RX,19,00000000000000000600000140254012
4005306.875,3204233,UPM_CONTROLLER_RX,19,00000000000000000600000140254012
4005310.625,3204236,UPM_CONTROLLER_RX,19,00000000000000000600000140254012
4005314.375,3204239,UPM_CONTROLLER_RX,19,00000000000000000600000140254012
4005318.125,3204242,UPM_CONTROLLER_RX,19,00000000000000000600000140254012
4005321.875,3204245,UPM_CONTROLLER_RX,19,00000000000000000600000140254012
4005325.625,3204248,UPM_CONTROLLER_RX,19,00000000000000000600000140254012
4005329.375,3204251,UPM_CONTROLLER_RX,19,00000000000000000600000140254012
4005333.125,3204254,UPM_CONTROLLER_RX,19,00000000000000000600000140254012
4005336.875,3204257,UPM_CONTROLLER_RX,19,00000000000000000600000140254012
4005340.625,3204260,UPM_CONTROLLER_RX,19,00000000000000000600000140254012
4005344.375,3204263,UPM_CONTROLLER_RX,19,00000000000000000600000140254012
4005348.125,3204266,UPM_CONTROLLER_RX,19,00000000000000000600000140254012
4005351.875,3204269,UPM_CONTROLLER_RX,19,00000000000000000600000140254012
4005355.625,3204272,UPM_CONTROLLER_RX,19,00000000000000000600000140254012
4005359.375,3204275,UPM_CONTROLLER_RX,19,00000000000000000600000140254012
4005363.125,3204278,UPM_CONTROLLER_RX,19,00000000000000000600000140254012
4005366.875,3204281,UPM_CONTROLLER_RX,19,00000000000000000600000140254012
4005370.625,3204284,UPM_CONTROLLER_RX,19,00000000000000000600000140254012
4005374.375,3204287,UPM_CONTROLLER_RX,19,00000000000000000600000140254012
4005378.125,3204290,UPM_CONTROLLER_RX,19,00000000000000000600000140254012
4005381.875,3204293,UPM_CONTROLLER_RX,19,00000000000000000600000140254012
4005385.625,3204296,UPM_CONTROLLER_RX,19,00000000000000000600000140254012
4005389.375,3204299,UPM_CONTROLLER_RX,19,00000000000000000600000140254012
4005393.125,3204302,UPM_CONTROLLER_RX,19,00000000000000000600000140254012
4005395.625,3204304,UPM_TX,0,00000000000000000200010040244012
4005396.875,3204305,UPM_CONTROLLER_RX,19,00000000000000000600000140254012
4005400.625,3204308,UPM_CONTROLLER_RX,19,00000000000000000600000140254012
4005404.375,3204311,UPM_CONTROLLER_RX,19,00000000000000000600000140254012
4005408.125,3204314,UPM_CONTROLLER_RX,19,00000000000000000600000140254012
4005411.875,3204317,UPM_CONTROLLER_RX,19,00000000000000000600000140254012
4005415.625,3204320,UPM_CONTROLLER_RX,19,00000000000000000600000140254012
4005419.375,3204323,UPM_CONTROLLER_RX,19,00000000000000000600000140254012
4005423.125,3204326,UPM_CONTROLLER_RX,19,00000000000000000600000140254012
4005426.875,3204329,UPM_CONTROLLER_RX,19,00000000000000000600000140254012
4005430.625,3204332,UPM_CONTROLLER_RX,19,00000000000000000600000140254012
4005434.375,3204335,UPM_CONTROLLER_RX,19,00000000000000000600000140254012
4005438.125,3204338,UPM_CONTROLLER_RX,19,00000000000000000600000140254012
4005441.875,3204341,UPM_CONTROLLER_RX,19,00000000000000000600000140254012
4005445.625,3204344,UPM_CONTROLLER_RX,19,00000000000000000600000140254012
4005449.375,3204347,UPM_CONTROLLER_RX,19,00000000000000000600000140254012
4005453.125,3204350,UPM_CONTROLLER_RX,19,00000000000000000600000140254012
4005456.875,3204353,UPM_CONTROLLER_RX,19,00000000000000000600000140254012
4005460.625,3204356,UPM_CONTROLLER_RX,19,00000000000000000600000140254012
4005464.375,3204359,UPM_CONTROLLER_RX,19,00000000000000000600000140254012
4005468.125,3204362,UPM_CONTROLLER_RX,19,00000000000000000600000140254012
4005471.875,3204365,UPM_CONTROLLER_RX,19,00000000000000000600000140254012
4005475.625,3204368,UPM_CONTROLLER_RX,19,00000000000000000600000140254012
4005479.375,3204371,UPM_CONTROLLER_RX,19,00000000000000000600000140254012
4005483.125,3204374,UPM_CONTROLLER_RX,19,00000000000000000600000140254012
4005486.875,3204377,UPM_CONTROLLER_RX,19,00000000000000000600000140254012
4005490.625,3204380,UPM_CONTROLLER_RX,19,00000000000000000600000140254012
4005494.375,3204383,UPM_CONTROLLER_RX,19,00000000000000000600000140254012
4005498.125,3204386,UPM_CONTROLLER_RX,19,00000000000000000600000140254012
4005501.875,3204389,UPM_CONTROLLER_RX,19,00000000000000000600000140254012
4005505.625,3204392,UPM_CONTROLLER_RX,19,00000000000000000600000140254012
4005509.375,3204395,UPM_CONTROLLER_RX,19,00000000000000000600000140254012
4005513.125,3204398,UPM_CONTROLLER_RX,19,00000000000000000600000140254012
4005516.875,3204401,UPM_TX,0,00000000000000000200010040244012
4005516.875,3204401,UPM_CONTROLLER_RX,19,00000000000000000600000140254012
4005520.625,3204404,UPM_CONTROLLER_RX,19,00000000000000000600000140254012
4005524.375,3204407,UPM_CONTROLLER_RX,19,00000000000000000600000140254012
4005528.125,3204410,UPM_CONTROLLER_RX,19,00000000000000000600000140254012
4005531.875,3204413,UPM_CONTROLLER_RX,19,00000000000000000600000140254012
4005535.625,3204416,UPM_CONTROLLER_RX,19,00000000000000000600000140254012
4005539.375,3204419,UPM_CONTROLLER_RX,19,00000000000000000600000140254012
4005543.125,3204422,UPM_CONTROLLER_RX,19,00000000000000000600000140254012
4005546.875,3204425,UPM_CONTROLLER_RX,19,00000000000000000600000140254012
4005550.625,3204428,UPM_CONTROLLER_RX,19,00000000000000000600000140254012
4005554.375,3204431,UPM_CONTROLLER_RX,19,00000000000000000600000140254012
4005558.125,3204434,UPM_CONTROLLER_RX,19,00000000000000000600000140254012
4005561.875,3204437,UPM_CONTROLLER_RX,19,00000000000000000600000140254012
4005565.625,3204440,UPM_CONTROLLER_RX,19,00000000000000000600000140254012
4005569.375,3204443,UPM_CONTROLLER_RX,19,00000000000000000600000140254012
4005573.125,3204446,UPM_CONTROLLER_RX,19,00000000000000000600000140254012
4005576.875,3204449,UPM_CONTROLLER_RX,19,00000000000000000600000140254012
4005580.625,3204452,UPM_CONTROLLER_RX,19,00000000000000000600000140254012
4005584.375,3204455,UPM_CONTROLLER_RX,19,00000000000000000600000140254012
4005588.125,3204458,UPM_CONTROLLER_RX,19,00000000000000000600000140254012
4005591.875,3204461,UPM_CONTROLLER_RX,19,00000000000000000600000140254012
4005595.625,3204464,UPM_CONTROLLER_RX,19,00000000000000000600000140254012
4005599.375,3204467,UPM_CONTROLLER_RX,19,00000000000000000600000140254012
4005603.125,3204470,UPM_CONTROLLER_RX,19,00000000000000000600000140254012
4005606.875,3204473,UPM_CONTROLLER_RX,19,00000000000000000600000140254012
4005610.625,3204476,UPM_CONTROLLER_RX,19,00000000000000000600000140254012
4005614.375,3204479,UPM_CONTROLLER_RX,19,00000000000000000600000140254012
4005618.125,3204482,UPM_CONTROLLER_RX,19,00000000000000000600000140254012
4005621.875,3204485,UPM_CONTROLLER_RX,19,00000000000000000600000140254012
4005625.625,3204488,UPM_CONTROLLER_RX,19,00000000000000000600000140254012
4005629.375,3204491,UPM_CONTROLLER_RX,19,00000000000000000600000140254012
4005633.125,3204494,UPM_CONTROLLER_RX,19,00000000000000000600000140254012
4005636.875,3204497,UPM_CONTROLLER_RX,19,00000000000000000600000140254012
4005638.125,3204498,UPM_TX,0,00000000000000000200010040244012
4005640.625,3204500,UPM_CONTROLLER_RX,19,00000000000000000600000140254012
4005644.375,3204503,UPM_CONTROLLER_RX,19,00000000000000000600000140254012
4005648.125,3204506,UPM_CONTROLLER_RX,19,00000000000000000600000140254012
4005651.875,3204509,UPM_CONTROLLER_RX,19,00000000000000000600000140254012
4005655.625,3204512,UPM_CONTROLLER_RX,19,00000000000000000600000140254012
4005659.375,3204515,UPM_CONTROLLER_RX,19,00000000000000000600000140254012
4005663.125,3204518,UPM_CONTROLLER_RX,19,00000000000000000600000140254012
4005666.875,3204521,UPM_CONTROLLER_RX,19,00000000000000000600000140254012
4005670.625,3204524,UPM_CONTROLLER_RX,19,00000000000000000600000140254012
4005674.375,3204527,UPM_CONTROLLER_RX,19,00000000000000000600000140254012
4005678.125,3204530,UPM_CONTROLLER_RX,19,00000000000000000600000140254012
4005681.875,3204533,UPM_CONTROLLER_RX,19,00000000000000000600000140254012
4005685.625,3204536,UPM_CONTROLLER_RX,19,00000000000000000600000140254012
4005689.375,3204539,UPM_CONTROLLER_RX,19,00000000000000000600000140254012
4005693.125,3204542,UPM_CONTROLLER_RX,19,00000000000000000600000140254012
4005696.875,3204545,UPM_CONTROLLER_RX,19,00000000000000000600000140254012
4005700.625,3204548,UPM_CONTROLLER_RX,19,00000000000000000600000140254012
4005704.375,3204551,UPM_CONTROLLER_RX,19,00000000000000000600000140254012
4005708.125,3204554,UPM_CONTROLLER_RX,19,00000000000000000600000140254012
4005711.875,3204557,UPM_CONTROLLER_RX,19,00000000000000000600000140254012
4005715.625,3204560,UPM_CONTROLLER_RX,19,00000000000000000600000140254012
4005719.375,3204563,UPM_CONTROLLER_RX,19,00000000000000000600000140254012
4005723.125,3204566,UPM_CONTROLLER_RX,19,00000000000000000600000140254012
4005726.875,3204569,UPM_CONTROLLER_RX,19,00000000000000000600000140254012
4005730.625,3204572,UPM_CONTROLLER_RX,19,00000000000000000600000140254012
4005734.375,3204575,UPM_CONTROLLER_RX,19,00000000000000000600000140254012
4005738.125,3204578,UPM_CONTROLLER_RX,19,00000000000000000600000140254012
4005741.875,3204581,UPM_CONTROLLER_RX,19,00000000000000000600000140254012
4005745.625,3204584,UPM_CONTROLLER_RX,19,00000000000000000600000140254012
4005749.375,3204587,UPM_CONTROLLER_RX,19,00000000000000000600000140254012
4005753.125,3204590,UPM_CONTROLLER_RX,19,00000000000000000600000140254012
4005756.875,3204593,UPM_CONTROLLER_RX,19,00000000000000000600000140254012
4005759.375,3204595,UPM_TX,0,00000000000000000200010040244012
4005760.625,3204596,UPM_CONTROLLER_RX,19,00000000000000000600000140254012
4005764.375,3204599,UPM_CONTROLLER_RX,19,00000000000000000600000140254012
4005768.125,3204602,UPM_CONTROLLER_RX,19,00000000000000000600000140254012
4005771.875,3204605,UPM_CONTROLLER_RX,19,00000000000000000600000140254012
4005775.625,3204608,UPM_CONTROLLER_RX,19,00000000000000000600000140254012
4005779.375,3204611,UPM_CONTROLLER_RX,19,00000000000000000600000140254012
4005783.125,3204614,UPM_CONTROLLER_RX,19,00000000000000000600000140254012
4005786.875,3204617,UPM_CONTROLLER_RX,19,00000000000000000600000140254012
4005790.625,3204620,UPM_CONTROLLER_RX,19,00000000000000000600000140254012
4005794.375,3204623,UPM_CONTROLLER_RX,19,00000000000000000600000140254012
4005798.125,3204626,UPM_CONTROLLER_RX,19,00000000000000000600000140254012
4005801.875,3204629,UPM_CONTROLLER_RX,19,00000000000000000600000140254012
4005805.625,3204632,UPM_CONTROLLER_RX,19,00000000000000000600000140254012
4005809.375,3204635,UPM_CONTROLLER_RX,19,00000000000000000600000140254012
4005813.125,3204638,UPM_CONTROLLER_RX,19,00000000000000000600000140254012
4005816.875,3204641,UPM_CONTROLLER_RX,19,00000000000000000600000140254012
4005820.625,3204644,UPM_CONTROLLER_RX,19,00000000000000000600000140254012
4005824.375,3204647,UPM_CONTROLLER_RX,19,00000000000000000600000140254012
4005828.125,3204650,UPM_CONTROLLER_RX,19,00000000000000000600000140254012
4005831.875,3204653,UPM_CONTROLLER_RX,19,00000000000000000600000140254012
4005835.625,3204656,UPM_CONTROLLER_RX,19,00000000000000000600000140254012
4005839.375,3204659,UPM_CONTROLLER_RX,19,00000000000000000600000140254012
4005843.125,3204662,UPM_CONTROLLER_RX,19,00000000000000000600000140254012
4005846.875,3204665,UPM_CONTROLLER_RX,19,00000000000000000600000140254012
4005850.625,3204668,UPM_CONTROLLER_RX,19,00000000000000000600000140254012
4005854.375,3204671,UPM_CONTROLLER_RX,19,00000000000000000600000140254012
4005858.125,3204674,UPM_CONTROLLER_RX,19,00000000000000000600000140254012
4005861.875,3204677,UPM_CONTROLLER_RX,19,00000000000000000600000140254012
4005865.625,3204680,UPM_CONTROLLER_RX,19,00000000000000000600000140254012
4005869.375,3204683,UPM_CONTROLLER_RX,19,00000000000000000600000140254012
4005873.125,3204686,UPM_CONTROLLER_RX,19,00000000000000000600000140254012
4005876.875,3204689,UPM_CONTROLLER_RX,19,00000000000000000600000140254012
4005880.625,3204692,UPM_TX,0,00000000000000000200010040244012
4005880.625,3204692,UPM_CONTROLLER_RX,19,00000000000000000600000140254012
4005884.375,3204695,UPM_CONTROLLER_RX,19,00000000000000000600000140254012
4005888.125,3204698,UPM_CONTROLLER_RX,19,00000000000000000600000140254012
4005891.875,3204701,UPM_CONTROLLER_RX,19,00000000000000000600000140254012
4005895.625,3204704,UPM_CONTROLLER_RX,19,00000000000000000600000140254012
4005899.375,3204707,UPM_CONTROLLER_RX,19,00000000000000000600000140254012
4005903.125,3204710,UPM_CONTROLLER_RX,19,00000000000000000600000140254012
4005906.875,3204713,UPM_CONTROLLER_RX,19,00000000000000000600000140254012
4005910.625,3204716,UPM_CONTROLLER_RX,19,00000000000000000600000140254012
4005914.375,3204719,UPM_CONTROLLER_RX,19,00000000000000000600000140254012
4005918.125,3204722,UPM_CONTROLLER_RX,19,00000000000000000600000140254012
4005921.875,3204725,UPM_CONTROLLER_RX,19,00000000000000000600000140254012
4005925.625,3204728,UPM_CONTROLLER_RX,19,00000000000000000600000140254012
4005929.375,3204731,UPM_CONTROLLER_RX,19,00000000000000000600000140254012
4005933.125,3204734,UPM_CONTROLLER_RX,19,00000000000000000600000140254012
4005936.875,3204737,UPM_CONTROLLER_RX,19,00000000000000000600000140254012
4005940.625,3204740,UPM_CONTROLLER_RX,19,00000000000000000600000140254012
4005944.375,3204743,UPM_CONTROLLER_RX,19,00000000000000000600000140254012
4005948.125,3204746,UPM_CONTROLLER_RX,19,00000000000000000600000140254012
4005951.875,3204749,UPM_CONTROLLER_RX,19,00000000000000000600000140254012
4005955.625,3204752,UPM_CONTROLLER_RX,19,00000000000000000600000140254012
4005959.375,3204755,UPM_CONTROLLER_RX,19,00000000000000000600000140254012
4005963.125,3204758,UPM_CONTROLLER_RX,19,00000000000000000600000140254012
4005966.875,3204761,UPM_CONTROLLER_RX,19,00000000000000000600000140254012
4005970.625,3204764,UPM_CONTROLLER_RX,19,00000000000000000600000140254012
4005974.375,3204767,UPM_CONTROLLER_RX,19,00000000000000000600000140254012
4005978.125,3204770,UPM_CONTROLLER_RX,19,00000000000000000600000140254012
4005981.875,3204773,UPM_CONTROLLER_RX,19,00000000000000000600000140254012
4005985.625,3204776,UPM_CONTROLLER_RX,19,00000000000000000600000140254012
4005989.375,3204779,UPM_CONTROLLER_RX,19,00000000000000000600000140254012
4005993.125,3204782,UPM_CONTROLLER_RX,19,00000000000000000600000140254012
4005996.875,3204785,UPM_CONTROLLER_RX,19,00000000000000000600000140254012
4006000.625,3204788,UPM_CONTROLLER_RX,19,00000000000000000600000140254012
4006001.875,3204789,UPM_TX,0,00000000000000000200010040244012
4006004.375,3204791,UPM_CONTROLLER_RX,19,00000000000000000600000140254012
4006008.125,3204794,UPM_CONTROLLER_RX,19,00000000000000000600000140254012
4006011.875,3204797,UPM_CONTROLLER_RX,19,00000000000000000600000140254012
4006015.625,3204800,UPM_CONTROLLER_RX,19,00000000000000000600000140254012
4006019.375,3204803,UPM_CONTROLLER_RX,19,00000000000000000600000140254012
4006023.125,3204806,UPM_CONTROLLER_RX,19,00000000000000000600000140254012
4006026.875,3204809,UPM_CONTROLLER_RX,19,00000000000000000600000140254012
4006030.625,3204812,UPM_CONTROLLER_RX,19,00000000000000000600000140254012
4006034.375,3204815,UPM_CONTROLLER_RX,19,00000000000000000600000140254012
4006038.125,3204818,UPM_CONTROLLER_RX,19,00000000000000000600000140254012
4006041.875,3204821,UPM_CONTROLLER_RX,19,00000000000000000600000140254012
4006045.625,3204824,UPM_CONTROLLER_RX,19,00000000000000000600000140254012
4006049.375,3204827,UPM_CONTROLLER_RX,19,00000000000000000600000140254012
4006053.125,3204830,UPM_CONTROLLER_RX,19,00000000000000000600000140254012
4006056.875,3204833,UPM_CONTROLLER_RX,19,00000000000000000600000140254012
4006060.625,3204836,UPM_CONTROLLER_RX,19,00000000000000000600000140254012
4006064.375,3204839,UPM_CONTROLLER_RX,19,00000000000000000600000140254012
4006068.125,3204842,UPM_CONTROLLER_RX,19,00000000000000000600000140254012
4006071.875,3204845,UPM_CONTROLLER_RX,19,00000000000000000600000140254012
4006075.625,3204848,UPM_CONTROLLER_RX,19,00000000000000000600000140254012
4006079.375,3204851,UPM_CONTROLLER_RX,19,00000000000000000600000140254012
4006083.125,3204854,UPM_CONTROLLER_RX,19,00000000000000000600000140254012
4006086.875,3204857,UPM_CONTROLLER_RX,19,00000000000000000600000140254012
4006090.625,3204860,UPM_CONTROLLER_RX,19,00000000000000000600000140254012
4006094.375,3204863,UPM_CONTROLLER_RX,19,00000000000000000600000140254012
4006098.125,3204866,UPM_CONTROLLER_RX,19,00000000000000000600000140254012
4006101.875,3204869,UPM_CONTROLLER_RX,19,00000000000000000600000140254012
4006105.625,3204872,UPM_CONTROLLER_RX,19,00000000000000000600000140254012
4006109.375,3204875,UPM_CONTROLLER_RX,19,00000000000000000600000140254012
4006113.125,3204878,UPM_CONTROLLER_RX,19,00000000000000000600000140254012
4006116.875,3204881,UPM_CONTROLLER_RX,19,00000000000000000600000140254012
4006120.625,3204884,UPM_CONTROLLER_RX,19,00000000000000000600000140254012
4006123.125,3204886,UPM_TX,0,00000000000000000200010040244012
4006124.375,3204887,UPM_CONTROLLER_RX,19,00000000000000000600000140254012
4006128.125,3204890,UPM_CONTROLLER_RX,19,00000000000000000600000140254012
4006131.875,3204893,UPM_CONTROLLER_RX,19,00000000000000000600000140254012
4006135.625,3204896,UPM_CONTROLLER_RX,19,00000000000000000600000140254012
4006139.375,3204899,UPM_CONTROLLER_RX,19,00000000000000000600000140254012
4006143.125,3204902,UPM_CONTROLLER_RX,19,00000000000000000600000140254012
4006146.875,3204905,UPM_CONTROLLER_RX,19,00000000000000000600000140254012
4006150.625,3204908,UPM_CONTROLLER_RX,19,00000000000000000600000140254012
4006154.375,3204911,UPM_CONTROLLER_RX,19,00000000000000000600000140254012
4006158.125,3204914,UPM_CONTROLLER_RX,19,00000000000000000600000140254012
4006161.875,3204917,UPM_CONTROLLER_RX,19,00000000000000000600000140254012
4006165.625,3204920,UPM_CONTROLLER_RX,19,00000000000000000600000140254012
4006169.375,3204923,UPM_CONTROLLER_RX,19,00000000000000000600000140254012
4006173.125,3204926,UPM_CONTROLLER_RX,19,00000000000000000600000140254012
4006176.875,3204929,UPM_CONTROLLER_RX,19,00000000000000000600000140254012
4006180.625,3204932,UPM_CONTROLLER_RX,19,00000000000000000600000140254012
4006184.375,3204935,UPM_CONTROLLER_RX,19,00000000000000000600000140254012
4006188.125,3204938,UPM_CONTROLLER_RX,19,00000000000000000600000140254012
4006191.875,3204941,UPM_CONTROLLER_RX,19,00000000000000000600000140254012
4006195.625,3204944,UPM_CONTROLLER_RX,19,00000000000000000600000140254012
4006199.375,3204947,UPM_CONTROLLER_RX,19,00000000000000000600000140254012
4006203.125,3204950,UPM_CONTROLLER_RX,19,00000000000000000600000140254012
4006206.875,3204953,UPM_CONTROLLER_RX,19,00000000000000000600000140254012
4006210.625,3204956,UPM_CONTROLLER_RX,19,00000000000000000600000140254012
4006214.375,3204959,UPM_CONTROLLER_RX,19,00000000000000000600000140254012
4006218.125,3204962,UPM_CONTROLLER_RX,19,00000000000000000600000140254012
4006221.875,3204965,UPM_CONTROLLER_RX,19,00000000000000000600000140254012
4006225.625,3204968,UPM_CONTROLLER_RX,19,00000000000000000600000140254012
4006229.375,3204971,UPM_CONTROLLER_RX,19,00000000000000000600000140254012
4006233.125,3204974,UPM_CONTROLLER_RX,19,00000000000000000600000140254012
4006236.875,3204977,UPM_CONTROLLER_RX,19,00000000000000000600000140254012
4006240.625,3204980,UPM_CONTROLLER_RX,19,00000000000000000600000140254012
4006244.375,3204983,UPM_TX,0,00000000000000000200010040244012
4006244.375,3204983,UPM_CONTROLLER_RX,19,00000000000000000600000140254012
4006248.125,3204986,UPM_CONTROLLER_RX,19,00000000000000000600000140254012
4006251.875,3204989,UPM_CONTROLLER_RX,19,00000000000000000600000140254012
4006255.625,3204992,UPM_CONTROLLER_RX,19,00000000000000000600000140254012
4006259.375,3204995,UPM_CONTROLLER_RX,19,00000000000000000600000140254012
4006263.125,3204998,UPM_CONTROLLER_RX,19,00000000000000000600000140254012
4006266.875,3205001,UPM_CONTROLLER_RX,19,00000000000000000600000140254012
4006270.625,3205004,UPM_CONTROLLER_RX,19,00000000000000000600000140254012
4006274.375,3205007,UPM_CONTROLLER_RX,19,00000000000000000600000140254012
4006278.125,3205010,UPM_CONTROLLER_RX,19,00000000000000000600000140254012
4006281.875,3205013,UPM_CONTROLLER_RX,19,00000000000000000600000140254012
4006285.625,3205016,UPM_CONTROLLER_RX,19,00000000000000000600000140254012
4006289.375,3205019,UPM_CONTROLLER_RX,19,00000000000000000600000140254012
4006293.125,3205022,UPM_CONTROLLER_RX,19,00000000000000000600000140254012
4006296.875,3205025,UPM_CONTROLLER_RX,19,00000000000000000600000140254012
4006300.625,3205028,UPM_CONTROLLER_RX,19,00000000000000000600000140254012
4006304.375,3205031,UPM_CONTROLLER_RX,19,00000000000000000600000140254012
4006308.125,3205034,UPM_CONTROLLER_RX,19,00000000000000000600000140254012
4006311.875,3205037,UPM_CONTROLLER_RX,19,00000000000000000600000140254012
4006315.625,3205040,UPM_CONTROLLER_RX,19,00000000000000000600000140254012
4006319.375,3205043,UPM_CONTROLLER_RX,19,00000000000000000600000140254012
4006323.125,3205046,UPM_CONTROLLER_RX,19,00000000000000000600000140254012
4006326.875,3205049,UPM_CONTROLLER_RX,19,00000000000000000600000140254012
4006330.625,3205052,UPM_CONTROLLER_RX,19,00000000000000000600000140254012
4006334.375,3205055,UPM_CONTROLLER_RX,19,00000000000000000600000140254012
4006338.125,3205058,UPM_CONTROLLER_RX,19,00000000000000000600000140254012
4006341.875,3205061,UPM_CONTROLLER_RX,19,00000000000000000600000140254012
4006345.625,3205064,UPM_CONTROLLER_RX,19,00000000000000000600000140254012
4006349.375,3205067,UPM_CONTROLLER_RX,19,00000000000000000600000140254012
4006353.125,3205070,UPM_CONTROLLER_RX,19,00000000000000000600000140254012
4006356.875,3205073,UPM_CONTROLLER_RX,19,00000000000000000600000140254012
4006360.625,3205076,UPM_CONTROLLER_RX,19,00000000000000000600000140254012
4006364.375,3205079,UPM_CONTROLLER_RX,19,00000000000000000600000140254012
4006365.625,3205080,UPM_TX,0,00000000000000000200010040244012
4006368.125,3205082,UPM_CONTROLLER_RX,19,00000000000000000600000140254012
4006371.875,3205085,UPM_CONTROLLER_RX,19,00000000000000000600000140254012
4006375.625,3205088,UPM_CONTROLLER_RX,19,00000000000000000600000140254012
4006379.375,3205091,UPM_CONTROLLER_RX,19,00000000000000000600000140254012
4006383.125,3205094,UPM_CONTROLLER_RX,19,00000000000000000600000140254012
4006386.875,3205097,UPM_CONTROLLER_RX,19,00000000000000000600000140254012
4006390.625,3205100,UPM_CONTROLLER_RX,19,00000000000000000600000140254012
4006394.375,3205103,UPM_CONTROLLER_RX,19,00000000000000000600000140254012
4006398.125,3205106,UPM_CONTROLLER_RX,19,00000000000000000600000140254012
4006401.875,3205109,UPM_CONTROLLER_RX,19,00000000000000000600000140254012
4006405.625,3205112,UPM_CONTROLLER_RX,19,00000000000000000600000140254012
4006409.375,3205115,UPM_CONTROLLER_RX,19,00000000000000000600000140254012
4006413.125,3205118,UPM_CONTROLLER_RX,19,00000000000000000600000140254012
4006416.875,3205121,UPM_CONTROLLER_RX,19,00000000000000000600000140254012
4006420.625,3205124,UPM_CONTROLLER_RX,19,00000000000000000600000140254012
4006424.375,3205127,UPM_CONTROLLER_RX,19,00000000000000000600000140254012
4006428.125,3205130,UPM_CONTROLLER_RX,19,00000000000000000600000140254012
4006431.875,3205133,UPM_CONTROLLER_RX,19,00000000000000000600000140254012
4006435.625,3205136,UPM_CONTROLLER_RX,19,00000000000000000600000140254012
4006439.375,3205139,UPM_CONTROLLER_RX,19,00000000000000000600000140254012
4006443.125,3205142,UPM_CONTROLLER_RX,19,00000000000000000600000140254012
4006446.875,3205145,UPM_CONTROLLER_RX,19,00000000000000000600000140254012
4006450.625,3205148,UPM_CONTROLLER_RX,19,00000000000000000600000140254012
4006454.375,3205151,UPM_CONTROLLER_RX,19,00000000000000000600000140254012
4006458.125,3205154,UPM_CONTROLLER_RX,19,00000000000000000600000140254012
4006461.875,3205157,UPM_CONTROLLER_RX,19,00000000000000000600000140254012
4006465.625,3205160,UPM_CONTROLLER_RX,19,00000000000000000600000140254012
4006469.375,3205163,UPM_CONTROLLER_RX,19,00000000000000000600000140254012
4006473.125,3205166,UPM_CONTROLLER_RX,19,00000000000000000600000140254012
4006476.875,3205169,UPM_CONTROLLER_RX,19,00000000000000000600000140254012
4006480.625,3205172,UPM_CONTROLLER_RX,19,00000000000000000600000140254012
4006484.375,3205175,UPM_CONTROLLER_RX,19,00000000000000000600000140254012
4006486.875,3205177,UPM_TX,0,00000000000000000200010040244012
4006488.125,3205178,UPM_CONTROLLER_RX,19,00000000000000000600000140254012
4006491.875,3205181,UPM_CONTROLLER_RX,19,00000000000000000600000140254012
4006495.625,3205184,UPM_CONTROLLER_RX,19,00000000000000000600000140254012
4006499.375,3205187,UPM_CONTROLLER_RX,19,00000000000000000600000140254012
4006503.125,3205190,UPM_CONTROLLER_RX,19,00000000000000000600000140254012
4006506.875,3205193,UPM_CONTROLLER_RX,19,00000000000000000600000140254012
4006510.625,3205196,UPM_CONTROLLER_RX,19,00000000000000000600000140254012
4006514.375,3205199,UPM_CONTROLLER_RX,19,00000000000000000600000140254012
4006518.125,3205202,UPM_CONTROLLER_RX,19,00000000000000000600000140254012
4006521.875,3205205,UPM_CONTROLLER_RX,19,00000000000000000600000140254012
4006525.625,3205208,UPM_CONTROLLER_RX,19,00000000000000000600000140254012
4006529.375,3205211,UPM_CONTROLLER_RX,19,00000000000000000600000140254012
4006533.125,3205214,UPM_CONTROLLER_RX,19,00000000000000000600000140254012
4006536.875,3205217,UPM_CONTROLLER_RX,19,00000000000000000600000140254012
4006540.625,3205220,UPM_CONTROLLER_RX,19,00000000000000000600000140254012
4006544.375,3205223,UPM_CONTROLLER_RX,19,00000000000000000600000140254012
4006548.125,3205226,UPM_CONTROLLER_RX,19,00000000000000000600000140254012
4006551.875,3205229,UPM_CONTROLLER_RX,19,00000000000000000600000140254012
4006555.625,3205232,UPM_CONTROLLER_RX,19,00000000000000000600000140254012
4006559.375,3205235,UPM_CONTROLLER_RX,19,00000000000000000600000140254012
4006563.125,3205238,UPM_CONTROLLER_RX,19,00000000000000000600000140254012
4006566.875,3205241,UPM_CONTROLLER_RX,19,00000000000000000600000140254012
4006570.625,3205244,UPM_CONTROLLER_RX,19,00000000000000000600000140254012
4006574.375,3205247,UPM_CONTROLLER_RX,19,00000000000000000600000140254012
4006578.125,3205250,UPM_CONTROLLER_RX,19,00000000000000000600000140254012
4006581.875,3205253,UPM_CONTROLLER_RX,19,00000000000000000600000140254012
4006585.625,3205256,UPM_CONTROLLER_RX,19,00000000000000000600000140254012
4006589.375,3205259,UPM_CONTROLLER_RX,19,00000000000000000600000140254012
4006593.125,3205262,UPM_CONTROLLER_RX,19,00000000000000000600000140254012
4006596.875,3205265,UPM_CONTROLLER_RX,19,00000000000000000600000140254012
4006600.625,3205268,UPM_CONTROLLER_RX,19,00000000000000000600000140254012
4006604.375,3205271,UPM_CONTROLLER_RX,19,00000000000000000600000140254012
4006608.125,3205274,UPM_TX,0,00000000000000000200010040244012
4006608.125,3205274,UPM_CONTROLLER_RX,19,00000000000000000600000140254012
4006611.875,3205277,UPM_CONTROLLER_RX,19,00000000000000000600000140254012
4006615.625,3205280,UPM_CONTROLLER_RX,19,00000000000000000600000140254012
4006619.375,3205283,UPM_CONTROLLER_RX,19,00000000000000000600000140254012
4006623.125,3205286,UPM_CONTROLLER_RX,19,00000000000000000600000140254012
4006626.875,3205289,UPM_CONTROLLER_RX,19,00000000000000000600000140254012
4006630.625,3205292,UPM_CONTROLLER_RX,19,00000000000000000600000140254012
4006634.375,3205295,UPM_CONTROLLER_RX,19,00000000000000000600000140254012
4006638.125,3205298,UPM_CONTROLLER_RX,19,00000000000000000600000140254012
4006641.875,3205301,UPM_CONTROLLER_RX,19,00000000000000000600000140254012
4006645.625,3205304,UPM_CONTROLLER_RX,19,00000000000000000600000140254012
4006649.375,3205307,UPM_CONTROLLER_RX,19,00000000000000000600000140254012
4006653.125,3205310,UPM_CONTROLLER_RX,19,00000000000000000600000140254012
4006656.875,3205313,UPM_CONTROLLER_RX,19,00000000000000000600000140254012
4006660.625,3205316,UPM_CONTROLLER_RX,19,00000000000000000600000140254012
4006664.375,3205319,UPM_CONTROLLER_RX,19,00000000000000000600000140254012
4006668.125,3205322,UPM_CONTROLLER_RX,19,00000000000000000600000140254012
4006671.875,3205325,UPM_CONTROLLER_RX,19,00000000000000000600000140254012
4006675.625,3205328,UPM_CONTROLLER_RX,19,00000000000000000600000140254012
4006679.375,3205331,UPM_CONTROLLER_RX,19,00000000000000000600000140254012
4006683.125,3205334,UPM_CONTROLLER_RX,19,00000000000000000600000140254012
4006686.875,3205337,UPM_CONTROLLER_RX,19,00000000000000000600000140254012
4006690.625,3205340,UPM_CONTROLLER_RX,19,00000000000000000600000140254012
4006694.375,3205343,UPM_CONTROLLER_RX,19,00000000000000000600000140254012
4006698.125,3205346,UPM_CONTROLLER_RX,19,00000000000000000600000140254012
4006701.875,3205349,UPM_CONTROLLER_RX,19,00000000000000000600000140254012
4006705.625,3205352,UPM_CONTROLLER_RX,19,00000000000000000600000140254012
4006709.375,3205355,UPM_CONTROLLER_RX,19,00000000000000000600000140254012
4006713.125,3205358,UPM_CONTROLLER_RX,19,00000000000000000600000140254012
4006716.875,3205361,UPM_CONTROLLER_RX,19,00000000000000000600000140254012
4006720.625,3205364,UPM_CONTROLLER_RX,19,00000000000000000600000140254012
4006724.375,3205367,UPM_CONTROLLER_RX,19,00000000000000000600000140254012
4006728.125,3205370,UPM_CONTROLLER_RX,19,00000000000000000600000140254012
4006729.375,3205371,UPM_TX,0,00000000000000000200010040244012
4006731.875,3205373,UPM_CONTROLLER_RX,19,00000000000000000600000140254012
4006735.625,3205376,UPM_CONTROLLER_RX,19,00000000000000000600000140254012
4006739.375,3205379,UPM_CONTROLLER_RX,19,00000000000000000600000140254012
4006743.125,3205382,UPM_CONTROLLER_RX,19,00000000000000000600000140254012
4006746.875,3205385,UPM_CONTROLLER_RX,19,00000000000000000600000140254012
4006750.625,3205388,UPM_CONTROLLER_RX,19,00000000000000000600000140254012
4006754.375,3205391,UPM_CONTROLLER_RX,19,00000000000000000600000140254012
4006758.125,3205394,UPM_CONTROLLER_RX,19,00000000000000000600000140254012
4006761.875,3205397,UPM_CONTROLLER_RX,19,00000000000000000600000140254012
4006765.625,3205400,UPM_CONTROLLER_RX,19,00000000000000000600000140254012
4006769.375,3205403,UPM_CONTROLLER_RX,19,00000000000000000600000140254012
4006773.125,3205406,UPM_CONTROLLER_RX,19,00000000000000000600000140254012
4006776.875,3205409,UPM_CONTROLLER_RX,19,00000000000000000600000140254012
4006780.625,3205412,UPM_CONTROLLER_RX,19,00000000000000000600000140254012
4006784.375,3205415,UPM_CONTROLLER_RX,19,00000000000000000600000140254012
4006788.125,3205418,UPM_CONTROLLER_RX,19,00000000000000000600000140254012
4006791.875,3205421,UPM_CONTROLLER_RX,19,00000000000000000600000140254012
4006795.625,3205424,UPM_CONTROLLER_RX,19,00000000000000000600000140254012
4006799.375,3205427,UPM_CONTROLLER_RX,19,00000000000000000600000140254012
4006803.125,3205430,UPM_CONTROLLER_RX,19,00000000000000000600000140254012
4006806.875,3205433,UPM_CONTROLLER_RX,19,00000000000000000600000140254012
4006810.625,3205436,UPM_CONTROLLER_RX,19,00000000000000000600000140254012
4006814.375,3205439,UPM_CONTROLLER_RX,19,00000000000000000600000140254012
4006818.125,3205442,UPM_CONTROLLER_RX,19,00000000000000000600000140254012
4006821.875,3205445,UPM_CONTROLLER_RX,19,00000000000000000600000140254012
4006825.625,3205448,UPM_CONTROLLER_RX,19,00000000000000000600000140254012
4006829.375,3205451,UPM_CONTROLLER_RX,19,00000000000000000600000140254012
4006833.125,3205454,UPM_CONTROLLER_RX,19,00000000000000000600000140254012
4006836.875,3205457,UPM_CONTROLLER_RX,19,00000000000000000600000140254012
4006840.625,3205460,UPM_CONTROLLER_RX,19,00000000000000000600000140254012
4006844.375,3205463,UPM_CONTROLLER_RX,19,00000000000000000600000140254012
4006848.125,3205466,UPM_CONTROLLER_RX,19,00000000000000000600000140254012
4006850.625,3205468,UPM_TX,0,00000000000000000200010040244012
4006851.875,3205469,UPM_CONTROLLER_RX,19,00000000000000000600000140254012
4006855.625,3205472,UPM_CONTROLLER_RX,19,00000000000000000600000140254012
4006859.375,3205475,UPM_CONTROLLER_RX,19,00000000000000000600000140254012
4006863.125,3205478,UPM_CONTROLLER_RX,19,00000000000000000600000140254012
4006866.875,3205481,UPM_CONTROLLER_RX,19,00000000000000000600000140254012
4006870.625,3205484,UPM_CONTROLLER_RX,19,00000000000000000600000140254012
4006874.375,3205487,UPM_CONTROLLER_RX,19,00000000000000000600000140254012
4006878.125,3205490,UPM_CONTROLLER_RX,19,00000000000000000600000140254012
4006881.875,3205493,UPM_CONTROLLER_RX,19,00000000000000000600000140254012
4006885.625,3205496,UPM_CONTROLLER_RX,19,00000000000000000600000140254012
4006889.375,3205499,UPM_CONTROLLER_RX,19,00000000000000000600000140254012
4006893.125,3205502,UPM_CONTROLLER_RX,19,00000000000000000600000140254012
4006896.875,3205505,UPM_CONTROLLER_RX,19,00000000000000000600000140254012
4006900.625,3205508,UPM_CONTROLLER_RX,19,00000000000000000600000140254012
4006904.375,3205511,UPM_CONTROLLER_RX,19,00000000000000000600000140254012
4006908.125,3205514,UPM_CONTROLLER_RX,19,00000000000000000600000140254012
4006911.875,3205517,UPM_CONTROLLER_RX,19,00000000000000000600000140254012
4006915.625,3205520,UPM_CONTROLLER_RX,19,00000000000000000600000140254012
4006919.375,3205523,UPM_CONTROLLER_RX,19,00000000000000000600000140254012
4006923.125,3205526,UPM_CONTROLLER_RX,19,00000000000000000600000140254012
4006926.875,3205529,UPM_CONTROLLER_RX,19,00000000000000000600000140254012
4006930.625,3205532,UPM_CONTROLLER_RX,19,00000000000000000600000140254012
4006934.375,3205535,UPM_CONTROLLER_RX,19,00000000000000000600000140254012
4006938.125,3205538,UPM_CONTROLLER_RX,19,00000000000000000600000140254012
4006941.875,3205541,UPM_CONTROLLER_RX,19,00000000000000000600000140254012
4006945.625,3205544,UPM_CONTROLLER_RX,19,00000000000000000600000140254012
4006949.375,3205547,UPM_CONTROLLER_RX,19,00000000000000000600000140254012
4006953.125,3205550,UPM_CONTROLLER_RX,19,00000000000000000600000140254012
4006956.875,3205553,UPM_CONTROLLER_RX,19,00000000000000000600000140254012
4006960.625,3205556,UPM_CONTROLLER_RX,19,00000000000000000600000140254012
4006964.375,3205559,UPM_CONTROLLER_RX,19,00000000000000000600000140254012
4006968.125,3205562,UPM_CONTROLLER_RX,19,00000000000000000600000140254012
4006971.875,3205565,UPM_TX,0,00000000000000000200010040244012
4006971.875,3205565,UPM_CONTROLLER_RX,19,00000000000000000600000140254012
4006975.625,3205568,UPM_CONTROLLER_RX,19,00000000000000000600000140254012
4006979.375,3205571,UPM_CONTROLLER_RX,19,00000000000000000600000140254012
4006983.125,3205574,UPM_CONTROLLER_RX,19,00000000000000000600000140254012
4006986.875,3205577,UPM_CONTROLLER_RX,19,00000000000000000600000140254012
4006990.625,3205580,UPM_CONTROLLER_RX,19,00000000000000000600000140254012
4006994.375,3205583,UPM_CONTROLLER_RX,19,00000000000000000600000140254012
4006998.125,3205586,UPM_CONTROLLER_RX,19,00000000000000000600000140254012
4007001.875,3205589,UPM_CONTROLLER_RX,19,00000000000000000600000140254012
4007005.625,3205592,UPM_CONTROLLER_RX,19,00000000000000000600000140254012
4007009.375,3205595,UPM_CONTROLLER_RX,19,00000000000000000600000140254012
4007013.125,3205598,UPM_CONTROLLER_RX,19,00000000000000000600000140254012
4007016.875,3205601,UPM_CONTROLLER_RX,19,00000000000000000600000140254012
4007020.625,3205604,UPM_CONTROLLER_RX,19,00000000000000000600000140254012
4007024.375,3205607,UPM_CONTROLLER_RX,19,00000000000000000600000140254012
4007028.125,3205610,UPM_CONTROLLER_RX,19,00000000000000000600000140254012
4007031.875,3205613,UPM_CONTROLLER_RX,19,00000000000000000600000140254012
4007035.625,3205616,UPM_CONTROLLER_RX,19,00000000000000000600000140254012
4007039.375,3205619,UPM_CONTROLLER_RX,19,00000000000000000600000140254012
4007043.125,3205622,UPM_CONTROLLER_RX,19,00000000000000000600000140254012
4007046.875,3205625,UPM_CONTROLLER_RX,19,00000000000000000600000140254012
4007050.625,3205628,UPM_CONTROLLER_RX,19,00000000000000000600000140254012
4007054.375,3205631,UPM_CONTROLLER_RX,19,00000000000000000600000140254012
4007058.125,3205634,UPM_CONTROLLER_RX,19,00000000000000000600000140254012
4007061.875,3205637,UPM_CONTROLLER_RX,19,00000000000000000600000140254012
4007065.625,3205640,UPM_CONTROLLER_RX,19,00000000000000000600000140254012
4007069.375,3205643,UPM_CONTROLLER_RX,19,00000000000000000600000140254012
4007073.125,3205646,UPM_CONTROLLER_RX,19,00000000000000000600000140254012
4007076.875,3205649,UPM_CONTROLLER_RX,19,00000000000000000600000140254012
4007080.625,3205652,UPM_CONTROLLER_RX,19,00000000000000000600000140254012
4007084.375,3205655,UPM_CONTROLLER_RX,19,00000000000000000600000140254012
4007088.125,3205658,UPM_CONTROLLER_RX,19,00000000000000000600000140254012
4007091.875,3205661,UPM_CONTROLLER_RX,19,00000000000000000600000140254012
4007093.125,3205662,UPM_TX,0,00000000000000000200010040244012
4007095.625,3205664,UPM_CONTROLLER_RX,19,00000000000000000600000140254012
4007099.375,3205667,UPM_CONTROLLER_RX,19,00000000000000000600000140254012
4007103.125,3205670,UPM_CONTROLLER_RX,19,00000000000000000600000140254012
4007106.875,3205673,UPM_CONTROLLER_RX,19,00000000000000000600000140254012
4007110.625,3205676,UPM_CONTROLLER_RX,19,00000000000000000600000140254012
4007114.375,3205679,UPM_CONTROLLER_RX,19,00000000000000000600000140254012
4007118.125,3205682,UPM_CONTROLLER_RX,19,00000000000000000600000140254012
4007121.875,3205685,UPM_CONTROLLER_RX,19,00000000000000000600000140254012
4007125.625,3205688,UPM_CONTROLLER_RX,19,00000000000000000600000140254012
4007129.375,3205691,UPM_CONTROLLER_RX,19,00000000000000000600000140254012
4007133.125,3205694,UPM_CONTROLLER_RX,19,00000000000000000600000140254012
4007136.875,3205697,UPM_CONTROLLER_RX,19,00000000000000000600000140254012
4007140.625,3205700,UPM_CONTROLLER_RX,19,00000000000000000600000140254012
4007144.375,3205703,UPM_CONTROLLER_RX,19,00000000000000000600000140254012
4007148.125,3205706,UPM_CONTROLLER_RX,19,00000000000000000600000140254012
4007151.875,3205709,UPM_CONTROLLER_RX,19,00000000000000000600000140254012
4007155.625,3205712,UPM_CONTROLLER_RX,19,00000000000000000600000140254012
4007159.375,3205715,UPM_CONTROLLER_RX,19,00000000000000000600000140254012
4007163.125,3205718,UPM_CONTROLLER_RX,19,00000000000000000600000140254012
4007166.875,3205721,UPM_CONTROLLER_RX,19,00000000000000000600000140254012
4007170.625,3205724,UPM_CONTROLLER_RX,19,00000000000000000600000140254012
4007174.375,3205727,UPM_CONTROLLER_RX,19,00000000000000000600000140254012
4007178.125,3205730,UPM_CONTROLLER_RX,19,00000000000000000600000140254012
4007181.875,3205733,UPM_CONTROLLER_RX,19,00000000000000000600000140254012
4007185.625,3205736,UPM_CONTROLLER_RX,19,00000000000000000600000140254012
4007189.375,3205739,UPM_CONTROLLER_RX,19,00000000000000000600000140254012
4007193.125,3205742,UPM_CONTROLLER_RX,19,00000000000000000600000140254012
4007196.875,3205745,UPM_CONTROLLER_RX,19,00000000000000000600000140254012
4007200.625,3205748,UPM_CONTROLLER_RX,19,00000000000000000600000140254012
4007204.375,3205751,UPM_CONTROLLER_RX,19,00000000000000000600000140254012
4007208.125,3205754,UPM_CONTROLLER_RX,19,00000000000000000600000140254012
4007211.875,3205757,UPM_CONTROLLER_RX,19,00000000000000000600000140254012
4007214.375,3205759,UPM_TX,0,00000000000000000200010040244012
4007215.625,3205760,UPM_CONTROLLER_RX,19,00000000000000000600000140254012
4007219.375,3205763,UPM_CONTROLLER_RX,19,00000000000000000600000140254012
4007223.125,3205766,UPM_CONTROLLER_RX,19,00000000000000000600000140254012
4007226.875,3205769,UPM_CONTROLLER_RX,19,00000000000000000600000140254012
4007230.625,3205772,UPM_CONTROLLER_RX,19,00000000000000000600000140254012
4007234.375,3205775,UPM_CONTROLLER_RX,19,00000000000000000600000140254012
4007238.125,3205778,UPM_CONTROLLER_RX,19,00000000000000000600000140254012
4007241.875,3205781,UPM_CONTROLLER_RX,19,00000000000000000600000140254012
4007245.625,3205784,UPM_CONTROLLER_RX,19,00000000000000000600000140254012
4007249.375,3205787,UPM_CONTROLLER_RX,19,00000000000000000600000140254012
4007253.125,3205790,UPM_CONTROLLER_RX,19,00000000000000000600000140254012
4007256.875,3205793,UPM_CONTROLLER_RX,19,00000000000000000600000140254012
4007260.625,3205796,UPM_CONTROLLER_RX,19,00000000000000000600000140254012
4007264.375,3205799,UPM_CONTROLLER_RX,19,00000000000000000600000140254012
4007268.125,3205802,UPM_CONTROLLER_RX,19,00000000000000000600000140254012
4007271.875,3205805,UPM_CONTROLLER_RX,19,00000000000000000600000140254012
4007275.625,3205808,UPM_CONTROLLER_RX,19,00000000000000000600000140254012
4007279.375,3205811,UPM_CONTROLLER_RX,19,00000000000000000600000140254012
4007283.125,3205814,UPM_CONTROLLER_RX,19,00000000000000000600000140254012
4007286.875,3205817,UPM_CONTROLLER_RX,19,00000000000000000600000140254012
4007290.625,3205820,UPM_CONTROLLER_RX,19,00000000000000000600000140254012
4007294.375,3205823,UPM_CONTROLLER_RX,19,00000000000000000600000140254012
4007298.125,3205826,UPM_CONTROLLER_RX,19,00000000000000000600000140254012
4007301.875,3205829,UPM_CONTROLLER_RX,19,00000000000000000600000140254012
4007305.625,3205832,UPM_CONTROLLER_RX,19,00000000000000000600000140254012
4007309.375,3205835,UPM_CONTROLLER_RX,19,00000000000000000600000140254012
4007313.125,3205838,UPM_CONTROLLER_RX,19,00000000000000000600000140254012
4007316.875,3205841,UPM_CONTROLLER_RX,19,00000000000000000600000140254012
4007320.625,3205844,UPM_CONTROLLER_RX,19,00000000000000000600000140254012
4007324.375,3205847,UPM_CONTROLLER_RX,19,00000000000000000600000140254012
4007328.125,3205850,UPM_CONTROLLER_RX,19,00000000000000000600000140254012
4007331.875,3205853,UPM_CONTROLLER_RX,19,00000000000000000600000140254012
4007335.625,3205856,UPM_TX,0,00000000000000000200010040244012
4007335.625,3205856,UPM_CONTROLLER_RX,19,00000000000000000600000140254012
4007339.375,3205859,UPM_CONTROLLER_RX,19,00000000000000000600000140254012
4007343.125,3205862,UPM_CONTROLLER_RX,19,00000000000000000600000140254012
4007346.875,3205865,UPM_CONTROLLER_RX,19,00000000000000000600000140254012
4007350.625,3205868,UPM_CONTROLLER_RX,19,00000000000000000600000140254012
4007354.375,3205871,UPM_CONTROLLER_RX,19,00000000000000000600000140254012
4007358.125,3205874,UPM_CONTROLLER_RX,19,00000000000000000600000140254012
4007361.875,3205877,UPM_CONTROLLER_RX,19,00000000000000000600000140254012
4007365.625,3205880,UPM_CONTROLLER_RX,19,00000000000000000600000140254012
4007369.375,3205883,UPM_CONTROLLER_RX,19,00000000000000000600000140254012
4007373.125,3205886,UPM_CONTROLLER_RX,19,00000000000000000600000140254012
4007376.875,3205889,UPM_CONTROLLER_RX,19,00000000000000000600000140254012
4007380.625,3205892,UPM_CONTROLLER_RX,19,00000000000000000600000140254012
4007384.375,3205895,UPM_CONTROLLER_RX,19,00000000000000000600000140254012
4007388.125,3205898,UPM_CONTROLLER_RX,19,00000000000000000600000140254012
4007391.875,3205901,UPM_CONTROLLER_RX,19,00000000000000000600000140254012
4007395.625,3205904,UPM_CONTROLLER_RX,19,00000000000000000600000140254012
4007399.375,3205907,UPM_CONTROLLER_RX,19,00000000000000000600000140254012
4007403.125,3205910,UPM_CONTROLLER_RX,19,00000000000000000600000140254012
4007406.875,3205913,UPM_CONTROLLER_RX,19,00000000000000000600000140254012
4007410.625,3205916,UPM_CONTROLLER_RX,19,00000000000000000600000140254012
4007414.375,3205919,UPM_CONTROLLER_RX,19,00000000000000000600000140254012
4007418.125,3205922,UPM_CONTROLLER_RX,19,00000000000000000600000140254012
4007421.875,3205925,UPM_CONTROLLER_RX,19,00000000000000000600000140254012
4007425.625,3205928,UPM_CONTROLLER_RX,19,00000000000000000600000140254012
4007429.375,3205931,UPM_CONTROLLER_RX,19,00000000000000000600000140254012
4007433.125,3205934,UPM_CONTROLLER_RX,19,00000000000000000600000140254012
4007436.875,3205937,UPM_CONTROLLER_RX,19,00000000000000000600000140254012
4007440.625,3205940,UPM_CONTROLLER_RX,19,00000000000000000600000140254012
4007444.375,3205943,UPM_CONTROLLER_RX,19,00000000000000000600000140254012
4007448.125,3205946,UPM_CONTROLLER_RX,19,00000000000000000600000140254012
4007451.875,3205949,UPM_CONTROLLER_RX,19,00000000000000000600000140254012
4007455.625,3205952,UPM_CONTROLLER_RX,19,00000000000000000600000140254012
4007456.875,3205953,UPM_TX,0,00000000000000000200010040244012
4007459.375,3205955,UPM_CONTROLLER_RX,19,00000000000000000600000140254012
4007463.125,3205958,UPM_CONTROLLER_RX,19,00000000000000000600000140254012
4007466.875,3205961,UPM_CONTROLLER_RX,19,00000000000000000600000140254012
4007470.625,3205964,UPM_CONTROLLER_RX,19,00000000000000000600000140254012
4007474.375,3205967,UPM_CONTROLLER_RX,19,00000000000000000600000140254012
4007478.125,3205970,UPM_CONTROLLER_RX,19,00000000000000000600000140254012
4007481.875,3205973,UPM_CONTROLLER_RX,19,00000000000000000600000140254012
4007485.625,3205976,UPM_CONTROLLER_RX,19,00000000000000000600000140254012
4007489.375,3205979,UPM_CONTROLLER_RX,19,00000000000000000600000140254012
4007493.125,3205982,UPM_CONTROLLER_RX,19,00000000000000000600000140254012
4007496.875,3205985,UPM_CONTROLLER_RX,19,00000000000000000600000140254012
4007500.625,3205988,UPM_CONTROLLER_RX,19,00000000000000000600000140254012
4007504.375,3205991,UPM_CONTROLLER_RX,19,00000000000000000600000140254012
4007508.125,3205994,UPM_CONTROLLER_RX,19,00000000000000000600000140254012
4007511.875,3205997,UPM_CONTROLLER_RX,19,00000000000000000600000140254012
4007515.625,3206000,UPM_CONTROLLER_RX,19,00000000000000000600000140254012
4007519.375,3206003,UPM_CONTROLLER_RX,19,00000000000000000600000140254012
4007523.125,3206006,UPM_CONTROLLER_RX,19,00000000000000000600000140254012
4007526.875,3206009,UPM_CONTROLLER_RX,19,00000000000000000600000140254012
4007530.625,3206012,UPM_CONTROLLER_RX,19,00000000000000000600000140254012
4007534.375,3206015,UPM_CONTROLLER_RX,19,00000000000000000600000140254012
4007538.125,3206018,UPM_CONTROLLER_RX,19,00000000000000000600000140254012
4007541.875,3206021,UPM_CONTROLLER_RX,19,00000000000000000600000140254012
4007545.625,3206024,UPM_CONTROLLER_RX,19,00000000000000000600000140254012
4007549.375,3206027,UPM_CONTROLLER_RX,19,00000000000000000600000140254012
4007553.125,3206030,UPM_CONTROLLER_RX,19,00000000000000000600000140254012
4007556.875,3206033,UPM_CONTROLLER_RX,19,00000000000000000600000140254012
4007560.625,3206036,UPM_CONTROLLER_RX,19,00000000000000000600000140254012
4007564.375,3206039,UPM_CONTROLLER_RX,19,00000000000000000600000140254012
4007568.125,3206042,UPM_CONTROLLER_RX,19,00000000000000000600000140254012
4007571.875,3206045,UPM_CONTROLLER_RX,19,00000000000000000600000140254012
4007575.625,3206048,UPM_CONTROLLER_RX,19,00000000000000000600000140254012
4007578.125,3206050,UPM_TX,0,00000000000000000200010040244012
4007579.375,3206051,UPM_CONTROLLER_RX,19,00000000000000000600000140254012
4007583.125,3206054,UPM_CONTROLLER_RX,19,00000000000000000600000140254012
4007586.875,3206057,UPM_CONTROLLER_RX,19,00000000000000000600000140254012
4007590.625,3206060,UPM_CONTROLLER_RX,19,00000000000000000600000140254012
4007594.375,3206063,UPM_CONTROLLER_RX,19,00000000000000000600000140254012
4007598.125,3206066,UPM_CONTROLLER_RX,19,00000000000000000600000140254012
4007601.875,3206069,UPM_CONTROLLER_RX,19,00000000000000000600000140254012
4007605.625,3206072,UPM_CONTROLLER_RX,19,00000000000000000600000140254012
4007609.375,3206075,UPM_CONTROLLER_RX,19,00000000000000000600000140254012
4007613.125,3206078,UPM_CONTROLLER_RX,19,00000000000000000600000140254012
4007616.875,3206081,UPM_CONTROLLER_RX,19,00000000000000000600000140254012
4007620.625,3206084,UPM_CONTROLLER_RX,19,00000000000000000600000140254012
4007624.375,3206087,UPM_CONTROLLER_RX,19,00000000000000000600000140254012
4007628.125,3206090,UPM_CONTROLLER_RX,19,00000000000000000600000140254012
4007631.875,3206093,UPM_CONTROLLER_RX,19,00000000000000000600000140254012
4007635.625,3206096,UPM_CONTROLLER_RX,19,00000000000000000600000140254012
4007639.375,3206099,UPM_CONTROLLER_RX,19,00000000000000000600000140254012
4007643.125,3206102,UPM_CONTROLLER_RX,19,00000000000000000600000140254012
4007646.875,3206105,UPM_CONTROLLER_RX,19,00000000000000000600000140254012
4007650.625,3206108,UPM_CONTROLLER_RX,19,00000000000000000600000140254012
4007654.375,3206111,UPM_CONTROLLER_RX,19,00000000000000000600000140254012
4007658.125,3206114,UPM_CONTROLLER_RX,19,00000000000000000600000140254012
4007661.875,3206117,UPM_CONTROLLER_RX,19,00000000000000000600000140254012
4007665.625,3206120,UPM_CONTROLLER_RX,19,00000000000000000600000140254012
4007669.375,3206123,UPM_CONTROLLER_RX,19,00000000000000000600000140254012
4007673.125,3206126,UPM_CONTROLLER_RX,19,00000000000000000600000140254012
4007676.875,3206129,UPM_CONTROLLER_RX,19,00000000000000000600000140254012
4007680.625,3206132,UPM_CONTROLLER_RX,19,00000000000000000600000140254012
4007684.375,3206135,UPM_CONTROLLER_RX,19,00000000000000000600000140254012
4007688.125,3206138,UPM_CONTROLLER_RX,19,00000000000000000600000140254012
4007691.875,3206141,UPM_CONTROLLER_RX,19,00000000000000000600000140254012
4007695.625,3206144,UPM_CONTROLLER_RX,19,00000000000000000600000140254012
4007699.375,3206147,UPM_TX,0,00000000000000000200010040244012
4007699.375,3206147,UPM_CONTROLLER_RX,19,00000000000000000600000140254012
4007703.125,3206150,UPM_CONTROLLER_RX,19,00000000000000000600000140254012
4007706.875,3206153,UPM_CONTROLLER_RX,19,00000000000000000600000140254012
4007710.625,3206156,UPM_CONTROLLER_RX,19,00000000000000000600000140254012
4007714.375,3206159,UPM_CONTROLLER_RX,19,00000000000000000600000140254012
4007718.125,3206162,UPM_CONTROLLER_RX,19,00000000000000000600000140254012
4007721.875,3206165,UPM_CONTROLLER_RX,19,00000000000000000600000140254012
4007725.625,3206168,UPM_CONTROLLER_RX,19,00000000000000000600000140254012
4007729.375,3206171,UPM_CONTROLLER_RX,19,00000000000000000600000140254012
4007733.125,3206174,UPM_CONTROLLER_RX,19,00000000000000000600000140254012
4007736.875,3206177,UPM_CONTROLLER_RX,19,00000000000000000600000140254012
4007740.625,3206180,UPM_CONTROLLER_RX,19,00000000000000000600000140254012
4007744.375,3206183,UPM_CONTROLLER_RX,19,00000000000000000600000140254012
4007748.125,3206186,UPM_CONTROLLER_RX,19,00000000000000000600000140254012
4007751.875,3206189,UPM_CONTROLLER_RX,19,00000000000000000600000140254012
4007755.625,3206192,UPM_CONTROLLER_RX,19,00000000000000000600000140254012
4007759.375,3206195,UPM_CONTROLLER_RX,19,00000000000000000600000140254012
4007763.125,3206198,UPM_CONTROLLER_RX,19,00000000000000000600000140254012
4007766.875,3206201,UPM_CONTROLLER_RX,19,00000000000000000600000140254012
4007770.625,3206204,UPM_CONTROLLER_RX,19,00000000000000000600000140254012
4007774.375,3206207,UPM_CONTROLLER_RX,19,00000000000000000600000140254012
4007778.125,3206210,UPM_CONTROLLER_RX,19,00000000000000000600000140254012
4007781.875,3206213,UPM_CONTROLLER_RX,19,00000000000000000600000140254012
4007785.625,3206216,UPM_CONTROLLER_RX,19,00000000000000000600000140254012
4007789.375,3206219,UPM_CONTROLLER_RX,19,00000000000000000600000140254012
4007793.125,3206222,UPM_CONTROLLER_RX,19,00000000000000000600000140254012
4007796.875,3206225,UPM_CONTROLLER_RX,19,00000000000000000600000140254012
4007800.625,3206228,UPM_CONTROLLER_RX,19,00000000000000000600000140254012
4007804.375,3206231,UPM_CONTROLLER_RX,19,00000000000000000600000140254012
4007808.125,3206234,UPM_CONTROLLER_RX,19,00000000000000000600000140254012
4007811.875,3206237,UPM_CONTROLLER_RX,19,00000000000000000600000140254012
4007815.625,3206240,UPM_CONTROLLER_RX,19,00000000000000000600000140254012
4007819.375,3206243,UPM_CONTROLLER_RX,19,00000000000000000600000140254012
4007820.625,3206244,UPM_TX,0,00000000000000000200010040244012
4007823.125,3206246,UPM_CONTROLLER_RX,19,00000000000000000600000140254012
4007826.875,3206249,UPM_CONTROLLER_RX,19,00000000000000000600000140254012
4007830.625,3206252,UPM_CONTROLLER_RX,19,00000000000000000600000140254012
4007834.375,3206255,UPM_CONTROLLER_RX,19,00000000000000000600000140254012
4007838.125,3206258,UPM_CONTROLLER_RX,19,00000000000000000600000140254012
4007841.875,3206261,UPM_CONTROLLER_RX,19,00000000000000000600000140254012
4007845.625,3206264,UPM_CONTROLLER_RX,19,00000000000000000600000140254012
4007849.375,3206267,UPM_CONTROLLER_RX,19,00000000000000000600000140254012
4007853.125,3206270,UPM_CONTROLLER_RX,19,00000000000000000600000140254012
4007856.875,3206273,UPM_CONTROLLER_RX,19,00000000000000000600000140254012
4007860.625,3206276,UPM_CONTROLLER_RX,19,00000000000000000600000140254012
4007864.375,3206279,UPM_CONTROLLER_RX,19,00000000000000000600000140254012
4007868.125,3206282,UPM_CONTROLLER_RX,19,00000000000000000600000140254012
4007871.875,3206285,UPM_CONTROLLER_RX,19,00000000000000000600000140254012
4007875.625,3206288,UPM_CONTROLLER_RX,19,00000000000000000600000140254012
4007879.375,3206291,UPM_CONTROLLER_RX,19,00000000000000000600000140254012
4007883.125,3206294,UPM_CONTROLLER_RX,19,00000000000000000600000140254012
4007886.875,3206297,UPM_CONTROLLER_RX,19,00000000000000000600000140254012
4007890.625,3206300,UPM_CONTROLLER_RX,19,00000000000000000600000140254012
4007894.375,3206303,UPM_CONTROLLER_RX,19,00000000000000000600000140254012
4007898.125,3206306,UPM_CONTROLLER_RX,19,00000000000000000600000140254012
4007901.875,3206309,UPM_CONTROLLER_RX,19,00000000000000000600000140254012
4007905.625,3206312,UPM_CONTROLLER_RX,19,00000000000000000600000140254012
4007909.375,3206315,UPM_CONTROLLER_RX,19,00000000000000000600000140254012
4007913.125,3206318,UPM_CONTROLLER_RX,19,00000000000000000600000140254012
4007916.875,3206321,UPM_CONTROLLER_RX,19,00000000000000000600000140254012
4007920.625,3206324,UPM_CONTROLLER_RX,19,00000000000000000600000140254012
4007924.375,3206327,UPM_CONTROLLER_RX,19,00000000000000000600000140254012
4007928.125,3206330,UPM_CONTROLLER_RX,19,00000000000000000600000140254012
4007931.875,3206333,UPM_CONTROLLER_RX,19,00000000000000000600000140254012
4007935.625,3206336,UPM_CONTROLLER_RX,19,00000000000000000600000140254012
4007939.375,3206339,UPM_CONTROLLER_RX,19,00000000000000000600000140254012
4007941.875,3206341,UPM_TX,0,00000000000000000200010040244012
4007943.125,3206342,UPM_CONTROLLER_RX,19,00000000000000000600000140254012
4007946.875,3206345,UPM_CONTROLLER_RX,19,00000000000000000600000140254012
4007950.625,3206348,UPM_CONTROLLER_RX,19,00000000000000000600000140254012
4007954.375,3206351,UPM_CONTROLLER_RX,19,00000000000000000600000140254012
4007958.125,3206354,UPM_CONTROLLER_RX,19,00000000000000000600000140254012
4007961.875,3206357,UPM_CONTROLLER_RX,19,00000000000000000600000140254012
4007965.625,3206360,UPM_CONTROLLER_RX,19,00000000000000000600000140254012
4007969.375,3206363,UPM_CONTROLLER_RX,19,00000000000000000600000140254012
4007973.125,3206366,UPM_CONTROLLER_RX,19,00000000000000000600000140254012
4007976.875,3206369,UPM_CONTROLLER_RX,19,00000000000000000600000140254012
4007980.625,3206372,UPM_CONTROLLER_RX,19,00000000000000000600000140254012
4007984.375,3206375,UPM_CONTROLLER_RX,19,00000000000000000600000140254012
4007988.125,3206378,UPM_CONTROLLER_RX,19,00000000000000000600000140254012
4007991.875,3206381,UPM_CONTROLLER_RX,19,00000000000000000600000140254012
4007995.625,3206384,UPM_CONTROLLER_RX,19,00000000000000000600000140254012
4007999.375,3206387,UPM_CONTROLLER_RX,19,00000000000000000600000140254012
4008003.125,3206390,UPM_CONTROLLER_RX,19,00000000000000000600000140254012
4008006.875,3206393,UPM_CONTROLLER_RX,19,00000000000000000600000140254012
4008010.625,3206396,UPM_CONTROLLER_RX,19,00000000000000000600000140254012
4008014.375,3206399,UPM_CONTROLLER_RX,19,00000000000000000600000140254012
4008018.125,3206402,UPM_CONTROLLER_RX,19,00000000000000000600000140254012
4008021.875,3206405,UPM_CONTROLLER_RX,19,00000000000000000600000140254012
4008025.625,3206408,UPM_CONTROLLER_RX,19,00000000000000000600000140254012
4008029.375,3206411,UPM_CONTROLLER_RX,19,00000000000000000600000140254012
4008033.125,3206414,UPM_CONTROLLER_RX,19,00000000000000000600000140254012
4008036.875,3206417,UPM_CONTROLLER_RX,19,00000000000000000600000140254012
4008040.625,3206420,UPM_CONTROLLER_RX,19,00000000000000000600000140254012
4008044.375,3206423,UPM_CONTROLLER_RX,19,00000000000000000600000140254012
4008048.125,3206426,UPM_CONTROLLER_RX,19,00000000000000000600000140254012
4008051.875,3206429,UPM_CONTROLLER_RX,19,00000000000000000600000140254012
4008055.625,3206432,UPM_CONTROLLER_RX,19,00000000000000000600000140254012
4008059.375,3206435,UPM_CONTROLLER_RX,19,00000000000000000600000140254012
4008063.125,3206438,UPM_TX,0,00000000000000000200010040244012
4008063.125,3206438,UPM_CONTROLLER_RX,19,00000000000000000600000140254012
4008066.875,3206441,UPM_CONTROLLER_RX,19,00000000000000000600000140254012
4008070.625,3206444,UPM_CONTROLLER_RX,19,00000000000000000600000140254012
4008074.375,3206447,UPM_CONTROLLER_RX,19,00000000000000000600000140254012
4008078.125,3206450,UPM_CONTROLLER_RX,19,00000000000000000600000140254012
4008081.875,3206453,UPM_CONTROLLER_RX,19,00000000000000000600000140254012
4008085.625,3206456,UPM_CONTROLLER_RX,19,00000000000000000600000140254012
4008089.375,3206459,UPM_CONTROLLER_RX,19,00000000000000000600000140254012
4008093.125,3206462,UPM_CONTROLLER_RX,19,00000000000000000600000140254012
4008096.875,3206465,UPM_CONTROLLER_RX,19,00000000000000000600000140254012
4008100.625,3206468,UPM_CONTROLLER_RX,19,00000000000000000600000140254012
4008104.375,3206471,UPM_CONTROLLER_RX,19,00000000000000000600000140254012
4008108.125,3206474,UPM_CONTROLLER_RX,19,00000000000000000600000140254012
4008111.875,3206477,UPM_CONTROLLER_RX,19,00000000000000000600000140254012
4008115.625,3206480,UPM_CONTROLLER_RX,19,00000000000000000600000140254012
4008119.375,3206483,UPM_CONTROLLER_RX,19,00000000000000000600000140254012
4008123.125,3206486,UPM_CONTROLLER_RX,19,00000000000000000600000140254012
4008126.875,3206489,UPM_CONTROLLER_RX,19,00000000000000000600000140254012
4008130.625,3206492,UPM_CONTROLLER_RX,19,00000000000000000600000140254012
4008134.375,3206495,UPM_CONTROLLER_RX,19,00000000000000000600000140254012
4008138.125,3206498,UPM_CONTROLLER_RX,19,00000000000000000600000140254012
4008141.875,3206501,UPM_CONTROLLER_RX,19,00000000000000000600000140254012
4008145.625,3206504,UPM_CONTROLLER_RX,19,00000000000000000600000140254012
4008149.375,3206507,UPM_CONTROLLER_RX,19,00000000000000000600000140254012
4008153.125,3206510,UPM_CONTROLLER_RX,19,00000000000000000600000140254012
4008156.875,3206513,UPM_CONTROLLER_RX,19,00000000000000000600000140254012
4008160.625,3206516,UPM_CONTROLLER_RX,19,00000000000000000600000140254012
4008164.375,3206519,UPM_CONTROLLER_RX,19,00000000000000000600000140254012
4008168.125,3206522,UPM_CONTROLLER_RX,19,00000000000000000600000140254012
4008171.875,3206525,UPM_CONTROLLER_RX,19,00000000000000000600000140254012
4008175.625,3206528,UPM_CONTROLLER_RX,19,00000000000000000600000140254012
4008179.375,3206531,UPM_CONTROLLER_RX,19,00000000000000000600000140254012
4008183.125,3206534,UPM_CONTROLLER_RX,19,00000000000000000600000140254012
4008184.375,3206535,UPM_TX,0,00000000000000000200010040244012
4008186.875,3206537,UPM_CONTROLLER_RX,19,00000000000000000600000140254012
4008190.625,3206540,UPM_CONTROLLER_RX,19,00000000000000000600000140254012
4008194.375,3206543,UPM_CONTROLLER_RX,19,00000000000000000600000140254012
4008198.125,3206546,UPM_CONTROLLER_RX,19,00000000000000000600000140254012
4008201.875,3206549,UPM_CONTROLLER_RX,19,00000000000000000600000140254012
4008205.625,3206552,UPM_CONTROLLER_RX,19,00000000000000000600000140254012
4008209.375,3206555,UPM_CONTROLLER_RX,19,00000000000000000600000140254012
4008213.125,3206558,UPM_CONTROLLER_RX,19,00000000000000000600000140254012
4008216.875,3206561,UPM_CONTROLLER_RX,19,00000000000000000600000140254012
4008220.625,3206564,UPM_CONTROLLER_RX,19,00000000000000000600000140254012
4008224.375,3206567,UPM_CONTROLLER_RX,19,00000000000000000600000140254012
4008228.125,3206570,UPM_CONTROLLER_RX,19,00000000000000000600000140254012
4008231.875,3206573,UPM_CONTROLLER_RX,19,00000000000000000600000140254012
4008235.625,3206576,UPM_CONTROLLER_RX,19,00000000000000000600000140254012
4008239.375,3206579,UPM_CONTROLLER_RX,19,00000000000000000600000140254012
4008243.125,3206582,UPM_CONTROLLER_RX,19,00000000000000000600000140254012
4008246.875,3206585,UPM_CONTROLLER_RX,19,00000000000000000600000140254012
4008250.625,3206588,UPM_CONTROLLER_RX,19,00000000000000000600000140254012
4008254.375,3206591,UPM_CONTROLLER_RX,19,00000000000000000600000140254012
4008258.125,3206594,UPM_CONTROLLER_RX,19,00000000000000000600000140254012
4008261.875,3206597,UPM_CONTROLLER_RX,19,00000000000000000600000140254012
4008265.625,3206600,UPM_CONTROLLER_RX,19,00000000000000000600000140254012
4008269.375,3206603,UPM_CONTROLLER_RX,19,00000000000000000600000140254012
4008273.125,3206606,UPM_CONTROLLER_RX,19,00000000000000000600000140254012
4008276.875,3206609,UPM_CONTROLLER_RX,19,00000000000000000600000140254012
4008280.625,3206612,UPM_CONTROLLER_RX,19,00000000000000000600000140254012
4008284.375,3206615,UPM_CONTROLLER_RX,19,00000000000000000600000140254012
4008288.125,3206618,UPM_CONTROLLER_RX,19,00000000000000000600000140254012
4008291.875,3206621,UPM_CONTROLLER_RX,19,00000000000000000600000140254012
4008295.625,3206624,UPM_CONTROLLER_RX,19,00000000000000000600000140254012
4008299.375,3206627,UPM_CONTROLLER_RX,19,00000000000000000600000140254012
4008303.125,3206630,UPM_CONTROLLER_RX,19,00000000000000000600000140254012
4008305.625,3206632,UPM_TX,0,00000000000000000200010040244012
4008306.875,3206633,UPM_CONTROLLER_RX,19,00000000000000000600000140254012
4008310.625,3206636,UPM_CONTROLLER_RX,19,00000000000000000600000140254012
4008314.375,3206639,UPM_CONTROLLER_RX,19,00000000000000000600000140254012
4008318.125,3206642,UPM_CONTROLLER_RX,19,00000000000000000600000140254012
4008321.875,3206645,UPM_CONTROLLER_RX,19,00000000000000000600000140254012
4008325.625,3206648,UPM_CONTROLLER_RX,19,00000000000000000600000140254012
4008329.375,3206651,UPM_CONTROLLER_RX,19,00000000000000000600000140254012
4008333.125,3206654,UPM_CONTROLLER_RX,19,00000000000000000600000140254012
4008336.875,3206657,UPM_CONTROLLER_RX,19,00000000000000000600000140254012
4008340.625,3206660,UPM_CONTROLLER_RX,19,00000000000000000600000140254012
4008344.375,3206663,UPM_CONTROLLER_RX,19,00000000000000000600000140254012
4008348.125,3206666,UPM_CONTROLLER_RX,19,00000000000000000600000140254012
4008351.875,3206669,UPM_CONTROLLER_RX,19,00000000000000000600000140254012
4008355.625,3206672,UPM_CONTROLLER_RX,19,00000000000000000600000140254012
4008359.375,3206675,UPM_CONTROLLER_RX,19,00000000000000000600000140254012
4008363.125,3206678,UPM_CONTROLLER_RX,19,00000000000000000600000140254012
4008366.875,3206681,UPM_CONTROLLER_RX,19,00000000000000000600000140254012
4008370.625,3206684,UPM_CONTROLLER_RX,19,00000000000000000600000140254012
4008374.375,3206687,UPM_CONTROLLER_RX,19,00000000000000000600000140254012
4008378.125,3206690,UPM_CONTROLLER_RX,19,00000000000000000600000140254012
4008381.875,3206693,UPM_CONTROLLER_RX,19,00000000000000000600000140254012
4008385.625,3206696,UPM_CONTROLLER_RX,19,00000000000000000600000140254012
4008389.375,3206699,UPM_CONTROLLER_RX,19,00000000000000000600000140254012
4008393.125,3206702,UPM_CONTROLLER_RX,19,00000000000000000600000140254012
4008396.875,3206705,UPM_CONTROLLER_RX,19,00000000000000000600000140254012
4008400.625,3206708,UPM_CONTROLLER_RX,19,00000000000000000600000140254012
4008404.375,3206711,UPM_CONTROLLER_RX,19,00000000000000000600000140254012
4008408.125,3206714,UPM_CONTROLLER_RX,19,00000000000000000600000140254012
4008411.875,3206717,UPM_CONTROLLER_RX,19,00000000000000000600000140254012
4008415.625,3206720,UPM_CONTROLLER_RX,19,00000000000000000600000140254012
4008419.375,3206723,UPM_CONTROLLER_RX,19,00000000000000000600000140254012
4008423.125,3206726,UPM_CONTROLLER_RX,19,00000000000000000600000140254012
4008426.875,3206729,UPM_TX,0,00000000000000000200010040244012
4008426.875,3206729,UPM_CONTROLLER_RX,19,00000000000000000600000140254012
4008430.625,3206732,UPM_CONTROLLER_RX,19,00000000000000000600000140254012
4008434.375,3206735,UPM_CONTROLLER_RX,19,00000000000000000600000140254012
4008438.125,3206738,UPM_CONTROLLER_RX,19,00000000000000000600000140254012
4008441.875,3206741,UPM_CONTROLLER_RX,19,00000000000000000600000140254012
4008445.625,3206744,UPM_CONTROLLER_RX,19,00000000000000000600000140254012
4008449.375,3206747,UPM_CONTROLLER_RX,19,00000000000000000600000140254012
4008453.125,3206750,UPM_CONTROLLER_RX,19,00000000000000000600000140254012
4008456.875,3206753,UPM_CONTROLLER_RX,19,00000000000000000600000140254012
4008460.625,3206756,UPM_CONTROLLER_RX,19,00000000000000000600000140254012
4008464.375,3206759,UPM_CONTROLLER_RX,19,00000000000000000600000140254012
4008468.125,3206762,UPM_CONTROLLER_RX,19,00000000000000000600000140254012
4008471.875,3206765,UPM_CONTROLLER_RX,19,00000000000000000600000140254012
4008475.625,3206768,UPM_CONTROLLER_RX,19,00000000000000000600000140254012
4008479.375,3206771,UPM_CONTROLLER_RX,19,00000000000000000600000140254012
4008483.125,3206774,UPM_CONTROLLER_RX,19,00000000000000000600000140254012
4008486.875,3206777,UPM_CONTROLLER_RX,19,00000000000000000600000140254012
4008490.625,3206780,UPM_CONTROLLER_RX,19,00000000000000000600000140254012
4008494.375,3206783,UPM_CONTROLLER_RX,19,00000000000000000600000140254012
4008498.125,3206786,UPM_CONTROLLER_RX,19,00000000000000000600000140254012
4008501.875,3206789,UPM_CONTROLLER_RX,19,00000000000000000600000140254012
4008505.625,3206792,UPM_CONTROLLER_RX,19,00000000000000000600000140254012
4008509.375,3206795,UPM_CONTROLLER_RX,19,00000000000000000600000140254012
4008513.125,3206798,UPM_CONTROLLER_RX,19,00000000000000000600000140254012
4008516.875,3206801,UPM_CONTROLLER_RX,19,00000000000000000600000140254012
4008520.625,3206804,UPM_CONTROLLER_RX,19,00000000000000000600000140254012
4008524.375,3206807,UPM_CONTROLLER_RX,19,00000000000000000600000140254012
4008528.125,3206810,UPM_CONTROLLER_RX,19,00000000000000000600000140254012
4008531.875,3206813,UPM_CONTROLLER_RX,19,00000000000000000600000140254012
4008535.625,3206816,UPM_CONTROLLER_RX,19,00000000000000000600000140254012
4008539.375,3206819,UPM_CONTROLLER_RX,19,00000000000000000600000140254012
4008543.125,3206822,UPM_CONTROLLER_RX,19,00000000000000000600000140254012
4008546.875,3206825,UPM_CONTROLLER_RX,19,00000000000000000600000140254012
4008548.125,3206826,UPM_TX,0,00000000000000000200010040244012
4008550.625,3206828,UPM_CONTROLLER_RX,19,00000000000000000600000140254012
4008554.375,3206831,UPM_CONTROLLER_RX,19,00000000000000000600000140254012
4008558.125,3206834,UPM_CONTROLLER_RX,19,00000000000000000600000140254012
4008561.875,3206837,UPM_CONTROLLER_RX,19,00000000000000000600000140254012
4008565.625,3206840,UPM_CONTROLLER_RX,19,00000000000000000600000140254012
4008569.375,3206843,UPM_CONTROLLER_RX,19,00000000000000000600000140254012
4008573.125,3206846,UPM_CONTROLLER_RX,19,00000000000000000600000140254012
4008576.875,3206849,UPM_CONTROLLER_RX,19,00000000000000000600000140254012
4008580.625,3206852,UPM_CONTROLLER_RX,19,00000000000000000600000140254012
4008584.375,3206855,UPM_CONTROLLER_RX,19,00000000000000000600000140254012
4008588.125,3206858,UPM_CONTROLLER_RX,19,00000000000000000600000140254012
4008591.875,3206861,UPM_CONTROLLER_RX,19,00000000000000000600000140254012
4008595.625,3206864,UPM_CONTROLLER_RX,19,00000000000000000600000140254012
4008599.375,3206867,UPM_CONTROLLER_RX,19,00000000000000000600000140254012
4008603.125,3206870,UPM_CONTROLLER_RX,19,00000000000000000600000140254012
4008606.875,3206873,UPM_CONTROLLER_RX,19,00000000000000000600000140254012
4008610.625,3206876,UPM_CONTROLLER_RX,19,00000000000000000600000140254012
4008614.375,3206879,UPM_CONTROLLER_RX,19,00000000000000000600000140254012
4008618.125,3206882,UPM_CONTROLLER_RX,19,00000000000000000600000140254012
4008621.875,3206885,UPM_CONTROLLER_RX,19,00000000000000000600000140254012
4008625.625,3206888,UPM_CONTROLLER_RX,19,00000000000000000600000140254012
4008629.375,3206891,UPM_CONTROLLER_RX,19,00000000000000000600000140254012
4008633.125,3206894,UPM_CONTROLLER_RX,19,00000000000000000600000140254012
4008636.875,3206897,UPM_CONTROLLER_RX,19,00000000000000000600000140254012
4008640.625,3206900,UPM_CONTROLLER_RX,19,00000000000000000600000140254012
4008644.375,3206903,UPM_CONTROLLER_RX,19,00000000000000000600000140254012
4008648.125,3206906,UPM_CONTROLLER_RX,19,00000000000000000600000140254012
4008651.875,3206909,UPM_CONTROLLER_RX,19,00000000000000000600000140254012
4008655.625,3206912,UPM_CONTROLLER_RX,19,00000000000000000600000140254012
4008659.375,3206915,UPM_CONTROLLER_RX,19,00000000000000000600000140254012
4008663.125,3206918,UPM_CONTROLLER_RX,19,00000000000000000600000140254012
4008666.875,3206921,UPM_CONTROLLER_RX,19,00000000000000000600000140254012
4008669.375,3206923,UPM_TX,0,00000000000000000200010040244012
4008670.625,3206924,UPM_CONTROLLER_RX,19,00000000000000000600000140254012
4008674.375,3206927,UPM_CONTROLLER_RX,19,00000000000000000600000140254012
4008678.125,3206930,UPM_CONTROLLER_RX,19,00000000000000000600000140254012
4008681.875,3206933,UPM_CONTROLLER_RX,19,00000000000000000600000140254012
4008685.625,3206936,UPM_CONTROLLER_RX,19,00000000000000000600000140254012
4008689.375,3206939,UPM_CONTROLLER_RX,19,00000000000000000600000140254012
4008693.125,3206942,UPM_CONTROLLER_RX,19,00000000000000000600000140254012
4008696.875,3206945,UPM_CONTROLLER_RX,19,00000000000000000600000140254012
4008700.625,3206948,UPM_CONTROLLER_RX,19,00000000000000000600000140254012
4008704.375,3206951,UPM_CONTROLLER_RX,19,00000000000000000600000140254012
4008708.125,3206954,UPM_CONTROLLER_RX,19,00000000000000000600000140254012
4008711.875,3206957,UPM_CONTROLLER_RX,19,00000000000000000600000140254012
4008715.625,3206960,UPM_CONTROLLER_RX,19,00000000000000000600000140254012
4008719.375,3206963,UPM_CONTROLLER_RX,19,00000000000000000600000140254012
4008723.125,3206966,UPM_CONTROLLER_RX,19,00000000000000000600000140254012
4008726.875,3206969,UPM_CONTROLLER_RX,19,00000000000000000600000140254012
4008730.625,3206972,UPM_CONTROLLER_RX,19,00000000000000000600000140254012
4008734.375,3206975,UPM_CONTROLLER_RX,19,00000000000000000600000140254012
4008738.125,3206978,UPM_CONTROLLER_RX,19,00000000000000000600000140254012
4008741.875,3206981,UPM_CONTROLLER_RX,19,00000000000000000600000140254012
4008745.625,3206984,UPM_CONTROLLER_RX,19,00000000000000000600000140254012
4008749.375,3206987,UPM_CONTROLLER_RX,19,00000000000000000600000140254012
4008753.125,3206990,UPM_CONTROLLER_RX,19,00000000000000000600000140254012
4008756.875,3206993,UPM_CONTROLLER_RX,19,00000000000000000600000140254012
4008760.625,3206996,UPM_CONTROLLER_RX,19,00000000000000000600000140254012
4008764.375,3206999,UPM_CONTROLLER_RX,19,00000000000000000600000140254012
4008768.125,3207002,UPM_CONTROLLER_RX,19,00000000000000000600000140254012
4008771.875,3207005,UPM_CONTROLLER_RX,19,00000000000000000600000140254012
4008775.625,3207008,UPM_CONTROLLER_RX,19,00000000000000000600000140254012
4008779.375,3207011,UPM_CONTROLLER_RX,19,00000000000000000600000140254012
4008783.125,3207014,UPM_CONTROLLER_RX,19,00000000000000000600000140254012
4008786.875,3207017,UPM_CONTROLLER_RX,19,00000000000000000600000140254012
4008790.625,3207020,UPM_TX,0,00000000000000000200010040244012
4008790.625,3207020,UPM_CONTROLLER_RX,19,00000000000000000600000140254012
4008794.375,3207023,UPM_CONTROLLER_RX,19,00000000000000000600000140254012
4008798.125,3207026,UPM_CONTROLLER_RX,19,00000000000000000600000140254012
4008801.875,3207029,UPM_CONTROLLER_RX,19,00000000000000000600000140254012
4008805.625,3207032,UPM_CONTROLLER_RX,19,00000000000000000600000140254012
4008809.375,3207035,UPM_CONTROLLER_RX,19,00000000000000000600000140254012
4008813.125,3207038,UPM_CONTROLLER_RX,19,00000000000000000600000140254012
4008816.875,3207041,UPM_CONTROLLER_RX,19,00000000000000000600000140254012
4008820.625,3207044,UPM_CONTROLLER_RX,19,00000000000000000600000140254012
4008824.375,3207047,UPM_CONTROLLER_RX,19,00000000000000000600000140254012
4008828.125,3207050,UPM_CONTROLLER_RX,19,00000000000000000600000140254012
4008831.875,3207053,UPM_CONTROLLER_RX,19,00000000000000000600000140254012
4008835.625,3207056,UPM_CONTROLLER_RX,19,00000000000000000600000140254012
4008839.375,3207059,UPM_CONTROLLER_RX,19,00000000000000000600000140254012
4008843.125,3207062,UPM_CONTROLLER_RX,19,00000000000000000600000140254012
4008846.875,3207065,UPM_CONTROLLER_RX,19,00000000000000000600000140254012
4008850.625,3207068,UPM_CONTROLLER_RX,19,00000000000000000600000140254012
4008854.375,3207071,UPM_CONTROLLER_RX,19,00000000000000000600000140254012
4008858.125,3207074,UPM_CONTROLLER_RX,19,00000000000000000600000140254012
4008861.875,3207077,UPM_CONTROLLER_RX,19,00000000000000000600000140254012
4008865.625,3207080,UPM_CONTROLLER_RX,19,00000000000000000600000140254012
4008869.375,3207083,UPM_CONTROLLER_RX,19,00000000000000000600000140254012
4008873.125,3207086,UPM_CONTROLLER_RX,19,00000000000000000600000140254012
4008876.875,3207089,UPM_CONTROLLER_RX,19,00000000000000000600000140254012
4008880.625,3207092,UPM_CONTROLLER_RX,19,00000000000000000600000140254012
4008884.375,3207095,UPM_CONTROLLER_RX,19,00000000000000000600000140254012
4008888.125,3207098,UPM_CONTROLLER_RX,19,00000000000000000600000140254012
4008891.875,3207101,UPM_CONTROLLER_RX,19,00000000000000000600000140254012
4008895.625,3207104,UPM_CONTROLLER_RX,19,00000000000000000600000140254012
4008899.375,3207107,UPM_CONTROLLER_RX,19,00000000000000000600000140254012
4008903.125,3207110,UPM_CONTROLLER_RX,19,00000000000000000600000140254012
4008906.875,3207113,UPM_CONTROLLER_RX,19,00000000000000000600000140254012
4008910.625,3207116,UPM_CONTROLLER_RX,19,00000000000000000600000140254012
4008911.875,3207117,UPM_TX,0,00000000000000000200010040244012
4008914.375,3207119,UPM_CONTROLLER_RX,19,00000000000000000600000140254012
4008918.125,3207122,UPM_CONTROLLER_RX,19,00000000000000000600000140254012
4008921.875,3207125,UPM_CONTROLLER_RX,19,00000000000000000600000140254012
4008925.625,3207128,UPM_CONTROLLER_RX,19,00000000000000000600000140254012
4008929.375,3207131,UPM_CONTROLLER_RX,19,00000000000000000600000140254012
4008933.125,3207134,UPM_CONTROLLER_RX,19,00000000000000000600000140254012
4008936.875,3207137,UPM_CONTROLLER_RX,19,00000000000000000600000140254012
4008940.625,3207140,UPM_CONTROLLER_RX,19,00000000000000000600000140254012
4008944.375,3207143,UPM_CONTROLLER_RX,19,00000000000000000600000140254012
4008948.125,3207146,UPM_CONTROLLER_RX,19,00000000000000000600000140254012
4008951.875,3207149,UPM_CONTROLLER_RX,19,00000000000000000600000140254012
4008955.625,3207152,UPM_CONTROLLER_RX,19,00000000000000000600000140254012
4008959.375,3207155,UPM_CONTROLLER_RX,19,00000000000000000600000140254012
4008963.125,3207158,UPM_CONTROLLER_RX,19,00000000000000000600000140254012
4008966.875,3207161,UPM_CONTROLLER_RX,19,00000000000000000600000140254012
4008970.625,3207164,UPM_CONTROLLER_RX,19,00000000000000000600000140254012
4008974.375,3207167,UPM_CONTROLLER_RX,19,00000000000000000600000140254012
4008978.125,3207170,UPM_CONTROLLER_RX,19,00000000000000000600000140254012
4008981.875,3207173,UPM_CONTROLLER_RX,19,00000000000000000600000140254012
4008985.625,3207176,UPM_CONTROLLER_RX,19,00000000000000000600000140254012
4008989.375,3207179,UPM_CONTROLLER_RX,19,00000000000000000600000140254012
4008993.125,3207182,UPM_CONTROLLER_RX,19,00000000000000000600000140254012
4008996.875,3207185,UPM_CONTROLLER_RX,19,00000000000000000600000140254012
4009000.625,3207188,UPM_CONTROLLER_RX,19,00000000000000000600000140254012
4009004.375,3207191,UPM_CONTROLLER_RX,19,00000000000000000600000140254012
4009008.125,3207194,UPM_CONTROLLER_RX,19,00000000000000000600000140254012
4009011.875,3207197,UPM_CONTROLLER_RX,19,00000000000000000600000140254012
4009015.625,3207200,UPM_CONTROLLER_RX,19,00000000000000000600000140254012
4009019.375,3207203,UPM_CONTROLLER_RX,19,00000000000000000600000140254012
4009023.125,3207206,UPM_CONTROLLER_RX,19,00000000000000000600000140254012
4009026.875,3207209,UPM_CONTROLLER_RX,19,00000000000000000600000140254012
4009030.625,3207212,UPM_CONTROLLER_RX,19,00000000000000000600000140254012
4009033.125,3207214,UPM_TX,0,00000000000000000200010040244012
4009034.375,3207215,UPM_CONTROLLER_RX,19,00000000000000000600000140254012
4009038.125,3207218,UPM_CONTROLLER_RX,19,00000000000000000600000140254012
4009041.875,3207221,UPM_CONTROLLER_RX,19,00000000000000000600000140254012
4009045.625,3207224,UPM_CONTROLLER_RX,19,00000000000000000600000140254012
4009049.375,3207227,UPM_CONTROLLER_RX,19,00000000000000000600000140254012
4009053.125,3207230,UPM_CONTROLLER_RX,19,00000000000000000600000140254012
4009056.875,3207233,UPM_CONTROLLER_RX,19,00000000000000000600000140254012
4009060.625,3207236,UPM_CONTROLLER_RX,19,00000000000000000600000140254012
4009064.375,3207239,UPM_CONTROLLER_RX,19,00000000000000000600000140254012
4009068.125,3207242,UPM_CONTROLLER_RX,19,00000000000000000600000140254012
4009071.875,3207245,UPM_CONTROLLER_RX,19,00000000000000000600000140254012
4009075.625,3207248,UPM_CONTROLLER_RX,19,00000000000000000600000140254012
4009079.375,3207251,UPM_CONTROLLER_RX,19,00000000000000000600000140254012
4009083.125,3207254,UPM_CONTROLLER_RX,19,00000000000000000600000140254012
4009086.875,3207257,UPM_CONTROLLER_RX,19,00000000000000000600000140254012
4009090.625,3207260,UPM_CONTROLLER_RX,19,00000000000000000600000140254012
4009094.375,3207263,UPM_CONTROLLER_RX,19,00000000000000000600000140254012
4009098.125,3207266,UPM_CONTROLLER_RX,19,00000000000000000600000140254012
4009101.875,3207269,UPM_CONTROLLER_RX,19,00000000000000000600000140254012
4009105.625,3207272,UPM_CONTROLLER_RX,19,00000000000000000600000140254012
4009109.375,3207275,UPM_CONTROLLER_RX,19,00000000000000000600000140254012
4009113.125,3207278,UPM_CONTROLLER_RX,19,00000000000000000600000140254012
4009116.875,3207281,UPM_CONTROLLER_RX,19,00000000000000000600000140254012
4009120.625,3207284,UPM_CONTROLLER_RX,19,00000000000000000600000140254012
4009124.375,3207287,UPM_CONTROLLER_RX,19,00000000000000000600000140254012
4009128.125,3207290,UPM_CONTROLLER_RX,19,00000000000000000600000140254012
4009131.875,3207293,UPM_CONTROLLER_RX,19,00000000000000000600000140254012
4009135.625,3207296,UPM_CONTROLLER_RX,19,00000000000000000600000140254012
4009139.375,3207299,UPM_CONTROLLER_RX,19,00000000000000000600000140254012
4009143.125,3207302,UPM_CONTROLLER_RX,19,00000000000000000600000140254012
4009146.875,3207305,UPM_CONTROLLER_RX,19,00000000000000000600000140254012
4009150.625,3207308,UPM_CONTROLLER_RX,19,00000000000000000600000140254012
4009154.375,3207311,UPM_TX,0,00000000000000000200010040244012
4009154.375,3207311,UPM_CONTROLLER_RX,19,00000000000000000600000140254012
4009158.125,3207314,UPM_CONTROLLER_RX,19,00000000000000000600000140254012
4009161.875,3207317,UPM_CONTROLLER_RX,19,00000000000000000600000140254012
4009165.625,3207320,UPM_CONTROLLER_RX,19,00000000000000000600000140254012
4009169.375,3207323,UPM_CONTROLLER_RX,19,00000000000000000600000140254012
4009173.125,3207326,UPM_CONTROLLER_RX,19,00000000000000000600000140254012
4009176.875,3207329,UPM_CONTROLLER_RX,19,00000000000000000600000140254012
4009180.625,3207332,UPM_CONTROLLER_RX,19,00000000000000000600000140254012
4009184.375,3207335,UPM_CONTROLLER_RX,19,00000000000000000600000140254012
4009188.125,3207338,UPM_CONTROLLER_RX,19,00000000000000000600000140254012
4009191.875,3207341,UPM_CONTROLLER_RX,19,00000000000000000600000140254012
4009195.625,3207344,UPM_CONTROLLER_RX,19,00000000000000000600000140254012
4009199.375,3207347,UPM_CONTROLLER_RX,19,00000000000000000600000140254012
4009203.125,3207350,UPM_CONTROLLER_RX,19,00000000000000000600000140254012
4009206.875,3207353,UPM_CONTROLLER_RX,19,00000000000000000600000140254012
4009210.625,3207356,UPM_CONTROLLER_RX,19,00000000000000000600000140254012
4009214.375,3207359,UPM_CONTROLLER_RX,19,00000000000000000600000140254012
4009218.125,3207362,UPM_CONTROLLER_RX,19,00000000000000000600000140254012
4009221.875,3207365,UPM_CONTROLLER_RX,19,00000000000000000600000140254012
4009225.625,3207368,UPM_CONTROLLER_RX,19,00000000000000000600000140254012
4009229.375,3207371,UPM_CONTROLLER_RX,19,00000000000000000600000140254012
4009233.125,3207374,UPM_CONTROLLER_RX,19,00000000000000000600000140254012
4009236.875,3207377,UPM_CONTROLLER_RX,19,00000000000000000600000140254012
4009240.625,3207380,UPM_CONTROLLER_RX,19,00000000000000000600000140254012
4009244.375,3207383,UPM_CONTROLLER_RX,19,00000000000000000600000140254012
4009248.125,3207386,UPM_CONTROLLER_RX,19,00000000000000000600000140254012
4009251.875,3207389,UPM_CONTROLLER_RX,19,00000000000000000600000140254012
4009255.625,3207392,UPM_CONTROLLER_RX,19,00000000000000000600000140254012
4009259.375,3207395,UPM_CONTROLLER_RX,19,00000000000000000600000140254012
4009263.125,3207398,UPM_CONTROLLER_RX,19,00000000000000000600000140254012
4009266.875,3207401,UPM_CONTROLLER_RX,19,00000000000000000600000140254012
4009270.625,3207404,UPM_CONTROLLER_RX,19,00000000000000000600000140254012
4009274.375,3207407,UPM_CONTROLLER_RX,19,00000000000000000600000140254012
4009275.625,3207408,UPM_TX,0,00000000000000000200010040244012
4009278.125,3207410,UPM_CONTROLLER_RX,19,00000000000000000600000140254012
4009281.875,3207413,UPM_CONTROLLER_RX,19,00000000000000000600000140254012
4009285.625,3207416,UPM_CONTROLLER_RX,19,00000000000000000600000140254012
4009289.375,3207419,UPM_CONTROLLER_RX,19,00000000000000000600000140254012
4009293.125,3207422,UPM_CONTROLLER_RX,19,00000000000000000600000140254012
4009296.875,3207425,UPM_CONTROLLER_RX,19,00000000000000000600000140254012
4009300.625,3207428,UPM_CONTROLLER_RX,19,00000000000000000600000140254012
4009304.375,3207431,UPM_CONTROLLER_RX,19,00000000000000000600000140254012
4009308.125,3207434,UPM_CONTROLLER_RX,19,00000000000000000600000140254012
4009311.875,3207437,UPM_CONTROLLER_RX,19,00000000000000000600000140254012
4009315.625,3207440,UPM_CONTROLLER_RX,19,00000000000000000600000140254012
4009319.375,3207443,UPM_CONTROLLER_RX,19,00000000000000000600000140254012
4009323.125,3207446,UPM_CONTROLLER_RX,19,00000000000000000600000140254012
4009326.875,3207449,UPM_CONTROLLER_RX,19,00000000000000000600000140254012
4009330.625,3207452,UPM_CONTROLLER_RX,19,00000000000000000600000140254012
4009334.375,3207455,UPM_CONTROLLER_RX,19,00000000000000000600000140254012
4009338.125,3207458,UPM_CONTROLLER_RX,19,00000000000000000600000140254012
4009341.875,3207461,UPM_CONTROLLER_RX,19,00000000000000000600000140254012
4009345.625,3207464,UPM_CONTROLLER_RX,19,00000000000000000600000140254012
4009349.375,3207467,UPM_CONTROLLER_RX,19,00000000000000000600000140254012
4009353.125,3207470,UPM_CONTROLLER_RX,19,00000000000000000600000140254012
4009356.875,3207473,UPM_CONTROLLER_RX,19,00000000000000000600000140254012
4009360.625,3207476,UPM_CONTROLLER_RX,19,00000000000000000600000140254012
4009364.375,3207479,UPM_CONTROLLER_RX,19,00000000000000000600000140254012
4009368.125,3207482,UPM_CONTROLLER_RX,19,00000000000000000600000140254012
4009371.875,3207485,UPM_CONTROLLER_RX,19,00000000000000000600000140254012
4009375.625,3207488,UPM_CONTROLLER_RX,19,00000000000000000600000140254012
4009379.375,3207491,UPM_CONTROLLER_RX,19,00000000000000000600000140254012
4009383.125,3207494,UPM_CONTROLLER_RX,19,00000000000000000600000140254012
4009386.875,3207497,UPM_CONTROLLER_RX,19,00000000000000000600000140254012
4009390.625,3207500,UPM_CONTROLLER_RX,19,00000000000000000600000140254012
4009394.375,3207503,UPM_CONTROLLER_RX,19,00000000000000000600000140254012
4009396.875,3207505,UPM_TX,0,00000000000000000200010040244012
4009398.125,3207506,UPM_CONTROLLER_RX,19,00000000000000000600000140254012
4009401.875,3207509,UPM_CONTROLLER_RX,19,00000000000000000600000140254012
4009405.625,3207512,UPM_CONTROLLER_RX,19,00000000000000000600000140254012
4009409.375,3207515,UPM_CONTROLLER_RX,19,00000000000000000600000140254012
4009413.125,3207518,UPM_CONTROLLER_RX,19,00000000000000000600000140254012
4009416.875,3207521,UPM_CONTROLLER_RX,19,00000000000000000600000140254012
4009420.625,3207524,UPM_CONTROLLER_RX,19,00000000000000000600000140254012
4009424.375,3207527,UPM_CONTROLLER_RX,19,00000000000000000600000140254012
4009428.125,3207530,UPM_CONTROLLER_RX,19,00000000000000000600000140254012
4009431.875,3207533,UPM_CONTROLLER_RX,19,00000000000000000600000140254012
4009435.625,3207536,UPM_CONTROLLER_RX,19,00000000000000000600000140254012
4009439.375,3207539,UPM_CONTROLLER_RX,19,00000000000000000600000140254012
4009443.125,3207542,UPM_CONTROLLER_RX,19,00000000000000000600000140254012
4009446.875,3207545,UPM_CONTROLLER_RX,19,00000000000000000600000140254012
4009450.625,3207548,UPM_CONTROLLER_RX,19,00000000000000000600000140254012
4009454.375,3207551,UPM_CONTROLLER_RX,19,00000000000000000600000140254012
4009458.125,3207554,UPM_CONTROLLER_RX,19,00000000000000000600000140254012
4009461.875,3207557,UPM_CONTROLLER_RX,19,00000000000000000600000140254012
4009465.625,3207560,UPM_CONTROLLER_RX,19,00000000000000000600000140254012
4009469.375,3207563,UPM_CONTROLLER_RX,19,00000000000000000600000140254012
4009473.125,3207566,UPM_CONTROLLER_RX,19,00000000000000000600000140254012
4009476.875,3207569,UPM_CONTROLLER_RX,19,00000000000000000600000140254012
4009480.625,3207572,UPM_CONTROLLER_RX,19,00000000000000000600000140254012
4009484.375,3207575,UPM_CONTROLLER_RX,19,00000000000000000600000140254012
4009488.125,3207578,UPM_CONTROLLER_RX,19,00000000000000000600000140254012
4009491.875,3207581,UPM_CONTROLLER_RX,19,00000000000000000600000140254012
4009495.625,3207584,UPM_CONTROLLER_RX,19,00000000000000000600000140254012
4009499.375,3207587,UPM_CONTROLLER_RX,19,00000000000000000600000140254012
4009503.125,3207590,UPM_CONTROLLER_RX,19,00000000000000000600000140254012
4009506.875,3207593,UPM_CONTROLLER_RX,19,00000000000000000600000140254012
4009510.625,3207596,UPM_CONTROLLER_RX,19,00000000000000000600000140254012
4009514.375,3207599,UPM_CONTROLLER_RX,19,00000000000000000600000140254012
4009518.125,3207602,UPM_TX,0,00000000000000000200010040244012
4009518.125,3207602,UPM_CONTROLLER_RX,19,00000000000000000600000140254012
4009521.875,3207605,UPM_CONTROLLER_RX,19,00000000000000000600000140254012
4009525.625,3207608,UPM_CONTROLLER_RX,19,00000000000000000600000140254012
4009529.375,3207611,UPM_CONTROLLER_RX,19,00000000000000000600000140254012
4009533.125,3207614,UPM_CONTROLLER_RX,19,00000000000000000600000140254012
4009536.875,3207617,UPM_CONTROLLER_RX,19,00000000000000000600000140254012
4009540.625,3207620,UPM_CONTROLLER_RX,19,00000000000000000600000140254012
4009544.375,3207623,UPM_CONTROLLER_RX,19,00000000000000000600000140254012
4009548.125,3207626,UPM_CONTROLLER_RX,19,00000000000000000600000140254012
4009551.875,3207629,UPM_CONTROLLER_RX,19,00000000000000000600000140254012
4009555.625,3207632,UPM_CONTROLLER_RX,19,00000000000000000600000140254012
4009559.375,3207635,UPM_CONTROLLER_RX,19,00000000000000000600000140254012
4009563.125,3207638,UPM_CONTROLLER_RX,19,00000000000000000600000140254012
4009566.875,3207641,UPM_CONTROLLER_RX,19,00000000000000000600000140254012
4009570.625,3207644,UPM_CONTROLLER_RX,19,00000000000000000600000140254012
4009574.375,3207647,UPM_CONTROLLER_RX,19,00000000000000000600000140254012
4009578.125,3207650,UPM_CONTROLLER_RX,19,00000000000000000600000140254012
4009581.875,3207653,UPM_CONTROLLER_RX,19,00000000000000000600000140254012
4009585.625,3207656,UPM_CONTROLLER_RX,19,00000000000000000600000140254012
4009589.375,3207659,UPM_CONTROLLER_RX,19,00000000000000000600000140254012
4009593.125,3207662,UPM_CONTROLLER_RX,19,00000000000000000600000140254012
4009596.875,3207665,UPM_CONTROLLER_RX,19,00000000000000000600000140254012
4009600.625,3207668,UPM_CONTROLLER_RX,19,00000000000000000600000140254012
4009604.375,3207671,UPM_CONTROLLER_RX,19,00000000000000000600000140254012
4009608.125,3207674,UPM_CONTROLLER_RX,19,00000000000000000600000140254012
4009611.875,3207677,UPM_CONTROLLER_RX,19,00000000000000000600000140254012
4009615.625,3207680,UPM_CONTROLLER_RX,19,00000000000000000600000140254012
4009619.375,3207683,UPM_CONTROLLER_RX,19,00000000000000000600000140254012
4009623.125,3207686,UPM_CONTROLLER_RX,19,00000000000000000600000140254012
4009626.875,3207689,UPM_CONTROLLER_RX,19,00000000000000000600000140254012
4009630.625,3207692,UPM_CONTROLLER_RX,19,00000000000000000600000140254012
4009634.375,3207695,UPM_CONTROLLER_RX,19,00000000000000000600000140254012
4009638.125,3207698,UPM_CONTROLLER_RX,19,00000000000000000600000140254012
4009639.375,3207699,UPM_TX,0,00000000000000000200010040244012
4009641.875,3207701,UPM_CONTROLLER_RX,19,00000000000000000600000140254012
4009645.625,3207704,UPM_CONTROLLER_RX,19,00000000000000000600000140254012
4009649.375,3207707,UPM_CONTROLLER_RX,19,00000000000000000600000140254012
4009653.125,3207710,UPM_CONTROLLER_RX,19,00000000000000000600000140254012
4009656.875,3207713,UPM_CONTROLLER_RX,19,00000000000000000600000140254012
4009660.625,3207716,UPM_CONTROLLER_RX,19,00000000000000000600000140254012
4009664.375,3207719,UPM_CONTROLLER_RX,19,00000000000000000600000140254012
4009668.125,3207722,UPM_CONTROLLER_RX,19,00000000000000000600000140254012
4009671.875,3207725,UPM_CONTROLLER_RX,19,00000000000000000600000140254012
4009675.625,3207728,UPM_CONTROLLER_RX,19,00000000000000000600000140254012
4009679.375,3207731,UPM_CONTROLLER_RX,19,00000000000000000600000140254012
4009683.125,3207734,UPM_CONTROLLER_RX,19,00000000000000000600000140254012
4009686.875,3207737,UPM_CONTROLLER_RX,19,00000000000000000600000140254012
4009690.625,3207740,UPM_CONTROLLER_RX,19,00000000000000000600000140254012
4009694.375,3207743,UPM_CONTROLLER_RX,19,00000000000000000600000140254012
4009698.125,3207746,UPM_CONTROLLER_RX,19,00000000000000000600000140254012
4009701.875,3207749,UPM_CONTROLLER_RX,19,00000000000000000600000140254012
4009705.625,3207752,UPM_CONTROLLER_RX,19,00000000000000000600000140254012
4009709.375,3207755,UPM_CONTROLLER_RX,19,00000000000000000600000140254012
4009713.125,3207758,UPM_CONTROLLER_RX,19,00000000000000000600000140254012
4009716.875,3207761,UPM_CONTROLLER_RX,19,00000000000000000600000140254012
4009720.625,3207764,UPM_CONTROLLER_RX,19,00000000000000000600000140254012
4009724.375,3207767,UPM_CONTROLLER_RX,19,00000000000000000600000140254012
4009728.125,3207770,UPM_CONTROLLER_RX,19,00000000000000000600000140254012
4009731.875,3207773,UPM_CONTROLLER_RX,19,00000000000000000600000140254012
4009735.625,3207776,UPM_CONTROLLER_RX,19,00000000000000000600000140254012
4009739.375,3207779,UPM_CONTROLLER_RX,19,00000000000000000600000140254012
4009743.125,3207782,UPM_CONTROLLER_RX,19,00000000000000000600000140254012
4009746.875,3207785,UPM_CONTROLLER_RX,19,00000000000000000600000140254012
4009750.625,3207788,UPM_CONTROLLER_RX,19,00000000000000000600000140254012
4009754.375,3207791,UPM_CONTROLLER_RX,19,00000000000000000600000140254012
4009758.125,3207794,UPM_CONTROLLER_RX,19,00000000000000000600000140254012
4009760.625,3207796,UPM_TX,0,00000000000000000200010040244012
4009761.875,3207797,UPM_CONTROLLER_RX,19,00000000000000000600000140254012
4009765.625,3207800,UPM_CONTROLLER_RX,19,00000000000000000600000140254012
4009769.375,3207803,UPM_CONTROLLER_RX,19,00000000000000000600000140254012
4009773.125,3207806,UPM_CONTROLLER_RX,19,00000000000000000600000140254012
4009776.875,3207809,UPM_CONTROLLER_RX,19,00000000000000000600000140254012
4009780.625,3207812,UPM_CONTROLLER_RX,19,00000000000000000600000140254012
4009784.375,3207815,UPM_CONTROLLER_RX,19,00000000000000000600000140254012
4009788.125,3207818,UPM_CONTROLLER_RX,19,00000000000000000600000140254012
4009791.875,3207821,UPM_CONTROLLER_RX,19,00000000000000000600000140254012
4009795.625,3207824,UPM_CONTROLLER_RX,19,00000000000000000600000140254012
4009799.375,3207827,UPM_CONTROLLER_RX,19,00000000000000000600000140254012
4009803.125,3207830,UPM_CONTROLLER_RX,19,00000000000000000600000140254012
4009806.875,3207833,UPM_CONTROLLER_RX,19,00000000000000000600000140254012
4009810.625,3207836,UPM_CONTROLLER_RX,19,00000000000000000600000140254012
4009814.375,3207839,UPM_CONTROLLER_RX,19,00000000000000000600000140254012
4009818.125,3207842,UPM_CONTROLLER_RX,19,00000000000000000600000140254012
4009821.875,3207845,UPM_CONTROLLER_RX,19,00000000000000000600000140254012
4009825.625,3207848,UPM_CONTROLLER_RX,19,00000000000000000600000140254012
4009829.375,3207851,UPM_CONTROLLER_RX,19,00000000000000000600000140254012
4009833.125,3207854,UPM_CONTROLLER_RX,19,00000000000000000600000140254012
4009836.875,3207857,UPM_CONTROLLER_RX,19,00000000000000000600000140254012
4009840.625,3207860,UPM_CONTROLLER_RX,19,00000000000000000600000140254012
4009844.375,3207863,UPM_CONTROLLER_RX,19,00000000000000000600000140254012
4009848.125,3207866,UPM_CONTROLLER_RX,19,00000000000000000600000140254012
4009851.875,3207869,UPM_CONTROLLER_RX,19,00000000000000000600000140254012
4009855.625,3207872,UPM_CONTROLLER_RX,19,00000000000000000600000140254012
4009859.375,3207875,UPM_CONTROLLER_RX,19,00000000000000000600000140254012
4009863.125,3207878,UPM_CONTROLLER_RX,19,00000000000000000600000140254012
4009866.875,3207881,UPM_CONTROLLER_RX,19,00000000000000000600000140254012
4009870.625,3207884,UPM_CONTROLLER_RX,19,00000000000000000600000140254012
4009874.375,3207887,UPM_CONTROLLER_RX,19,00000000000000000600000140254012
4009878.125,3207890,UPM_CONTROLLER_RX,19,00000000000000000600000140254012
4009881.875,3207893,UPM_TX,0,00000000000000000200010040244012
4009881.875,3207893,UPM_CONTROLLER_RX,19,00000000000000000600000140254012
4009885.625,3207896,UPM_CONTROLLER_RX,19,00000000000000000600000140254012
4009889.375,3207899,UPM_CONTROLLER_RX,19,00000000000000000600000140254012
4009893.125,3207902,UPM_CONTROLLER_RX,19,00000000000000000600000140254012
4009896.875,3207905,UPM_CONTROLLER_RX,19,00000000000000000600000140254012
4009900.625,3207908,UPM_CONTROLLER_RX,19,00000000000000000600000140254012
4009904.375,3207911,UPM_CONTROLLER_RX,19,00000000000000000600000140254012
4009908.125,3207914,UPM_CONTROLLER_RX,19,00000000000000000600000140254012
4009911.875,3207917,UPM_CONTROLLER_RX,19,00000000000000000600000140254012
4009915.625,3207920,UPM_CONTROLLER_RX,19,00000000000000000600000140254012
4009919.375,3207923,UPM_CONTROLLER_RX,19,00000000000000000600000140254012
4009923.125,3207926,UPM_CONTROLLER_RX,19,00000000000000000600000140254012
4009926.875,3207929,UPM_CONTROLLER_RX,19,00000000000000000600000140254012
4009930.625,3207932,UPM_CONTROLLER_RX,19,00000000000000000600000140254012
4009934.375,3207935,UPM_CONTROLLER_RX,19,00000000000000000600000140254012
4009938.125,3207938,UPM_CONTROLLER_RX,19,00000000000000000600000140254012
4009941.875,3207941,UPM_CONTROLLER_RX,19,00000000000000000600000140254012
4009945.625,3207944,UPM_CONTROLLER_RX,19,00000000000000000600000140254012
4009949.375,3207947,UPM_CONTROLLER_RX,19,00000000000000000600000140254012
4009953.125,3207950,UPM_CONTROLLER_RX,19,00000000000000000600000140254012
4009956.875,3207953,UPM_CONTROLLER_RX,19,00000000000000000600000140254012
4009960.625,3207956,UPM_CONTROLLER_RX,19,00000000000000000600000140254012
4009964.375,3207959,UPM_CONTROLLER_RX,19,00000000000000000600000140254012
4009968.125,3207962,UPM_CONTROLLER_RX,19,00000000000000000600000140254012
4009971.875,3207965,UPM_CONTROLLER_RX,19,00000000000000000600000140254012
4009975.625,3207968,UPM_CONTROLLER_RX,19,00000000000000000600000140254012
4009979.375,3207971,UPM_CONTROLLER_RX,19,00000000000000000600000140254012
4009983.125,3207974,UPM_CONTROLLER_RX,19,00000000000000000600000140254012
4009986.875,3207977,UPM_CONTROLLER_RX,19,00000000000000000600000140254012
4009990.625,3207980,UPM_CONTROLLER_RX,19,00000000000000000600000140254012
4009994.375,3207983,UPM_CONTROLLER_RX,19,00000000000000000600000140254012
4009998.125,3207986,UPM_CONTROLLER_RX,19,00000000000000000600000140254012
4010001.875,3207989,UPM_CONTROLLER_RX,19,00000000000000000600000140254012
4010003.125,3207990,UPM_TX,0,00000000000000000200010040244012
4010005.625,3207992,UPM_CONTROLLER_RX,19,00000000000000000600000140254012
4010009.375,3207995,UPM_CONTROLLER_RX,19,00000000000000000600000140254012
4010013.125,3207998,UPM_CONTROLLER_RX,19,00000000000000000600000140254012
4010016.875,3208001,UPM_CONTROLLER_RX,19,00000000000000000600000140254012
4010020.625,3208004,UPM_CONTROLLER_RX,19,00000000000000000600000140254012
4010024.375,3208007,UPM_CONTROLLER_RX,19,00000000000000000600000140254012
4010028.125,3208010,UPM_CONTROLLER_RX,19,00000000000000000600000140254012
4010031.875,3208013,UPM_CONTROLLER_RX,19,00000000000000000600000140254012
4010035.625,3208016,UPM_CONTROLLER_RX,19,00000000000000000600000140254012
4010039.375,3208019,UPM_CONTROLLER_RX,19,00000000000000000600000140254012
4010043.125,3208022,UPM_CONTROLLER_RX,19,00000000000000000600000140254012
4010046.875,3208025,UPM_CONTROLLER_RX,19,00000000000000000600000140254012
4010050.625,3208028,UPM_CONTROLLER_RX,19,00000000000000000600000140254012
4010054.375,3208031,UPM_CONTROLLER_RX,19,00000000000000000600000140254012
4010058.125,3208034,UPM_CONTROLLER_RX,19,00000000000000000600000140254012
4010061.875,3208037,UPM_CONTROLLER_RX,19,00000000000000000600000140254012
4010065.625,3208040,UPM_CONTROLLER_RX,19,00000000000000000600000140254012
4010069.375,3208043,UPM_CONTROLLER_RX,19,00000000000000000600000140254012
4010073.125,3208046,UPM_CONTROLLER_RX,19,00000000000000000600000140254012
4010076.875,3208049,UPM_CONTROLLER_RX,19,00000000000000000600000140254012
4010080.625,3208052,UPM_CONTROLLER_RX,19,00000000000000000600000140254012
4010084.375,3208055,UPM_CONTROLLER_RX,19,00000000000000000600000140254012
4010088.125,3208058,UPM_CONTROLLER_RX,19,00000000000000000600000140254012
4010091.875,3208061,UPM_CONTROLLER_RX,19,00000000000000000600000140254012
4010095.625,3208064,UPM_CONTROLLER_RX,19,00000000000000000600000140254012
4010099.375,3208067,UPM_CONTROLLER_RX,19,00000000000000000600000140254012
4010103.125,3208070,UPM_CONTROLLER_RX,19,00000000000000000600000140254012
4010106.875,3208073,UPM_CONTROLLER_RX,19,00000000000000000600000140254012
4010110.625,3208076,UPM_CONTROLLER_RX,19,00000000000000000600000140254012
4010114.375,3208079,UPM_CONTROLLER_RX,19,00000000000000000600000140254012
4010118.125,3208082,UPM_CONTROLLER_RX,19,00000000000000000600000140254012
4010121.875,3208085,UPM_CONTROLLER_RX,19,00000000000000000600000140254012
4010124.375,3208087,UPM_TX,0,00000000000000000200010040244012
4010125.625,3208088,UPM_CONTROLLER_RX,19,00000000000000000600000140254012
4010129.375,3208091,UPM_CONTROLLER_RX,19,00000000000000000600000140254012
4010133.125,3208094,UPM_CONTROLLER_RX,19,00000000000000000600000140254012
4010136.875,3208097,UPM_CONTROLLER_RX,19,00000000000000000600000140254012
4010140.625,3208100,UPM_CONTROLLER_RX,19,00000000000000000600000140254012
4010144.375,3208103,UPM_CONTROLLER_RX,19,00000000000000000600000140254012
4010148.125,3208106,UPM_CONTROLLER_RX,19,00000000000000000600000140254012
4010151.875,3208109,UPM_CONTROLLER_RX,19,00000000000000000600000140254012
4010155.625,3208112,UPM_CONTROLLER_RX,19,00000000000000000600000140254012
4010159.375,3208115,UPM_CONTROLLER_RX,19,00000000000000000600000140254012
4010163.125,3208118,UPM_CONTROLLER_RX,19,00000000000000000600000140254012
4010166.875,3208121,UPM_CONTROLLER_RX,19,00000000000000000600000140254012
4010170.625,3208124,UPM_CONTROLLER_RX,19,00000000000000000600000140254012
4010174.375,3208127,UPM_CONTROLLER_RX,19,00000000000000000600000140254012
4010178.125,3208130,UPM_CONTROLLER_RX,19,00000000000000000600000140254012
4010181.875,3208133,UPM_CONTROLLER_RX,19,00000000000000000600000140254012
4010185.625,3208136,UPM_CONTROLLER_RX,19,00000000000000000600000140254012
4010189.375,3208139,UPM_CONTROLLER_RX,19,00000000000000000600000140254012
4010193.125,3208142,UPM_CONTROLLER_RX,19,00000000000000000600000140254012
4010196.875,3208145,UPM_CONTROLLER_RX,19,00000000000000000600000140254012
4010200.625,3208148,UPM_CONTROLLER_RX,19,00000000000000000600000140254012
4010204.375,3208151,UPM_CONTROLLER_RX,19,00000000000000000600000140254012
4010208.125,3208154,UPM_CONTROLLER_RX,19,00000000000000000600000140254012
4010211.875,3208157,UPM_CONTROLLER_RX,19,00000000000000000600000140254012
4010215.625,3208160,UPM_CONTROLLER_RX,19,00000000000000000600000140254012
4010219.375,3208163,UPM_CONTROLLER_RX,19,00000000000000000600000140254012
4010223.125,3208166,UPM_CONTROLLER_RX,19,00000000000000000600000140254012
4010226.875,3208169,UPM_CONTROLLER_RX,19,00000000000000000600000140254012
4010230.625,3208172,UPM_CONTROLLER_RX,19,00000000000000000600000140254012
4010234.375,3208175,UPM_CONTROLLER_RX,19,00000000000000000600000140254012
4010238.125,3208178,UPM_CONTROLLER_RX,19,00000000000000000600000140254012
4010241.875,3208181,UPM_CONTROLLER_RX,19,00000000000000000600000140254012
4010245.625,3208184,UPM_TX,0,00000000000000000200010040244012
4010245.625,3208184,UPM_CONTROLLER_RX,19,00000000000000000600000140254012
4010249.375,3208187,UPM_CONTROLLER_RX,19,00000000000000000600000140254012
4010253.125,3208190,UPM_CONTROLLER_RX,19,00000000000000000600000140254012
4010256.875,3208193,UPM_CONTROLLER_RX,19,00000000000000000600000140254012
4010260.625,3208196,UPM_CONTROLLER_RX,19,00000000000000000600000140254012
4010264.375,3208199,UPM_CONTROLLER_RX,19,00000000000000000600000140254012
4010268.125,3208202,UPM_CONTROLLER_RX,19,00000000000000000600000140254012
4010271.875,3208205,UPM_CONTROLLER_RX,19,00000000000000000600000140254012
4010275.625,3208208,UPM_CONTROLLER_RX,19,00000000000000000600000140254012
4010279.375,3208211,UPM_CONTROLLER_RX,19,00000000000000000600000140254012
4010283.125,3208214,UPM_CONTROLLER_RX,19,00000000000000000600000140254012
4010286.875,3208217,UPM_CONTROLLER_RX,19,00000000000000000600000140254012
4010290.625,3208220,UPM_CONTROLLER_RX,19,00000000000000000600000140254012
4010294.375,3208223,UPM_CONTROLLER_RX,19,00000000000000000600000140254012
4010298.125,3208226,UPM_CONTROLLER_RX,19,00000000000000000600000140254012
4010301.875,3208229,UPM_CONTROLLER_RX,19,00000000000000000600000140254012
4010305.625,3208232,UPM_CONTROLLER_RX,19,00000000000000000600000140254012
4010309.375,3208235,UPM_CONTROLLER_RX,19,00000000000000000600000140254012
4010313.125,3208238,UPM_CONTROLLER_RX,19,00000000000000000600000140254012
4010316.875,3208241,UPM_CONTROLLER_RX,19,00000000000000000600000140254012
4010320.625,3208244,UPM_CONTROLLER_RX,19,00000000000000000600000140254012
4010324.375,3208247,UPM_CONTROLLER_RX,19,00000000000000000600000140254012
4010328.125,3208250,UPM_CONTROLLER_RX,19,00000000000000000600000140254012
4010331.875,3208253,UPM_CONTROLLER_RX,19,00000000000000000600000140254012
4010335.625,3208256,UPM_CONTROLLER_RX,19,00000000000000000600000140254012
4010339.375,3208259,UPM_CONTROLLER_RX,19,00000000000000000600000140254012
4010343.125,3208262,UPM_CONTROLLER_RX,19,00000000000000000600000140254012
4010346.875,3208265,UPM_CONTROLLER_RX,19,00000000000000000600000140254012
4010350.625,3208268,UPM_CONTROLLER_RX,19,00000000000000000600000140254012
4010354.375,3208271,UPM_CONTROLLER_RX,19,00000000000000000600000140254012
4010358.125,3208274,UPM_CONTROLLER_RX,19,00000000000000000600000140254012
4010361.875,3208277,UPM_CONTROLLER_RX,19,00000000000000000600000140254012
4010365.625,3208280,UPM_CONTROLLER_RX,19,00000000000000000600000140254012
4010366.875,3208281,UPM_TX,0,00000000000000000200010040244012
4010369.375,3208283,UPM_CONTROLLER_RX,19,00000000000000000600000140254012
4010373.125,3208286,UPM_CONTROLLER_RX,19,00000000000000000600000140254012
4010376.875,3208289,UPM_CONTROLLER_RX,19,00000000000000000600000140254012
4010380.625,3208292,UPM_CONTROLLER_RX,19,00000000000000000600000140254012
4010384.375,3208295,UPM_CONTROLLER_RX,19,00000000000000000600000140254012
4010388.125,3208298,UPM_CONTROLLER_RX,19,00000000000000000600000140254012
4010391.875,3208301,UPM_CONTROLLER_RX,19,00000000000000000600000140254012
4010395.625,3208304,UPM_CONTROLLER_RX,19,00000000000000000600000140254012
4010399.375,3208307,UPM_CONTROLLER_RX,19,00000000000000000600000140254012
4010403.125,3208310,UPM_CONTROLLER_RX,19,00000000000000000600000140254012
4010406.875,3208313,UPM_CONTROLLER_RX,19,00000000000000000600000140254012
4010410.625,3208316,UPM_CONTROLLER_RX,19,00000000000000000600000140254012
4010414.375,3208319,UPM_CONTROLLER_RX,19,00000000000000000600000140254012
4010418.125,3208322,UPM_CONTROLLER_RX,19,00000000000000000600000140254012
4010421.875,3208325,UPM_CONTROLLER_RX,19,00000000000000000600000140254012
4010425.625,3208328,UPM_CONTROLLER_RX,19,00000000000000000600000140254012
4010429.375,3208331,UPM_CONTROLLER_RX,19,00000000000000000600000140254012
4010433.125,3208334,UPM_CONTROLLER_RX,19,00000000000000000600000140254012
4010436.875,3208337,UPM_CONTROLLER_RX,19,00000000000000000600000140254012
4010440.625,3208340,UPM_CONTROLLER_RX,19,00000000000000000600000140254012
4010444.375,3208343,UPM_CONTROLLER_RX,19,00000000000000000600000140254012
4010448.125,3208346,UPM_CONTROLLER_RX,19,00000000000000000600000140254012
4010451.875,3208349,UPM_CONTROLLER_RX,19,00000000000000000600000140254012
4010455.625,3208352,UPM_CONTROLLER_RX,19,00000000000000000600000140254012
4010459.375,3208355,UPM_CONTROLLER_RX,19,00000000000000000600000140254012
4010463.125,3208358,UPM_CONTROLLER_RX,19,00000000000000000600000140254012
4010466.875,3208361,UPM_CONTROLLER_RX,19,00000000000000000600000140254012
4010470.625,3208364,UPM_CONTROLLER_RX,19,00000000000000000600000140254012
4010474.375,3208367,UPM_CONTROLLER_RX,19,00000000000000000600000140254012
4010478.125,3208370,UPM_CONTROLLER_RX,19,00000000000000000600000140254012
4010481.875,3208373,UPM_CONTROLLER_RX,19,00000000000000000600000140254012
4010485.625,3208376,UPM_CONTROLLER_RX,19,00000000000000000600000140254012
4010488.125,3208378,UPM_TX,0,00000000000000000200010040244012
4010489.375,3208379,UPM_CONTROLLER_RX,19,00000000000000000600000140254012
4010493.125,3208382,UPM_CONTROLLER_RX,19,00000000000000000600000140254012
4010496.875,3208385,UPM_CONTROLLER_RX,19,00000000000000000600000140254012
4010500.625,3208388,UPM_CONTROLLER_RX,19,00000000000000000600000140254012
4010504.375,3208391,UPM_CONTROLLER_RX,19,00000000000000000600000140254012
4010508.125,3208394,UPM_CONTROLLER_RX,19,00000000000000000600000140254012
4010511.875,3208397,UPM_CONTROLLER_RX,19,00000000000000000600000140254012
4010515.625,3208400,UPM_CONTROLLER_RX,19,00000000000000000600000140254012
4010519.375,3208403,UPM_CONTROLLER_RX,19,00000000000000000600000140254012
4010523.125,3208406,UPM_CONTROLLER_RX,19,00000000000000000600000140254012
4010526.875,3208409,UPM_CONTROLLER_RX,19,00000000000000000600000140254012
4010530.625,3208412,UPM_CONTROLLER_RX,19,00000000000000000600000140254012
4010534.375,3208415,UPM_CONTROLLER_RX,19,00000000000000000600000140254012
4010538.125,3208418,UPM_CONTROLLER_RX,19,00000000000000000600000140254012
4010541.875,3208421,UPM_CONTROLLER_RX,19,00000000000000000600000140254012
4010545.625,3208424,UPM_CONTROLLER_RX,19,00000000000000000600000140254012
4010549.375,3208427,UPM_CONTROLLER_RX,19,00000000000000000600000140254012
4010553.125,3208430,UPM_CONTROLLER_RX,19,00000000000000000600000140254012
4010556.875,3208433,UPM_CONTROLLER_RX,19,00000000000000000600000140254012
4010560.625,3208436,UPM_CONTROLLER_RX,19,00000000000000000600000140254012
4010564.375,3208439,UPM_CONTROLLER_RX,19,00000000000000000600000140254012
4010568.125,3208442,UPM_CONTROLLER_RX,19,00000000000000000600000140254012
4010571.875,3208445,UPM_CONTROLLER_RX,19,00000000000000000600000140254012
4010575.625,3208448,UPM_CONTROLLER_RX,19,00000000000000000600000140254012
4010579.375,3208451,UPM_CONTROLLER_RX,19,00000000000000000600000140254012
4010583.125,3208454,UPM_CONTROLLER_RX,19,00000000000000000600000140254012
4010586.875,3208457,UPM_CONTROLLER_RX,19,00000000000000000600000140254012
4010590.625,3208460,UPM_CONTROLLER_RX,19,00000000000000000600000140254012
4010594.375,3208463,UPM_CONTROLLER_RX,19,00000000000000000600000140254012
4010598.125,3208466,UPM_CONTROLLER_RX,19,00000000000000000600000140254012
4010601.875,3208469,UPM_CONTROLLER_RX,19,00000000000000000600000140254012
4010605.625,3208472,UPM_CONTROLLER_RX,19,00000000000000000600000140254012
4010609.375,3208475,UPM_TX,0,00000000000000000200010040244012
4010609.375,3208475,UPM_CONTROLLER_RX,19,00000000000000000600000140254012
4010613.125,3208478,UPM_CONTROLLER_RX,19,00000000000000000600000140254012
4010616.875,3208481,UPM_CONTROLLER_RX,19,00000000000000000600000140254012
4010620.625,3208484,UPM_CONTROLLER_RX,19,00000000000000000600000140254012
4010624.375,3208487,UPM_CONTROLLER_RX,19,00000000000000000600000140254012
4010628.125,3208490,UPM_CONTROLLER_RX,19,00000000000000000600000140254012
4010631.875,3208493,UPM_CONTROLLER_RX,19,00000000000000000600000140254012
4010635.625,3208496,UPM_CONTROLLER_RX,19,00000000000000000600000140254012
4010639.375,3208499,UPM_CONTROLLER_RX,19,00000000000000000600000140254012
4010643.125,3208502,UPM_CONTROLLER_RX,19,00000000000000000600000140254012
4010646.875,3208505,UPM_CONTROLLER_RX,19,00000000000000000600000140254012
4010650.625,3208508,UPM_CONTROLLER_RX,19,00000000000000000600000140254012
4010654.375,3208511,UPM_CONTROLLER_RX,19,00000000000000000600000140254012
4010658.125,3208514,UPM_CONTROLLER_RX,19,00000000000000000600000140254012
4010661.875,3208517,UPM_CONTROLLER_RX,19,00000000000000000600000140254012
4010665.625,3208520,UPM_CONTROLLER_RX,19,00000000000000000600000140254012
4010669.375,3208523,UPM_CONTROLLER_RX,19,00000000000000000600000140254012
4010673.125,3208526,UPM_CONTROLLER_RX,19,00000000000000000600000140254012
4010676.875,3208529,UPM_CONTROLLER_RX,19,00000000000000000600000140254012
4010680.625,3208532,UPM_CONTROLLER_RX,19,00000000000000000600000140254012
4010684.375,3208535,UPM_CONTROLLER_RX,19,00000000000000000600000140254012
4010688.125,3208538,UPM_CONTROLLER_RX,19,00000000000000000600000140254012
4010691.875,3208541,UPM_CONTROLLER_RX,19,00000000000000000600000140254012
4010695.625,3208544,UPM_CONTROLLER_RX,19,00000000000000000600000140254012
4010699.375,3208547,UPM_CONTROLLER_RX,19,00000000000000000600000140254012
4010703.125,3208550,UPM_CONTROLLER_RX,19,00000000000000000600000140254012
4010706.875,3208553,UPM_CONTROLLER_RX,19,00000000000000000600000140254012
4010710.625,3208556,UPM_CONTROLLER_RX,19,00000000000000000600000140254012
4010714.375,3208559,UPM_CONTROLLER_RX,19,00000000000000000600000140254012
4010718.125,3208562,UPM_CONTROLLER_RX,19,00000000000000000600000140254012
4010721.875,3208565,UPM_CONTROLLER_RX,19,00000000000000000600000140254012
4010725.625,3208568,UPM_CONTROLLER_RX,19,00000000000000000600000140254012
4010729.375,3208571,UPM_CONTROLLER_RX,19,00000000000000000600000140254012
4010730.625,3208572,UPM_TX,0,00000000000000000200010040244012
4010733.125,3208574,UPM_CONTROLLER_RX,19,00000000000000000600000140254012
4010736.875,3208577,UPM_CONTROLLER_RX,19,00000000000000000600000140254012
4010740.625,3208580,UPM_CONTROLLER_RX,19,00000000000000000600000140254012
4010744.375,3208583,UPM_CONTROLLER_RX,19,00000000000000000600000140254012
4010748.125,3208586,UPM_CONTROLLER_RX,19,00000000000000000600000140254012
4010751.875,3208589,UPM_CONTROLLER_RX,19,00000000000000000600000140254012
4010755.625,3208592,UPM_CONTROLLER_RX,19,00000000000000000600000140254012
4010759.375,3208595,UPM_CONTROLLER_RX,19,00000000000000000600000140254012
4010763.125,3208598,UPM_CONTROLLER_RX,19,00000000000000000600000140254012
4010766.875,3208601,UPM_CONTROLLER_RX,19,00000000000000000600000140254012
4010770.625,3208604,UPM_CONTROLLER_RX,19,00000000000000000600000140254012
4010774.375,3208607,UPM_CONTROLLER_RX,19,00000000000000000600000140254012
4010778.125,3208610,UPM_CONTROLLER_RX,19,00000000000000000600000140254012
4010781.875,3208613,UPM_CONTROLLER_RX,19,00000000000000000600000140254012
4010785.625,3208616,UPM_CONTROLLER_RX,19,00000000000000000600000140254012
4010789.375,3208619,UPM_CONTROLLER_RX,19,00000000000000000600000140254012
4010793.125,3208622,UPM_CONTROLLER_RX,19,00000000000000000600000140254012
4010796.875,3208625,UPM_CONTROLLER_RX,19,00000000000000000600000140254012
4010800.625,3208628,UPM_CONTROLLER_RX,19,00000000000000000600000140254012
4010804.375,3208631,UPM_CONTROLLER_RX,19,00000000000000000600000140254012
4010808.125,3208634,UPM_CONTROLLER_RX,19,00000000000000000600000140254012
4010811.875,3208637,UPM_CONTROLLER_RX,19,00000000000000000600000140254012
4010815.625,3208640,UPM_CONTROLLER_RX,19,00000000000000000600000140254012
4010819.375,3208643,UPM_CONTROLLER_RX,19,00000000000000000600000140254012
4010823.125,3208646,UPM_CONTROLLER_RX,19,00000000000000000600000140254012
4010826.875,3208649,UPM_CONTROLLER_RX,19,00000000000000000600000140254012
4010830.625,3208652,UPM_CONTROLLER_RX,19,00000000000000000600000140254012
4010834.375,3208655,UPM_CONTROLLER_RX,19,00000000000000000600000140254012
4010838.125,3208658,UPM_CONTROLLER_RX,19,00000000000000000600000140254012
4010841.875,3208661,UPM_CONTROLLER_RX,19,00000000000000000600000140254012
4010845.625,3208664,UPM_CONTROLLER_RX,19,00000000000000000600000140254012
4010849.375,3208667,UPM_CONTROLLER_RX,19,00000000000000000600000140254012
4010851.875,3208669,UPM_TX,0,00000000000000000200010040244012
4010853.125,3208670,UPM_CONTROLLER_RX,19,00000000000000000600000140254012
4010856.875,3208673,UPM_CONTROLLER_RX,19,00000000000000000600000140254012
4010860.625,3208676,UPM_CONTROLLER_RX,19,00000000000000000600000140254012
4010864.375,3208679,UPM_CONTROLLER_RX,19,00000000000000000600000140254012
4010868.125,3208682,UPM_CONTROLLER_RX,19,00000000000000000600000140254012
4010871.875,3208685,UPM_CONTROLLER_RX,19,00000000000000000600000140254012
4010875.625,3208688,UPM_CONTROLLER_RX,19,00000000000000000600000140254012
4010879.375,3208691,UPM_CONTROLLER_RX,19,00000000000000000600000140254012
4010883.125,3208694,UPM_CONTROLLER_RX,19,00000000000000000600000140254012
4010886.875,3208697,UPM_CONTROLLER_RX,19,00000000000000000600000140254012
4010890.625,3208700,UPM_CONTROLLER_RX,19,00000000000000000600000140254012
4010894.375,3208703,UPM_CONTROLLER_RX,19,00000000000000000600000140254012
4010898.125,3208706,UPM_CONTROLLER_RX,19,00000000000000000600000140254012
4010901.875,3208709,UPM_CONTROLLER_RX,19,00000000000000000600000140254012
4010905.625,3208712,UPM_CONTROLLER_RX,19,00000000000000000600000140254012
4010909.375,3208715,UPM_CONTROLLER_RX,19,00000000000000000600000140254012
4010913.125,3208718,UPM_CONTROLLER_RX,19,00000000000000000600000140254012
4010916.875,3208721,UPM_CONTROLLER_RX,19,00000000000000000600000140254012
4010920.625,3208724,UPM_CONTROLLER_RX,19,00000000000000000600000140254012
4010924.375,3208727,UPM_CONTROLLER_RX,19,00000000000000000600000140254012
4010928.125,3208730,UPM_CONTROLLER_RX,19,00000000000000000600000140254012
4010931.875,3208733,UPM_CONTROLLER_RX,19,00000000000000000600000140254012
4010935.625,3208736,UPM_CONTROLLER_RX,19,00000000000000000600000140254012
4010939.375,3208739,UPM_CONTROLLER_RX,19,00000000000000000600000140254012
4010943.125,3208742,UPM_CONTROLLER_RX,19,00000000000000000600000140254012
4010946.875,3208745,UPM_CONTROLLER_RX,19,00000000000000000600000140254012
4010950.625,3208748,UPM_CONTROLLER_RX,19,00000000000000000600000140254012
4010954.375,3208751,UPM_CONTROLLER_RX,19,00000000000000000600000140254012
4010958.125,3208754,UPM_CONTROLLER_RX,19,00000000000000000600000140254012
4010961.875,3208757,UPM_CONTROLLER_RX,19,00000000000000000600000140254012
4010965.625,3208760,UPM_CONTROLLER_RX,19,00000000000000000600000140254012
4010969.375,3208763,UPM_CONTROLLER_RX,19,00000000000000000600000140254012
4010973.125,3208766,UPM_TX,0,00000000000000000200010040244012
4010973.125,3208766,UPM_CONTROLLER_RX,19,00000000000000000600000140254012
4010976.875,3208769,UPM_CONTROLLER_RX,19,00000000000000000600000140254012
4010980.625,3208772,UPM_CONTROLLER_RX,19,00000000000000000600000140254012
4010984.375,3208775,UPM_CONTROLLER_RX,19,00000000000000000600000140254012
4010988.125,3208778,UPM_CONTROLLER_RX,19,00000000000000000600000140254012
4010991.875,3208781,UPM_CONTROLLER_RX,19,00000000000000000600000140254012
4010995.625,3208784,UPM_CONTROLLER_RX,19,00000000000000000600000140254012
4010999.375,3208787,UPM_CONTROLLER_RX,19,00000000000000000600000140254012
4011003.125,3208790,UPM_CONTROLLER_RX,19,00000000000000000600000140254012
4011006.875,3208793,UPM_CONTROLLER_RX,19,00000000000000000600000140254012
4011010.625,3208796,UPM_CONTROLLER_RX,19,00000000000000000600000140254012
4011014.375,3208799,UPM_CONTROLLER_RX,19,00000000000000000600000140254012
4011018.125,3208802,UPM_CONTROLLER_RX,19,00000000000000000600000140254012
4011021.875,3208805,UPM_CONTROLLER_RX,19,00000000000000000600000140254012
4011025.625,3208808,UPM_CONTROLLER_RX,19,00000000000000000600000140254012
4011029.375,3208811,UPM_CONTROLLER_RX,19,00000000000000000600000140254012
4011033.125,3208814,UPM_CONTROLLER_RX,19,00000000000000000600000140254012
4011036.875,3208817,UPM_CONTROLLER_RX,19,00000000000000000600000140254012
4011040.625,3208820,UPM_CONTROLLER_RX,19,00000000000000000600000140254012
4011044.375,3208823,UPM_CONTROLLER_RX,19,00000000000000000600000140254012
4011048.125,3208826,UPM_CONTROLLER_RX,19,00000000000000000600000140254012
4011051.875,3208829,UPM_CONTROLLER_RX,19,00000000000000000600000140254012
4011055.625,3208832,UPM_CONTROLLER_RX,19,00000000000000000600000140254012
4011059.375,3208835,UPM_CONTROLLER_RX,19,00000000000000000600000140254012
4011063.125,3208838,UPM_CONTROLLER_RX,19,00000000000000000600000140254012
4011066.875,3208841,UPM_CONTROLLER_RX,19,00000000000000000600000140254012
4011070.625,3208844,UPM_CONTROLLER_RX,19,00000000000000000600000140254012
4011074.375,3208847,UPM_CONTROLLER_RX,19,00000000000000000600000140254012
4011078.125,3208850,UPM_CONTROLLER_RX,19,00000000000000000600000140254012
4011081.875,3208853,UPM_CONTROLLER_RX,19,00000000000000000600000140254012
4011085.625,3208856,UPM_CONTROLLER_RX,19,00000000000000000600000140254012
4011089.375,3208859,UPM_CONTROLLER_RX,19,00000000000000000600000140254012
4011093.125,3208862,UPM_CONTROLLER_RX,19,00000000000000000600000140254012
4011094.375,3208863,UPM_TX,0,00000000000000000200010040244012
4011096.875,3208865,UPM_CONTROLLER_RX,19,00000000000000000600000140254012
4011100.625,3208868,UPM_CONTROLLER_RX,19,00000000000000000600000140254012
4011104.375,3208871,UPM_CONTROLLER_RX,19,00000000000000000600000140254012
4011108.125,3208874,UPM_CONTROLLER_RX,19,00000000000000000600000140254012
4011111.875,3208877,UPM_CONTROLLER_RX,19,00000000000000000600000140254012
4011115.625,3208880,UPM_CONTROLLER_RX,19,00000000000000000600000140254012
4011119.375,3208883,UPM_CONTROLLER_RX,19,00000000000000000600000140254012
4011123.125,3208886,UPM_CONTROLLER_RX,19,00000000000000000600000140254012
4011126.875,3208889,UPM_CONTROLLER_RX,19,00000000000000000600000140254012
4011130.625,3208892,UPM_CONTROLLER_RX,19,00000000000000000600000140254012
4011134.375,3208895,UPM_CONTROLLER_RX,19,00000000000000000600000140254012
4011138.125,3208898,UPM_CONTROLLER_RX,19,00000000000000000600000140254012
4011141.875,3208901,UPM_CONTROLLER_RX,19,00000000000000000600000140254012
4011145.625,3208904,UPM_CONTROLLER_RX,19,00000000000000000600000140254012
4011149.375,3208907,UPM_CONTROLLER_RX,19,00000000000000000600000140254012
4011153.125,3208910,UPM_CONTROLLER_RX,19,00000000000000000600000140254012
4011156.875,3208913,UPM_CONTROLLER_RX,19,00000000000000000600000140254012
4011160.625,3208916,UPM_CONTROLLER_RX,19,00000000000000000600000140254012
4011164.375,3208919,UPM_CONTROLLER_RX,19,00000000000000000600000140254012
4011168.125,3208922,UPM_CONTROLLER_RX,19,00000000000000000600000140254012
4011171.875,3208925,UPM_CONTROLLER_RX,19,00000000000000000600000140254012
4011175.625,3208928,UPM_CONTROLLER_RX,19,00000000000000000600000140254012
4011179.375,3208931,UPM_CONTROLLER_RX,19,00000000000000000600000140254012
4011183.125,3208934,UPM_CONTROLLER_RX,19,00000000000000000600000140254012
4011186.875,3208937,UPM_CONTROLLER_RX,19,00000000000000000600000140254012
4011190.625,3208940,UPM_CONTROLLER_RX,19,00000000000000000600000140254012
4011194.375,3208943,UPM_CONTROLLER_RX,19,00000000000000000600000140254012
4011198.125,3208946,UPM_CONTROLLER_RX,19,00000000000000000600000140254012
4011201.875,3208949,UPM_CONTROLLER_RX,19,00000000000000000600000140254012
4011205.625,3208952,UPM_CONTROLLER_RX,19,00000000000000000600000140254012
4011209.375,3208955,UPM_CONTROLLER_RX,19,00000000000000000600000140254012
4011213.125,3208958,UPM_CONTROLLER_RX,19,00000000000000000600000140254012
4011215.625,3208960,UPM_TX,0,00000000000000000200010040244012
4011216.875,3208961,UPM_CONTROLLER_RX,19,00000000000000000600000140254012
4011220.625,3208964,UPM_CONTROLLER_RX,19,00000000000000000600000140254012
4011224.375,3208967,UPM_CONTROLLER_RX,19,00000000000000000600000140254012
4011228.125,3208970,UPM_CONTROLLER_RX,19,00000000000000000600000140254012
4011231.875,3208973,UPM_CONTROLLER_RX,19,00000000000000000600000140254012
4011235.625,3208976,UPM_CONTROLLER_RX,19,00000000000000000600000140254012
4011239.375,3208979,UPM_CONTROLLER_RX,19,00000000000000000600000140254012
4011243.125,3208982,UPM_CONTROLLER_RX,19,00000000000000000600000140254012
4011246.875,3208985,UPM_CONTROLLER_RX,19,00000000000000000600000140254012
4011250.625,3208988,UPM_CONTROLLER_RX,19,00000000000000000600000140254012
4011254.375,3208991,UPM_CONTROLLER_RX,19,00000000000000000600000140254012
4011258.125,3208994,UPM_CONTROLLER_RX,19,00000000000000000600000140254012
4011261.875,3208997,UPM_CONTROLLER_RX,19,00000000000000000600000140254012
4011265.625,3209000,UPM_CONTROLLER_RX,19,00000000000000000600000140254012
4011269.375,3209003,UPM_CONTROLLER_RX,19,00000000000000000600000140254012
4011273.125,3209006,UPM_CONTROLLER_RX,19,00000000000000000600000140254012
4011276.875,3209009,UPM_CONTROLLER_RX,19,00000000000000000600000140254012
4011280.625,3209012,UPM_CONTROLLER_RX,19,00000000000000000600000140254012
4011284.375,3209015,UPM_CONTROLLER_RX,19,00000000000000000600000140254012
4011288.125,3209018,UPM_CONTROLLER_RX,19,00000000000000000600000140254012
4011291.875,3209021,UPM_CONTROLLER_RX,19,00000000000000000600000140254012
4011295.625,3209024,UPM_CONTROLLER_RX,19,00000000000000000600000140254012
4011299.375,3209027,UPM_CONTROLLER_RX,19,00000000000000000600000140254012
4011303.125,3209030,UPM_CONTROLLER_RX,19,00000000000000000600000140254012
4011306.875,3209033,UPM_CONTROLLER_RX,19,00000000000000000600000140254012
4011310.625,3209036,UPM_CONTROLLER_RX,19,00000000000000000600000140254012
4011314.375,3209039,UPM_CONTROLLER_RX,19,00000000000000000600000140254012
4011318.125,3209042,UPM_CONTROLLER_RX,19,00000000000000000600000140254012
4011321.875,3209045,UPM_CONTROLLER_RX,19,00000000000000000600000140254012
4011325.625,3209048,UPM_CONTROLLER_RX,19,00000000000000000600000140254012
4011329.375,3209051,UPM_CONTROLLER_RX,19,00000000000000000600000140254012
4011333.125,3209054,UPM_CONTROLLER_RX,19,00000000000000000600000140254012
4011336.875,3209057,UPM_TX,0,00000000000000000200010040244012
4011336.875,3209057,UPM_CONTROLLER_RX,19,00000000000000000600000140254012
4011340.625,3209060,UPM_CONTROLLER_RX,19,00000000000000000600000140254012
4011344.375,3209063,UPM_CONTROLLER_RX,19,00000000000000000600000140254012
4011348.125,3209066,UPM_CONTROLLER_RX,19,00000000000000000600000140254012
4011351.875,3209069,UPM_CONTROLLER_RX,19,00000000000000000600000140254012
4011355.625,3209072,UPM_CONTROLLER_RX,19,00000000000000000600000140254012
4011359.375,3209075,UPM_CONTROLLER_RX,19,00000000000000000600000140254012
4011363.125,3209078,UPM_CONTROLLER_RX,19,00000000000000000600000140254012
4011366.875,3209081,UPM_CONTROLLER_RX,19,00000000000000000600000140254012
4011370.625,3209084,UPM_CONTROLLER_RX,19,00000000000000000600000140254012
4011374.375,3209087,UPM_CONTROLLER_RX,19,00000000000000000600000140254012
4011378.125,3209090,UPM_CONTROLLER_RX,19,00000000000000000600000140254012
4011381.875,3209093,UPM_CONTROLLER_RX,19,00000000000000000600000140254012
4011385.625,3209096,UPM_CONTROLLER_RX,19,00000000000000000600000140254012
4011389.375,3209099,UPM_CONTROLLER_RX,19,00000000000000000600000140254012
4011393.125,3209102,UPM_CONTROLLER_RX,19,00000000000000000600000140254012
4011396.875,3209105,UPM_CONTROLLER_RX,19,00000000000000000600000140254012
4011400.625,3209108,UPM_CONTROLLER_RX,19,00000000000000000600000140254012
4011404.375,3209111,UPM_CONTROLLER_RX,19,00000000000000000600000140254012
4011408.125,3209114,UPM_CONTROLLER_RX,19,00000000000000000600000140254012
4011411.875,3209117,UPM_CONTROLLER_RX,19,00000000000000000600000140254012
4011415.625,3209120,UPM_CONTROLLER_RX,19,00000000000000000600000140254012
4011419.375,3209123,UPM_CONTROLLER_RX,19,00000000000000000600000140254012
4011423.125,3209126,UPM_CONTROLLER_RX,19,00000000000000000600000140254012
4011426.875,3209129,UPM_CONTROLLER_RX,19,00000000000000000600000140254012
4011430.625,3209132,UPM_CONTROLLER_RX,19,00000000000000000600000140254012
4011434.375,3209135,UPM_CONTROLLER_RX,19,00000000000000000600000140254012
4011438.125,3209138,UPM_CONTROLLER_RX,19,00000000000000000600000140254012
4011441.875,3209141,UPM_CONTROLLER_RX,19,00000000000000000600000140254012
4011445.625,3209144,UPM_CONTROLLER_RX,19,00000000000000000600000140254012
4011449.375,3209147,UPM_CONTROLLER_RX,19,00000000000000000600000140254012
4011453.125,3209150,UPM_CONTROLLER_RX,19,00000000000000000600000140254012
4011456.875,3209153,UPM_CONTROLLER_RX,19,00000000000000000600000140254012
4011458.125,3209154,UPM_TX,0,00000000000000000200010040244012
4011460.625,3209156,UPM_CONTROLLER_RX,19,00000000000000000600000140254012
4011464.375,3209159,UPM_CONTROLLER_RX,19,00000000000000000600000140254012
4011468.125,3209162,UPM_CONTROLLER_RX,19,00000000000000000600000140254012
4011471.875,3209165,UPM_CONTROLLER_RX,19,00000000000000000600000140254012
4011475.625,3209168,UPM_CONTROLLER_RX,19,00000000000000000600000140254012
4011479.375,3209171,UPM_CONTROLLER_RX,19,00000000000000000600000140254012
4011483.125,3209174,UPM_CONTROLLER_RX,19,00000000000000000600000140254012
4011486.875,3209177,UPM_CONTROLLER_RX,19,00000000000000000600000140254012
4011490.625,3209180,UPM_CONTROLLER_RX,19,00000000000000000600000140254012
4011494.375,3209183,UPM_CONTROLLER_RX,19,00000000000000000600000140254012
4011498.125,3209186,UPM_CONTROLLER_RX,19,00000000000000000600000140254012
4011501.875,3209189,UPM_CONTROLLER_RX,19,00000000000000000600000140254012
4011505.625,3209192,UPM_CONTROLLER_RX,19,00000000000000000600000140254012
4011509.375,3209195,UPM_CONTROLLER_RX,19,00000000000000000600000140254012
4011513.125,3209198,UPM_CONTROLLER_RX,19,00000000000000000600000140254012
4011516.875,3209201,UPM_CONTROLLER_RX,19,00000000000000000600000140254012
4011520.625,3209204,UPM_CONTROLLER_RX,19,00000000000000000600000140254012
4011524.375,3209207,UPM_CONTROLLER_RX,19,00000000000000000600000140254012
4011528.125,3209210,UPM_CONTROLLER_RX,19,00000000000000000600000140254012
4011531.875,3209213,UPM_CONTROLLER_RX,19,00000000000000000600000140254012
4011535.625,3209216,UPM_CONTROLLER_RX,19,00000000000000000600000140254012
4011539.375,3209219,UPM_CONTROLLER_RX,19,00000000000000000600000140254012
4011543.125,3209222,UPM_CONTROLLER_RX,19,00000000000000000600000140254012
4011546.875,3209225,UPM_CONTROLLER_RX,19,00000000000000000600000140254012
4011550.625,3209228,UPM_CONTROLLER_RX,19,00000000000000000600000140254012
4011554.375,3209231,UPM_CONTROLLER_RX,19,00000000000000000600000140254012
4011558.125,3209234,UPM_CONTROLLER_RX,19,00000000000000000600000140254012
4011561.875,3209237,UPM_CONTROLLER_RX,19,00000000000000000600000140254012
4011565.625,3209240,UPM_CONTROLLER_RX,19,00000000000000000600000140254012
4011569.375,3209243,UPM_CONTROLLER_RX,19,00000000000000000600000140254012
4011573.125,3209246,UPM_CONTROLLER_RX,19,00000000000000000600000140254012
4011576.875,3209249,UPM_CONTROLLER_RX,19,00000000000000000600000140254012
4011579.375,3209251,UPM_TX,0,00000000000000000200010040244012
4011580.625,3209252,UPM_CONTROLLER_RX,19,00000000000000000600000140254012
4011584.375,3209255,UPM_CONTROLLER_RX,19,00000000000000000600000140254012
4011588.125,3209258,UPM_CONTROLLER_RX,19,00000000000000000600000140254012
4011591.875,3209261,UPM_CONTROLLER_RX,19,00000000000000000600000140254012
4011595.625,3209264,UPM_CONTROLLER_RX,19,00000000000000000600000140254012
4011599.375,3209267,UPM_CONTROLLER_RX,19,00000000000000000600000140254012
4011603.125,3209270,UPM_CONTROLLER_RX,19,00000000000000000600000140254012
4011606.875,3209273,UPM_CONTROLLER_RX,19,00000000000000000600000140254012
4011610.625,3209276,UPM_CONTROLLER_RX,19,00000000000000000600000140254012
4011614.375,3209279,UPM_CONTROLLER_RX,19,00000000000000000600000140254012
4011618.125,3209282,UPM_CONTROLLER_RX,19,00000000000000000600000140254012
4011621.875,3209285,UPM_CONTROLLER_RX,19,00000000000000000600000140254012
4011625.625,3209288,UPM_CONTROLLER_RX,19,00000000000000000600000140254012
4011629.375,3209291,UPM_CONTROLLER_RX,19,00000000000000000600000140254012
4011633.125,3209294,UPM_CONTROLLER_RX,19,00000000000000000600000140254012
4011636.875,3209297,UPM_CONTROLLER_RX,19,00000000000000000600000140254012
4011640.625,3209300,UPM_CONTROLLER_RX,19,00000000000000000600000140254012
4011644.375,3209303,UPM_CONTROLLER_RX,19,00000000000000000600000140254012
4011648.125,3209306,UPM_CONTROLLER_RX,19,00000000000000000600000140254012
4011651.875,3209309,UPM_CONTROLLER_RX,19,00000000000000000600000140254012
4011655.625,3209312,UPM_CONTROLLER_RX,19,00000000000000000600000140254012
4011659.375,3209315,UPM_CONTROLLER_RX,19,00000000000000000600000140254012
4011663.125,3209318,UPM_CONTROLLER_RX,19,00000000000000000600000140254012
4011666.875,3209321,UPM_CONTROLLER_RX,19,00000000000000000600000140254012
4011670.625,3209324,UPM_CONTROLLER_RX,19,00000000000000000600000140254012
4011674.375,3209327,UPM_CONTROLLER_RX,19,00000000000000000600000140254012
4011678.125,3209330,UPM_CONTROLLER_RX,19,00000000000000000600000140254012
4011681.875,3209333,UPM_CONTROLLER_RX,19,00000000000000000600000140254012
4011685.625,3209336,UPM_CONTROLLER_RX,19,00000000000000000600000140254012
4011689.375,3209339,UPM_CONTROLLER_RX,19,00000000000000000600000140254012
4011693.125,3209342,UPM_CONTROLLER_RX,19,00000000000000000600000140254012
4011696.875,3209345,UPM_CONTROLLER_RX,19,00000000000000000600000140254012
4011700.625,3209348,UPM_TX,0,00000000000000000200010040244012
4011700.625,3209348,UPM_CONTROLLER_RX,19,00000000000000000600000140254012
4011704.375,3209351,UPM_CONTROLLER_RX,19,00000000000000000600000140254012
4011708.125,3209354,UPM_CONTROLLER_RX,19,00000000000000000600000140254012
4011711.875,3209357,UPM_CONTROLLER_RX,19,00000000000000000600000140254012
4011715.625,3209360,UPM_CONTROLLER_RX,19,00000000000000000600000140254012
4011719.375,3209363,UPM_CONTROLLER_RX,19,00000000000000000600000140254012
4011723.125,3209366,UPM_CONTROLLER_RX,19,00000000000000000600000140254012
4011726.875,3209369,UPM_CONTROLLER_RX,19,00000000000000000600000140254012
4011730.625,3209372,UPM_CONTROLLER_RX,19,00000000000000000600000140254012
4011734.375,3209375,UPM_CONTROLLER_RX,19,00000000000000000600000140254012
4011738.125,3209378,UPM_CONTROLLER_RX,19,00000000000000000600000140254012
4011741.875,3209381,UPM_CONTROLLER_RX,19,00000000000000000600000140254012
4011745.625,3209384,UPM_CONTROLLER_RX,19,00000000000000000600000140254012
4011749.375,3209387,UPM_CONTROLLER_RX,19,00000000000000000600000140254012
4011753.125,3209390,UPM_CONTROLLER_RX,19,00000000000000000600000140254012
4011756.875,3209393,UPM_CONTROLLER_RX,19,00000000000000000600000140254012
4011760.625,3209396,UPM_CONTROLLER_RX,19,00000000000000000600000140254012
4011764.375,3209399,UPM_CONTROLLER_RX,19,00000000000000000600000140254012
4011768.125,3209402,UPM_CONTROLLER_RX,19,00000000000000000600000140254012
4011771.875,3209405,UPM_CONTROLLER_RX,19,00000000000000000600000140254012
4011775.625,3209408,UPM_CONTROLLER_RX,19,00000000000000000600000140254012
4011779.375,3209411,UPM_CONTROLLER_RX,19,00000000000000000600000140254012
4011783.125,3209414,UPM_CONTROLLER_RX,19,00000000000000000600000140254012
4011786.875,3209417,UPM_CONTROLLER_RX,19,00000000000000000600000140254012
4011790.625,3209420,UPM_CONTROLLER_RX,19,00000000000000000600000140254012
4011794.375,3209423,UPM_CONTROLLER_RX,19,00000000000000000600000140254012
4011798.125,3209426,UPM_CONTROLLER_RX,19,00000000000000000600000140254012
4011801.875,3209429,UPM_CONTROLLER_RX,19,00000000000000000600000140254012
4011805.625,3209432,UPM_CONTROLLER_RX,19,00000000000000000600000140254012
4011809.375,3209435,UPM_CONTROLLER_RX,19,00000000000000000600000140254012
4011813.125,3209438,UPM_CONTROLLER_RX,19,00000000000000000600000140254012
4011816.875,3209441,UPM_CONTROLLER_RX,19,00000000000000000600000140254012
4011820.625,3209444,UPM_CONTROLLER_RX,19,00000000000000000600000140254012
4011821.875,3209445,UPM_TX,0,00000000000000000200010040244012
4011824.375,3209447,UPM_CONTROLLER_RX,19,00000000000000000600000140254012
4011828.125,3209450,UPM_CONTROLLER_RX,19,00000000000000000600000140254012
4011831.875,3209453,UPM_CONTROLLER_RX,19,00000000000000000600000140254012
4011835.625,3209456,UPM_CONTROLLER_RX,19,00000000000000000600000140254012
4011839.375,3209459,UPM_CONTROLLER_RX,19,00000000000000000600000140254012
4011843.125,3209462,UPM_CONTROLLER_RX,19,00000000000000000600000140254012
4011846.875,3209465,UPM_CONTROLLER_RX,19,00000000000000000600000140254012
4011850.625,3209468,UPM_CONTROLLER_RX,19,00000000000000000600000140254012
4011854.375,3209471,UPM_CONTROLLER_RX,19,00000000000000000600000140254012
4011858.125,3209474,UPM_CONTROLLER_RX,19,00000000000000000600000140254012
4011861.875,3209477,UPM_CONTROLLER_RX,19,00000000000000000600000140254012
4011865.625,3209480,UPM_CONTROLLER_RX,19,00000000000000000600000140254012
4011869.375,3209483,UPM_CONTROLLER_RX,19,00000000000000000600000140254012
4011873.125,3209486,UPM_CONTROLLER_RX,19,00000000000000000600000140254012
4011876.875,3209489,UPM_CONTROLLER_RX,19,00000000000000000600000140254012
4011880.625,3209492,UPM_CONTROLLER_RX,19,00000000000000000600000140254012
4011884.375,3209495,UPM_CONTROLLER_RX,19,00000000000000000600000140254012
4011888.125,3209498,UPM_CONTROLLER_RX,19,00000000000000000600000140254012
4011891.875,3209501,UPM_CONTROLLER_RX,19,00000000000000000600000140254012
4011895.625,3209504,UPM_CONTROLLER_RX,19,00000000000000000600000140254012
4011899.375,3209507,UPM_CONTROLLER_RX,19,00000000000000000600000140254012
4011903.125,3209510,UPM_CONTROLLER_RX,19,00000000000000000600000140254012
4011906.875,3209513,UPM_CONTROLLER_RX,19,00000000000000000600000140254012
4011910.625,3209516,UPM_CONTROLLER_RX,19,00000000000000000600000140254012
4011914.375,3209519,UPM_CONTROLLER_RX,19,00000000000000000600000140254012
4011918.125,3209522,UPM_CONTROLLER_RX,19,00000000000000000600000140254012
4011921.875,3209525,UPM_CONTROLLER_RX,19,00000000000000000600000140254012
4011925.625,3209528,UPM_CONTROLLER_RX,19,00000000000000000600000140254012
4011929.375,3209531,UPM_CONTROLLER_RX,19,00000000000000000600000140254012
4011933.125,3209534,UPM_CONTROLLER_RX,19,00000000000000000600000140254012
4011936.875,3209537,UPM_CONTROLLER_RX,19,00000000000000000600000140254012
4011940.625,3209540,UPM_CONTROLLER_RX,19,00000000000000000600000140254012
4011943.125,3209542,UPM_TX,0,00000000000000000200010040244012
4011944.375,3209543,UPM_CONTROLLER_RX,19,00000000000000000600000140254012
4011948.125,3209546,UPM_CONTROLLER_RX,19,00000000000000000600000140254012
4011951.875,3209549,UPM_CONTROLLER_RX,19,00000000000000000600000140254012
4011955.625,3209552,UPM_CONTROLLER_RX,19,00000000000000000600000140254012
4011959.375,3209555,UPM_CONTROLLER_RX,19,00000000000000000600000140254012
4011963.125,3209558,UPM_CONTROLLER_RX,19,00000000000000000600000140254012
4011966.875,3209561,UPM_CONTROLLER_RX,19,00000000000000000600000140254012
4011970.625,3209564,UPM_CONTROLLER_RX,19,00000000000000000600000140254012
4011974.375,3209567,UPM_CONTROLLER_RX,19,00000000000000000600000140254012
4011978.125,3209570,UPM_CONTROLLER_RX,19,00000000000000000600000140254012
4011981.875,3209573,UPM_CONTROLLER_RX,19,00000000000000000600000140254012
4011985.625,3209576,UPM_CONTROLLER_RX,19,00000000000000000600000140254012
4011989.375,3209579,UPM_CONTROLLER_RX,19,00000000000000000600000140254012
4011993.125,3209582,UPM_CONTROLLER_RX,19,00000000000000000600000140254012
4011996.875,3209585,UPM_CONTROLLER_RX,19,00000000000000000600000140254012
4012000.625,3209588,UPM_CONTROLLER_RX,19,00000000000000000600000140254012
4012004.375,3209591,UPM_CONTROLLER_RX,19,00000000000000000600000140254012
4012008.125,3209594,UPM_CONTROLLER_RX,19,00000000000000000600000140254012
4012011.875,3209597,UPM_CONTROLLER_RX,19,00000000000000000600000140254012
4012015.625,3209600,UPM_CONTROLLER_RX,19,00000000000000000600000140254012
4012019.375,3209603,UPM_CONTROLLER_RX,19,00000000000000000600000140254012
4012023.125,3209606,UPM_CONTROLLER_RX,19,00000000000000000600000140254012
4012026.875,3209609,UPM_CONTROLLER_RX,19,00000000000000000600000140254012
4012030.625,3209612,UPM_CONTROLLER_RX,19,00000000000000000600000140254012
4012034.375,3209615,UPM_CONTROLLER_RX,19,00000000000000000600000140254012
4012038.125,3209618,UPM_CONTROLLER_RX,19,00000000000000000600000140254012
4012041.875,3209621,UPM_CONTROLLER_RX,19,00000000000000000600000140254012
4012045.625,3209624,UPM_CONTROLLER_RX,19,00000000000000000600000140254012
4012049.375,3209627,UPM_CONTROLLER_RX,19,00000000000000000600000140254012
4012053.125,3209630,UPM_CONTROLLER_RX,19,00000000000000000600000140254012
4012056.875,3209633,UPM_CONTROLLER_RX,19,00000000000000000600000140254012
4012060.625,3209636,UPM_CONTROLLER_RX,19,00000000000000000600000140254012
4012064.375,3209639,UPM_TX,0,00000000000000000200010040244012
4012064.375,3209639,UPM_CONTROLLER_RX,19,00000000000000000600000140254012
4012068.125,3209642,UPM_CONTROLLER_RX,19,00000000000000000600000140254012
4012071.875,3209645,UPM_CONTROLLER_RX,19,00000000000000000600000140254012
4012075.625,3209648,UPM_CONTROLLER_RX,19,00000000000000000600000140254012
4012079.375,3209651,UPM_CONTROLLER_RX,19,00000000000000000600000140254012
4012083.125,3209654,UPM_CONTROLLER_RX,19,00000000000000000600000140254012
4012086.875,3209657,UPM_CONTROLLER_RX,19,00000000000000000600000140254012
4012090.625,3209660,UPM_CONTROLLER_RX,19,00000000000000000600000140254012
4012094.375,3209663,UPM_CONTROLLER_RX,19,00000000000000000600000140254012
4012098.125,3209666,UPM_CONTROLLER_RX,19,00000000000000000600000140254012
4012101.875,3209669,UPM_CONTROLLER_RX,19,00000000000000000600000140254012
4012105.625,3209672,UPM_CONTROLLER_RX,19,00000000000000000600000140254012
4012109.375,3209675,UPM_CONTROLLER_RX,19,00000000000000000600000140254012
4012113.125,3209678,UPM_CONTROLLER_RX,19,00000000000000000600000140254012
4012116.875,3209681,UPM_CONTROLLER_RX,19,00000000000000000600000140254012
4012120.625,3209684,UPM_CONTROLLER_RX,19,00000000000000000600000140254012
4012124.375,3209687,UPM_CONTROLLER_RX,19,00000000000000000600000140254012
4012128.125,3209690,UPM_CONTROLLER_RX,19,00000000000000000600000140254012
4012131.875,3209693,UPM_CONTROLLER_RX,19,00000000000000000600000140254012
4012135.625,3209696,UPM_CONTROLLER_RX,19,00000000000000000600000140254012
4012139.375,3209699,UPM_CONTROLLER_RX,19,00000000000000000600000140254012
4012143.125,3209702,UPM_CONTROLLER_RX,19,00000000000000000600000140254012
4012146.875,3209705,UPM_CONTROLLER_RX,19,00000000000000000600000140254012
4012150.625,3209708,UPM_CONTROLLER_RX,19,00000000000000000600000140254012
4012154.375,3209711,UPM_CONTROLLER_RX,19,00000000000000000600000140254012
4012158.125,3209714,UPM_CONTROLLER_RX,19,00000000000000000600000140254012
4012161.875,3209717,UPM_CONTROLLER_RX,19,00000000000000000600000140254012
4012165.625,3209720,UPM_CONTROLLER_RX,19,00000000000000000600000140254012
4012169.375,3209723,UPM_CONTROLLER_RX,19,00000000000000000600000140254012
4012173.125,3209726,UPM_CONTROLLER_RX,19,00000000000000000600000140254012
4012176.875,3209729,UPM_CONTROLLER_RX,19,00000000000000000600000140254012
4012180.625,3209732,UPM_CONTROLLER_RX,19,00000000000000000600000140254012
4012184.375,3209735,UPM_CONTROLLER_RX,19,00000000000000000600000140254012
4012185.625,3209736,UPM_TX,0,00000000000000000200010040244012
4012188.125,3209738,UPM_CONTROLLER_RX,19,00000000000000000600000140254012
4012191.875,3209741,UPM_CONTROLLER_RX,19,00000000000000000600000140254012
4012195.625,3209744,UPM_CONTROLLER_RX,19,00000000000000000600000140254012
4012199.375,3209747,UPM_CONTROLLER_RX,19,00000000000000000600000140254012
4012203.125,3209750,UPM_CONTROLLER_RX,19,00000000000000000600000140254012
4012206.875,3209753,UPM_CONTROLLER_RX,19,00000000000000000600000140254012
4012210.625,3209756,UPM_CONTROLLER_RX,19,00000000000000000600000140254012
4012214.375,3209759,UPM_CONTROLLER_RX,19,00000000000000000600000140254012
4012218.125,3209762,UPM_CONTROLLER_RX,19,00000000000000000600000140254012
4012221.875,3209765,UPM_CONTROLLER_RX,19,00000000000000000600000140254012
4012225.625,3209768,UPM_CONTROLLER_RX,19,00000000000000000600000140254012
4012229.375,3209771,UPM_CONTROLLER_RX,19,00000000000000000600000140254012
4012233.125,3209774,UPM_CONTROLLER_RX,19,00000000000000000600000140254012
4012236.875,3209777,UPM_CONTROLLER_RX,19,00000000000000000600000140254012
4012240.625,3209780,UPM_CONTROLLER_RX,19,00000000000000000600000140254012
4012244.375,3209783,UPM_CONTROLLER_RX,19,00000000000000000600000140254012
4012248.125,3209786,UPM_CONTROLLER_RX,19,00000000000000000600000140254012
4012251.875,3209789,UPM_CONTROLLER_RX,19,00000000000000000600000140254012
4012255.625,3209792,UPM_CONTROLLER_RX,19,00000000000000000600000140254012
4012259.375,3209795,UPM_CONTROLLER_RX,19,00000000000000000600000140254012
4012263.125,3209798,UPM_CONTROLLER_RX,19,00000000000000000600000140254012
4012266.875,3209801,UPM_CONTROLLER_RX,19,00000000000000000600000140254012
4012270.625,3209804,UPM_CONTROLLER_RX,19,00000000000000000600000140254012
4012274.375,3209807,UPM_CONTROLLER_RX,19,00000000000000000600000140254012
4012278.125,3209810,UPM_CONTROLLER_RX,19,00000000000000000600000140254012
4012281.875,3209813,UPM_CONTROLLER_RX,19,00000000000000000600000140254012
4012285.625,3209816,UPM_CONTROLLER_RX,19,00000000000000000600000140254012
4012289.375,3209819,UPM_CONTROLLER_RX,19,00000000000000000600000140254012
4012293.125,3209822,UPM_CONTROLLER_RX,19,00000000000000000600000140254012
4012296.875,3209825,UPM_CONTROLLER_RX,19,00000000000000000600000140254012
4012300.625,3209828,UPM_CONTROLLER_RX,19,00000000000000000600000140254012
4012304.375,3209831,UPM_CONTROLLER_RX,19,00000000000000000600000140254012
4012306.875,3209833,UPM_TX,0,00000000000000000200010040244012
4012308.125,3209834,UPM_CONTROLLER_RX,19,00000000000000000600000140254012
4012311.875,3209837,UPM_CONTROLLER_RX,19,00000000000000000600000140254012
4012315.625,3209840,UPM_CONTROLLER_RX,19,00000000000000000600000140254012
4012319.375,3209843,UPM_CONTROLLER_RX,19,00000000000000000600000140254012
4012323.125,3209846,UPM_CONTROLLER_RX,19,00000000000000000600000140254012
4012326.875,3209849,UPM_CONTROLLER_RX,19,00000000000000000600000140254012
4012330.625,3209852,UPM_CONTROLLER_RX,19,00000000000000000600000140254012
4012334.375,3209855,UPM_CONTROLLER_RX,19,00000000000000000600000140254012
4012338.125,3209858,UPM_CONTROLLER_RX,19,00000000000000000600000140254012
4012341.875,3209861,UPM_CONTROLLER_RX,19,00000000000000000600000140254012
4012345.625,3209864,UPM_CONTROLLER_RX,19,00000000000000000600000140254012
4012349.375,3209867,UPM_CONTROLLER_RX,19,00000000000000000600000140254012
4012353.125,3209870,UPM_CONTROLLER_RX,19,00000000000000000600000140254012
4012356.875,3209873,UPM_CONTROLLER_RX,19,00000000000000000600000140254012
4012360.625,3209876,UPM_CONTROLLER_RX,19,00000000000000000600000140254012
4012364.375,3209879,UPM_CONTROLLER_RX,19,00000000000000000600000140254012
4012368.125,3209882,UPM_CONTROLLER_RX,19,00000000000000000600000140254012
4012371.875,3209885,UPM_CONTROLLER_RX,19,00000000000000000600000140254012
4012375.625,3209888,UPM_CONTROLLER_RX,19,00000000000000000600000140254012
4012379.375,3209891,UPM_CONTROLLER_RX,19,00000000000000000600000140254012
4012383.125,3209894,UPM_CONTROLLER_RX,19,00000000000000000600000140254012
4012386.875,3209897,UPM_CONTROLLER_RX,19,00000000000000000600000140254012
4012390.625,3209900,UPM_CONTROLLER_RX,19,00000000000000000600000140254012
4012394.375,3209903,UPM_CONTROLLER_RX,19,00000000000000000600000140254012
4012398.125,3209906,UPM_CONTROLLER_RX,19,00000000000000000600000140254012
4012401.875,3209909,UPM_CONTROLLER_RX,19,00000000000000000600000140254012
4012405.625,3209912,UPM_CONTROLLER_RX,19,00000000000000000600000140254012
4012409.375,3209915,UPM_CONTROLLER_RX,19,00000000000000000600000140254012
4012413.125,3209918,UPM_CONTROLLER_RX,19,00000000000000000600000140254012
4012416.875,3209921,UPM_CONTROLLER_RX,19,00000000000000000600000140254012
4012420.625,3209924,UPM_CONTROLLER_RX,19,00000000000000000600000140254012
4012424.375,3209927,UPM_CONTROLLER_RX,19,00000000000000000600000140254012
4012428.125,3209930,UPM_TX,0,00000000000000000200010040244012
4012428.125,3209930,UPM_CONTROLLER_RX,19,00000000000000000600000140254012
4012431.875,3209933,UPM_CONTROLLER_RX,19,00000000000000000600000140254012
4012435.625,3209936,UPM_CONTROLLER_RX,19,00000000000000000600000140254012
4012439.375,3209939,UPM_CONTROLLER_RX,19,00000000000000000600000140254012
4012443.125,3209942,UPM_CONTROLLER_RX,19,00000000000000000600000140254012
4012446.875,3209945,UPM_CONTROLLER_RX,19,00000000000000000600000140254012
4012450.625,3209948,UPM_CONTROLLER_RX,19,00000000000000000600000140254012
4012454.375,3209951,UPM_CONTROLLER_RX,19,00000000000000000600000140254012
4012458.125,3209954,UPM_CONTROLLER_RX,19,00000000000000000600000140254012
4012461.875,3209957,UPM_CONTROLLER_RX,19,00000000000000000600000140254012
4012465.625,3209960,UPM_CONTROLLER_RX,19,00000000000000000600000140254012
4012469.375,3209963,UPM_CONTROLLER_RX,19,00000000000000000600000140254012
4012473.125,3209966,UPM_CONTROLLER_RX,19,00000000000000000600000140254012
4012476.875,3209969,UPM_CONTROLLER_RX,19,00000000000000000600000140254012
4012480.625,3209972,UPM_CONTROLLER_RX,19,00000000000000000600000140254012
4012484.375,3209975,UPM_CONTROLLER_RX,19,00000000000000000600000140254012
4012488.125,3209978,UPM_CONTROLLER_RX,19,00000000000000000600000140254012
4012491.875,3209981,UPM_CONTROLLER_RX,19,00000000000000000600000140254012
4012495.625,3209984,UPM_CONTROLLER_RX,19,00000000000000000600000140254012
4012499.375,3209987,UPM_CONTROLLER_RX,19,00000000000000000600000140254012
4012503.125,3209990,UPM_CONTROLLER_RX,19,00000000000000000600000140254012
4012506.875,3209993,UPM_CONTROLLER_RX,19,00000000000000000600000140254012
4012510.625,3209996,UPM_CONTROLLER_RX,19,00000000000000000600000140254012
4012514.375,3209999,UPM_CONTROLLER_RX,19,00000000000000000600000140254012
4012518.125,3210002,UPM_CONTROLLER_RX,19,00000000000000000600000140254012
4012521.875,3210005,UPM_CONTROLLER_RX,19,00000000000000000600000140254012
4012525.625,3210008,UPM_CONTROLLER_RX,19,00000000000000000600000140254012
4012529.375,3210011,UPM_CONTROLLER_RX,19,00000000000000000600000140254012
4012533.125,3210014,UPM_CONTROLLER_RX,19,00000000000000000600000140254012
4012536.875,3210017,UPM_CONTROLLER_RX,19,00000000000000000600000140254012
4012540.625,3210020,UPM_CONTROLLER_RX,19,00000000000000000600000140254012
4012544.375,3210023,UPM_CONTROLLER_RX,19,00000000000000000600000140254012
4012548.125,3210026,UPM_CONTROLLER_RX,19,00000000000000000600000140254012
4012549.375,3210027,UPM_TX,0,00000000000000000200010040244012
4012551.875,3210029,UPM_CONTROLLER_RX,19,00000000000000000600000140254012
4012555.625,3210032,UPM_CONTROLLER_RX,19,00000000000000000600000140254012
4012559.375,3210035,UPM_CONTROLLER_RX,19,00000000000000000600000140254012
4012563.125,3210038,UPM_CONTROLLER_RX,19,00000000000000000600000140254012
4012566.875,3210041,UPM_CONTROLLER_RX,19,00000000000000000600000140254012
4012570.625,3210044,UPM_CONTROLLER_RX,19,00000000000000000600000140254012
4012574.375,3210047,UPM_CONTROLLER_RX,19,00000000000000000600000140254012
4012578.125,3210050,UPM_CONTROLLER_RX,19,00000000000000000600000140254012
4012581.875,3210053,UPM_CONTROLLER_RX,19,00000000000000000600000140254012
4012585.625,3210056,UPM_CONTROLLER_RX,19,00000000000000000600000140254012
4012589.375,3210059,UPM_CONTROLLER_RX,19,00000000000000000600000140254012
4012593.125,3210062,UPM_CONTROLLER_RX,19,00000000000000000600000140254012
4012596.875,3210065,UPM_CONTROLLER_RX,19,00000000000000000600000140254012
4012600.625,3210068,UPM_CONTROLLER_RX,19,00000000000000000600000140254012
4012604.375,3210071,UPM_CONTROLLER_RX,19,00000000000000000600000140254012
4012608.125,3210074,UPM_CONTROLLER_RX,19,00000000000000000600000140254012
4012611.875,3210077,UPM_CONTROLLER_RX,19,00000000000000000600000140254012
4012615.625,3210080,UPM_CONTROLLER_RX,19,00000000000000000600000140254012
4012619.375,3210083,UPM_CONTROLLER_RX,19,00000000000000000600000140254012
4012623.125,3210086,UPM_CONTROLLER_RX,19,00000000000000000600000140254012
4012626.875,3210089,UPM_CONTROLLER_RX,19,00000000000000000600000140254012
4012630.625,3210092,UPM_CONTROLLER_RX,19,00000000000000000600000140254012
4012634.375,3210095,UPM_CONTROLLER_RX,19,00000000000000000600000140254012
4012638.125,3210098,UPM_CONTROLLER_RX,19,00000000000000000600000140254012
4012641.875,3210101,UPM_CONTROLLER_RX,19,00000000000000000600000140254012
4012645.625,3210104,UPM_CONTROLLER_RX,19,00000000000000000600000140254012
4012649.375,3210107,UPM_CONTROLLER_RX,19,00000000000000000600000140254012
4012653.125,3210110,UPM_CONTROLLER_RX,19,00000000000000000600000140254012
4012656.875,3210113,UPM_CONTROLLER_RX,19,00000000000000000600000140254012
4012660.625,3210116,UPM_CONTROLLER_RX,19,00000000000000000600000140254012
4012664.375,3210119,UPM_CONTROLLER_RX,19,00000000000000000600000140254012
4012668.125,3210122,UPM_CONTROLLER_RX,19,00000000000000000600000140254012
4012670.625,3210124,UPM_TX,0,00000000000000000200010040244012
4012671.875,3210125,UPM_CONTROLLER_RX,19,00000000000000000600000140254012
4012675.625,3210128,UPM_CONTROLLER_RX,19,00000000000000000600000140254012
4012679.375,3210131,UPM_CONTROLLER_RX,19,00000000000000000600000140254012
4012683.125,3210134,UPM_CONTROLLER_RX,19,00000000000000000600000140254012
4012686.875,3210137,UPM_CONTROLLER_RX,19,00000000000000000600000140254012
4012690.625,3210140,UPM_CONTROLLER_RX,19,00000000000000000600000140254012
4012694.375,3210143,UPM_CONTROLLER_RX,19,00000000000000000600000140254012
4012698.125,3210146,UPM_CONTROLLER_RX,19,00000000000000000600000140254012
4012701.875,3210149,UPM_CONTROLLER_RX,19,00000000000000000600000140254012
4012705.625,3210152,UPM_CONTROLLER_RX,19,00000000000000000600000140254012
4012709.375,3210155,UPM_CONTROLLER_RX,19,00000000000000000600000140254012
4012713.125,3210158,UPM_CONTROLLER_RX,19,00000000000000000600000140254012
4012716.875,3210161,UPM_CONTROLLER_RX,19,00000000000000000600000140254012
4012720.625,3210164,UPM_CONTROLLER_RX,19,00000000000000000600000140254012
4012724.375,3210167,UPM_CONTROLLER_RX,19,00000000000000000600000140254012
4012728.125,3210170,UPM_CONTROLLER_RX,19,00000000000000000600000140254012
4012731.875,3210173,UPM_CONTROLLER_RX,19,00000000000000000600000140254012
4012735.625,3210176,UPM_CONTROLLER_RX,19,00000000000000000600000140254012
4012739.375,3210179,UPM_CONTROLLER_RX,19,00000000000000000600000140254012
4012743.125,3210182,UPM_CONTROLLER_RX,19,00000000000000000600000140254012
4012746.875,3210185,UPM_CONTROLLER_RX,19,00000000000000000600000140254012
4012750.625,3210188,UPM_CONTROLLER_RX,19,00000000000000000600000140254012
4012754.375,3210191,UPM_CONTROLLER_RX,19,00000000000000000600000140254012
4012758.125,3210194,UPM_CONTROLLER_RX,19,00000000000000000600000140254012
4012761.875,3210197,UPM_CONTROLLER_RX,19,00000000000000000600000140254012
4012765.625,3210200,UPM_CONTROLLER_RX,19,00000000000000000600000140254012
4012769.375,3210203,UPM_CONTROLLER_RX,19,00000000000000000600000140254012
4012773.125,3210206,UPM_CONTROLLER_RX,19,00000000000000000600000140254012
4012776.875,3210209,UPM_CONTROLLER_RX,19,00000000000000000600000140254012
4012780.625,3210212,UPM_CONTROLLER_RX,19,00000000000000000600000140254012
4012784.375,3210215,UPM_CONTROLLER_RX,19,00000000000000000600000140254012
4012788.125,3210218,UPM_CONTROLLER_RX,19,00000000000000000600000140254012
4012791.875,3210221,UPM_TX,0,00000000000000000200010040244012
4012791.875,3210221,UPM_CONTROLLER_RX,19,00000000000000000600000140254012
4012795.625,3210224,UPM_CONTROLLER_RX,19,00000000000000000600000140254012
4012799.375,3210227,UPM_CONTROLLER_RX,19,00000000000000000600000140254012
4012803.125,3210230,UPM_CONTROLLER_RX,19,00000000000000000600000140254012
4012806.875,3210233,UPM_CONTROLLER_RX,19,00000000000000000600000140254012
4012810.625,3210236,UPM_CONTROLLER_RX,19,00000000000000000600000140254012
4012814.375,3210239,UPM_CONTROLLER_RX,19,00000000000000000600000140254012
4012818.125,3210242,UPM_CONTROLLER_RX,19,00000000000000000600000140254012
4012821.875,3210245,UPM_CONTROLLER_RX,19,00000000000000000600000140254012
4012825.625,3210248,UPM_CONTROLLER_RX,19,00000000000000000600000140254012
4012829.375,3210251,UPM_CONTROLLER_RX,19,00000000000000000600000140254012
4012833.125,3210254,UPM_CONTROLLER_RX,19,00000000000000000600000140254012
4012836.875,3210257,UPM_CONTROLLER_RX,19,00000000000000000600000140254012
4012840.625,3210260,UPM_CONTROLLER_RX,19,00000000000000000600000140254012
4012844.375,3210263,UPM_CONTROLLER_RX,19,00000000000000000600000140254012
4012848.125,3210266,UPM_CONTROLLER_RX,19,00000000000000000600000140254012
4012851.875,3210269,UPM_CONTROLLER_RX,19,00000000000000000600000140254012
4012855.625,3210272,UPM_CONTROLLER_RX,19,00000000000000000600000140254012
4012859.375,3210275,UPM_CONTROLLER_RX,19,00000000000000000600000140254012
4012863.125,3210278,UPM_CONTROLLER_RX,19,00000000000000000600000140254012
4012866.875,3210281,UPM_CONTROLLER_RX,19,00000000000000000600000140254012
4012870.625,3210284,UPM_CONTROLLER_RX,19,00000000000000000600000140254012
4012874.375,3210287,UPM_CONTROLLER_RX,19,00000000000000000600000140254012
4012878.125,3210290,UPM_CONTROLLER_RX,19,00000000000000000600000140254012
4012881.875,3210293,UPM_CONTROLLER_RX,19,00000000000000000600000140254012
4012885.625,3210296,UPM_CONTROLLER_RX,19,00000000000000000600000140254012
4012889.375,3210299,UPM_CONTROLLER_RX,19,00000000000000000600000140254012
4012893.125,3210302,UPM_CONTROLLER_RX,19,00000000000000000600000140254012
4012896.875,3210305,UPM_CONTROLLER_RX,19,00000000000000000600000140254012
4012900.625,3210308,UPM_CONTROLLER_RX,19,00000000000000000600000140254012
4012904.375,3210311,UPM_CONTROLLER_RX,19,00000000000000000600000140254012
4012908.125,3210314,UPM_CONTROLLER_RX,19,00000000000000000600000140254012
4012911.875,3210317,UPM_CONTROLLER_RX,19,00000000000000000600000140254012
4012913.125,3210318,UPM_TX,0,00000000000000000200010040244012
4012915.625,3210320,UPM_CONTROLLER_RX,19,00000000000000000600000140254012
4012919.375,3210323,UPM_CONTROLLER_RX,19,00000000000000000600000140254012
4012923.125,3210326,UPM_CONTROLLER_RX,19,00000000000000000600000140254012
4012926.875,3210329,UPM_CONTROLLER_RX,19,00000000000000000600000140254012
4012930.625,3210332,UPM_CONTROLLER_RX,19,00000000000000000600000140254012
4012934.375,3210335,UPM_CONTROLLER_RX,19,00000000000000000600000140254012
4012938.125,3210338,UPM_CONTROLLER_RX,19,00000000000000000600000140254012
4012941.875,3210341,UPM_CONTROLLER_RX,19,00000000000000000600000140254012
4012945.625,3210344,UPM_CONTROLLER_RX,19,00000000000000000600000140254012
4012949.375,3210347,UPM_CONTROLLER_RX,19,00000000000000000600000140254012
4012953.125,3210350,UPM_CONTROLLER_RX,19,00000000000000000600000140254012
4012956.875,3210353,UPM_CONTROLLER_RX,19,00000000000000000600000140254012
4012960.625,3210356,UPM_CONTROLLER_RX,19,00000000000000000600000140254012
4012964.375,3210359,UPM_CONTROLLER_RX,19,00000000000000000600000140254012
4012968.125,3210362,UPM_CONTROLLER_RX,19,00000000000000000600000140254012
4012971.875,3210365,UPM_CONTROLLER_RX,19,00000000000000000600000140254012
4012975.625,3210368,UPM_CONTROLLER_RX,19,00000000000000000600000140254012
4012979.375,3210371,UPM_CONTROLLER_RX,19,00000000000000000600000140254012
4012983.125,3210374,UPM_CONTROLLER_RX,19,00000000000000000600000140254012
4012986.875,3210377,UPM_CONTROLLER_RX,19,00000000000000000600000140254012
4012990.625,3210380,UPM_CONTROLLER_RX,19,00000000000000000600000140254012
4012994.375,3210383,UPM_CONTROLLER_RX,19,00000000000000000600000140254012
4012998.125,3210386,UPM_CONTROLLER_RX,19,00000000000000000600000140254012
4013001.875,3210389,UPM_CONTROLLER_RX,19,00000000000000000600000140254012
4013005.625,3210392,UPM_CONTROLLER_RX,19,00000000000000000600000140254012
4013009.375,3210395,UPM_CONTROLLER_RX,19,00000000000000000600000140254012
4013013.125,3210398,UPM_CONTROLLER_RX,19,00000000000000000600000140254012
4013016.875,3210401,UPM_CONTROLLER_RX,19,00000000000000000600000140254012
4013020.625,3210404,UPM_CONTROLLER_RX,19,00000000000000000600000140254012
4013024.375,3210407,UPM_CONTROLLER_RX,19,00000000000000000600000140254012
4013028.125,3210410,UPM_CONTROLLER_RX,19,00000000000000000600000140254012
4013031.875,3210413,UPM_CONTROLLER_RX,19,00000000000000000600000140254012
4013034.375,3210415,UPM_TX,0,00000000000000000200010040244012
4013035.625,3210416,UPM_CONTROLLER_RX,19,00000000000000000600000140254012
4013039.375,3210419,UPM_CONTROLLER_RX,19,00000000000000000600000140254012
4013043.125,3210422,UPM_CONTROLLER_RX,19,00000000000000000600000140254012
4013046.875,3210425,UPM_CONTROLLER_RX,19,00000000000000000600000140254012
4013050.625,3210428,UPM_CONTROLLER_RX,19,00000000000000000600000140254012
4013054.375,3210431,UPM_CONTROLLER_RX,19,00000000000000000600000140254012
4013058.125,3210434,UPM_CONTROLLER_RX,19,00000000000000000600000140254012
4013061.875,3210437,UPM_CONTROLLER_RX,19,00000000000000000600000140254012
4013065.625,3210440,UPM_CONTROLLER_RX,19,00000000000000000600000140254012
4013069.375,3210443,UPM_CONTROLLER_RX,19,00000000000000000600000140254012
4013073.125,3210446,UPM_CONTROLLER_RX,19,00000000000000000600000140254012
4013076.875,3210449,UPM_CONTROLLER_RX,19,00000000000000000600000140254012
4013080.625,3210452,UPM_CONTROLLER_RX,19,00000000000000000600000140254012
4013084.375,3210455,UPM_CONTROLLER_RX,19,00000000000000000600000140254012
4013088.125,3210458,UPM_CONTROLLER_RX,19,00000000000000000600000140254012
4013091.875,3210461,UPM_CONTROLLER_RX,19,00000000000000000600000140254012
4013095.625,3210464,UPM_CONTROLLER_RX,19,00000000000000000600000140254012
4013099.375,3210467,UPM_CONTROLLER_RX,19,00000000000000000600000140254012
4013103.125,3210470,UPM_CONTROLLER_RX,19,00000000000000000600000140254012
4013106.875,3210473,UPM_CONTROLLER_RX,19,00000000000000000600000140254012
4013110.625,3210476,UPM_CONTROLLER_RX,19,00000000000000000600000140254012
4013114.375,3210479,UPM_CONTROLLER_RX,19,00000000000000000600000140254012
4013118.125,3210482,UPM_CONTROLLER_RX,19,00000000000000000600000140254012
4013121.875,3210485,UPM_CONTROLLER_RX,19,00000000000000000600000140254012
4013125.625,3210488,UPM_CONTROLLER_RX,19,00000000000000000600000140254012
4013129.375,3210491,UPM_CONTROLLER_RX,19,00000000000000000600000140254012
4013133.125,3210494,UPM_CONTROLLER_RX,19,00000000000000000600000140254012
4013136.875,3210497,UPM_CONTROLLER_RX,19,00000000000000000600000140254012
4013140.625,3210500,UPM_CONTROLLER_RX,19,00000000000000000600000140254012
4013144.375,3210503,UPM_CONTROLLER_RX,19,00000000000000000600000140254012
4013148.125,3210506,UPM_CONTROLLER_RX,19,00000000000000000600000140254012
4013151.875,3210509,UPM_CONTROLLER_RX,19,00000000000000000600000140254012
4013155.625,3210512,UPM_TX,0,00000000000000000200010040244012
4013155.625,3210512,UPM_CONTROLLER_RX,19,00000000000000000600000140254012
4013159.375,3210515,UPM_CONTROLLER_RX,19,00000000000000000600000140254012
4013163.125,3210518,UPM_CONTROLLER_RX,19,00000000000000000600000140254012
4013166.875,3210521,UPM_CONTROLLER_RX,19,00000000000000000600000140254012
4013170.625,3210524,UPM_CONTROLLER_RX,19,00000000000000000600000140254012
4013174.375,3210527,UPM_CONTROLLER_RX,19,00000000000000000600000140254012
4013178.125,3210530,UPM_CONTROLLER_RX,19,00000000000000000600000140254012
4013181.875,3210533,UPM_CONTROLLER_RX,19,00000000000000000600000140254012
4013185.625,3210536,UPM_CONTROLLER_RX,19,00000000000000000600000140254012
4013189.375,3210539,UPM_CONTROLLER_RX,19,00000000000000000600000140254012
4013193.125,3210542,UPM_CONTROLLER_RX,19,00000000000000000600000140254012
4013196.875,3210545,UPM_CONTROLLER_RX,19,00000000000000000600000140254012
4013200.625,3210548,UPM_CONTROLLER_RX,19,00000000000000000600000140254012
4013204.375,3210551,UPM_CONTROLLER_RX,19,00000000000000000600000140254012
4013208.125,3210554,UPM_CONTROLLER_RX,19,00000000000000000600000140254012
4013211.875,3210557,UPM_CONTROLLER_RX,19,00000000000000000600000140254012
4013215.625,3210560,UPM_CONTROLLER_RX,19,00000000000000000600000140254012
4013219.375,3210563,UPM_CONTROLLER_RX,19,00000000000000000600000140254012
4013223.125,3210566,UPM_CONTROLLER_RX,19,00000000000000000600000140254012
4013226.875,3210569,UPM_CONTROLLER_RX,19,00000000000000000600000140254012
4013230.625,3210572,UPM_CONTROLLER_RX,19,00000000000000000600000140254012
4013234.375,3210575,UPM_CONTROLLER_RX,19,00000000000000000600000140254012
4013238.125,3210578,UPM_CONTROLLER_RX,19,00000000000000000600000140254012
4013241.875,3210581,UPM_CONTROLLER_RX,19,00000000000000000600000140254012
4013245.625,3210584,UPM_CONTROLLER_RX,19,00000000000000000600000140254012
4013249.375,3210587,UPM_CONTROLLER_RX,19,00000000000000000600000140254012
4013253.125,3210590,UPM_CONTROLLER_RX,19,00000000000000000600000140254012
4013256.875,3210593,UPM_CONTROLLER_RX,19,00000000000000000600000140254012
4013260.625,3210596,UPM_CONTROLLER_RX,19,00000000000000000600000140254012
4013264.375,3210599,UPM_CONTROLLER_RX,19,00000000000000000600000140254012
4013268.125,3210602,UPM_CONTROLLER_RX,19,00000000000000000600000140254012
4013271.875,3210605,UPM_CONTROLLER_RX,19,00000000000000000600000140254012
4013275.625,3210608,UPM_CONTROLLER_RX,19,00000000000000000600000140254012
4013276.875,3210609,UPM_TX,0,00000000000000000200010040244012
4013279.375,3210611,UPM_CONTROLLER_RX,19,00000000000000000600000140254012
4013283.125,3210614,UPM_CONTROLLER_RX,19,00000000000000000600000140254012
4013286.875,3210617,UPM_CONTROLLER_RX,19,00000000000000000600000140254012
4013290.625,3210620,UPM_CONTROLLER_RX,19,00000000000000000600000140254012
4013294.375,3210623,UPM_CONTROLLER_RX,19,00000000000000000600000140254012
4013298.125,3210626,UPM_CONTROLLER_RX,19,00000000000000000600000140254012
4013301.875,3210629,UPM_CONTROLLER_RX,19,00000000000000000600000140254012
4013305.625,3210632,UPM_CONTROLLER_RX,19,00000000000000000600000140254012
4013309.375,3210635,UPM_CONTROLLER_RX,19,00000000000000000600000140254012
4013313.125,3210638,UPM_CONTROLLER_RX,19,00000000000000000600000140254012
4013316.875,3210641,UPM_CONTROLLER_RX,19,00000000000000000600000140254012
4013320.625,3210644,UPM_CONTROLLER_RX,19,00000000000000000600000140254012
4013324.375,3210647,UPM_CONTROLLER_RX,19,00000000000000000600000140254012
4013328.125,3210650,UPM_CONTROLLER_RX,19,00000000000000000600000140254012
4013331.875,3210653,UPM_CONTROLLER_RX,19,00000000000000000600000140254012
4013335.625,3210656,UPM_CONTROLLER_RX,19,00000000000000000600000140254012
4013339.375,3210659,UPM_CONTROLLER_RX,19,00000000000000000600000140254012
4013343.125,3210662,UPM_CONTROLLER_RX,19,00000000000000000600000140254012
4013346.875,3210665,UPM_CONTROLLER_RX,19,00000000000000000600000140254012
4013350.625,3210668,UPM_CONTROLLER_RX,19,00000000000000000600000140254012
4013354.375,3210671,UPM_CONTROLLER_RX,19,00000000000000000600000140254012
4013358.125,3210674,UPM_CONTROLLER_RX,19,00000000000000000600000140254012
4013361.875,3210677,UPM_CONTROLLER_RX,19,00000000000000000600000140254012
4013365.625,3210680,UPM_CONTROLLER_RX,19,00000000000000000600000140254012
4013369.375,3210683,UPM_CONTROLLER_RX,19,00000000000000000600000140254012
4013373.125,3210686,UPM_CONTROLLER_RX,19,00000000000000000600000140254012
4013376.875,3210689,UPM_CONTROLLER_RX,19,00000000000000000600000140254012
4013380.625,3210692,UPM_CONTROLLER_RX,19,00000000000000000600000140254012
4013384.375,3210695,UPM_CONTROLLER_RX,19,00000000000000000600000140254012
4013388.125,3210698,UPM_CONTROLLER_RX,19,00000000000000000600000140254012
4013391.875,3210701,UPM_CONTROLLER_RX,19,00000000000000000600000140254012
4013395.625,3210704,UPM_CONTROLLER_RX,19,00000000000000000600000140254012
4013398.125,3210706,UPM_TX,0,00000000000000000200010040244012
4013399.375,3210707,UPM_CONTROLLER_RX,19,00000000000000000600000140254012
4013403.125,3210710,UPM_CONTROLLER_RX,19,00000000000000000600000140254012
4013406.875,3210713,UPM_CONTROLLER_RX,19,00000000000000000600000140254012
4013410.625,3210716,UPM_CONTROLLER_RX,19,00000000000000000600000140254012
4013414.375,3210719,UPM_CONTROLLER_RX,19,00000000000000000600000140254012
4013418.125,3210722,UPM_CONTROLLER_RX,19,00000000000000000600000140254012
4013421.875,3210725,UPM_CONTROLLER_RX,19,00000000000000000600000140254012
4013425.625,3210728,UPM_CONTROLLER_RX,19,00000000000000000600000140254012
4013429.375,3210731,UPM_CONTROLLER_RX,19,00000000000000000600000140254012
4013433.125,3210734,UPM_CONTROLLER_RX,19,00000000000000000600000140254012
4013436.875,3210737,UPM_CONTROLLER_RX,19,00000000000000000600000140254012
4013440.625,3210740,UPM_CONTROLLER_RX,19,00000000000000000600000140254012
4013444.375,3210743,UPM_CONTROLLER_RX,19,00000000000000000600000140254012
4013448.125,3210746,UPM_CONTROLLER_RX,19,00000000000000000600000140254012
4013451.875,3210749,UPM_CONTROLLER_RX,19,00000000000000000600000140254012
4013455.625,3210752,UPM_CONTROLLER_RX,19,00000000000000000600000140254012
4013459.375,3210755,UPM_CONTROLLER_RX,19,00000000000000000600000140254012
4013463.125,3210758,UPM_CONTROLLER_RX,19,00000000000000000600000140254012
4013466.875,3210761,UPM_CONTROLLER_RX,19,00000000000000000600000140254012
4013470.625,3210764,UPM_CONTROLLER_RX,19,00000000000000000600000140254012
4013474.375,3210767,UPM_CONTROLLER_RX,19,00000000000000000600000140254012
4013478.125,3210770,UPM_CONTROLLER_RX,19,00000000000000000600000140254012
4013481.875,3210773,UPM_CONTROLLER_RX,19,00000000000000000600000140254012
4013485.625,3210776,UPM_CONTROLLER_RX,19,00000000000000000600000140254012
4013489.375,3210779,UPM_CONTROLLER_RX,19,00000000000000000600000140254012
4013493.125,3210782,UPM_CONTROLLER_RX,19,00000000000000000600000140254012
4013496.875,3210785,UPM_CONTROLLER_RX,19,00000000000000000600000140254012
4013500.625,3210788,UPM_CONTROLLER_RX,19,00000000000000000600000140254012
4013504.375,3210791,UPM_CONTROLLER_RX,19,00000000000000000600000140254012
4013508.125,3210794,UPM_CONTROLLER_RX,19,00000000000000000600000140254012
4013511.875,3210797,UPM_CONTROLLER_RX,19,00000000000000000600000140254012
4013515.625,3210800,UPM_CONTROLLER_RX,19,00000000000000000600000140254012
4013519.375,3210803,UPM_TX,0,00000000000000000200010040244012
4013519.375,3210803,UPM_CONTROLLER_RX,19,00000000000000000600000140254012
4013523.125,3210806,UPM_CONTROLLER_RX,19,00000000000000000600000140254012
4013526.875,3210809,UPM_CONTROLLER_RX,19,00000000000000000600000140254012
4013530.625,3210812,UPM_CONTROLLER_RX,19,00000000000000000600000140254012
4013534.375,3210815,UPM_CONTROLLER_RX,19,00000000000000000600000140254012
4013538.125,3210818,UPM_CONTROLLER_RX,19,00000000000000000600000140254012
4013541.875,3210821,UPM_CONTROLLER_RX,19,00000000000000000600000140254012
4013545.625,3210824,UPM_CONTROLLER_RX,19,00000000000000000600000140254012
4013549.375,3210827,UPM_CONTROLLER_RX,19,00000000000000000600000140254012
4013553.125,3210830,UPM_CONTROLLER_RX,19,00000000000000000600000140254012
4013556.875,3210833,UPM_CONTROLLER_RX,19,00000000000000000600000140254012
4013560.625,3210836,UPM_CONTROLLER_RX,19,00000000000000000600000140254012
4013564.375,3210839,UPM_CONTROLLER_RX,19,00000000000000000600000140254012
4013568.125,3210842,UPM_CONTROLLER_RX,19,00000000000000000600000140254012
4013571.875,3210845,UPM_CONTROLLER_RX,19,00000000000000000600000140254012
4013575.625,3210848,UPM_CONTROLLER_RX,19,00000000000000000600000140254012
4013579.375,3210851,UPM_CONTROLLER_RX,19,00000000000000000600000140254012
4013583.125,3210854,UPM_CONTROLLER_RX,19,00000000000000000600000140254012
4013586.875,3210857,UPM_CONTROLLER_RX,19,00000000000000000600000140254012
4013590.625,3210860,UPM_CONTROLLER_RX,19,00000000000000000600000140254012
4013594.375,3210863,UPM_CONTROLLER_RX,19,00000000000000000600000140254012
4013598.125,3210866,UPM_CONTROLLER_RX,19,00000000000000000600000140254012
4013601.875,3210869,UPM_CONTROLLER_RX,19,00000000000000000600000140254012
4013605.625,3210872,UPM_CONTROLLER_RX,19,00000000000000000600000140254012
4013609.375,3210875,UPM_CONTROLLER_RX,19,00000000000000000600000140254012
4013613.125,3210878,UPM_CONTROLLER_RX,19,00000000000000000600000140254012
4013616.875,3210881,UPM_CONTROLLER_RX,19,00000000000000000600000140254012
4013620.625,3210884,UPM_CONTROLLER_RX,19,00000000000000000600000140254012
4013624.375,3210887,UPM_CONTROLLER_RX,19,00000000000000000600000140254012
4013628.125,3210890,UPM_CONTROLLER_RX,19,00000000000000000600000140254012
4013631.875,3210893,UPM_CONTROLLER_RX,19,00000000000000000600000140254012
4013635.625,3210896,UPM_CONTROLLER_RX,19,00000000000000000600000140254012
4013639.375,3210899,UPM_CONTROLLER_RX,19,00000000000000000600000140254012
4013640.625,3210900,UPM_TX,0,00000000000000000200010040244012
4013643.125,3210902,UPM_CONTROLLER_RX,19,00000000000000000600000140254012
4013646.875,3210905,UPM_CONTROLLER_RX,19,00000000000000000600000140254012
4013650.625,3210908,UPM_CONTROLLER_RX,19,00000000000000000600000140254012
4013654.375,3210911,UPM_CONTROLLER_RX,19,00000000000000000600000140254012
4013658.125,3210914,UPM_CONTROLLER_RX,19,00000000000000000600000140254012
4013661.875,3210917,UPM_CONTROLLER_RX,19,00000000000000000600000140254012
4013665.625,3210920,UPM_CONTROLLER_RX,19,00000000000000000600000140254012
4013669.375,3210923,UPM_CONTROLLER_RX,19,00000000000000000600000140254012
4013673.125,3210926,UPM_CONTROLLER_RX,19,00000000000000000600000140254012
4013676.875,3210929,UPM_CONTROLLER_RX,19,00000000000000000600000140254012
4013680.625,3210932,UPM_CONTROLLER_RX,19,00000000000000000600000140254012
4013684.375,3210935,UPM_CONTROLLER_RX,19,00000000000000000600000140254012
4013688.125,3210938,UPM_CONTROLLER_RX,19,00000000000000000600000140254012
4013691.875,3210941,UPM_CONTROLLER_RX,19,00000000000000000600000140254012
4013695.625,3210944,UPM_CONTROLLER_RX,19,00000000000000000600000140254012
4013699.375,3210947,UPM_CONTROLLER_RX,19,00000000000000000600000140254012
4013703.125,3210950,UPM_CONTROLLER_RX,19,00000000000000000600000140254012
4013706.875,3210953,UPM_CONTROLLER_RX,19,00000000000000000600000140254012
4013710.625,3210956,UPM_CONTROLLER_RX,19,00000000000000000600000140254012
4013714.375,3210959,UPM_CONTROLLER_RX,19,00000000000000000600000140254012
4013718.125,3210962,UPM_CONTROLLER_RX,19,00000000000000000600000140254012
4013721.875,3210965,UPM_CONTROLLER_RX,19,00000000000000000600000140254012
4013725.625,3210968,UPM_CONTROLLER_RX,19,00000000000000000600000140254012
4013729.375,3210971,UPM_CONTROLLER_RX,19,00000000000000000600000140254012
4013733.125,3210974,UPM_CONTROLLER_RX,19,00000000000000000600000140254012
4013736.875,3210977,UPM_CONTROLLER_RX,19,00000000000000000600000140254012
4013740.625,3210980,UPM_CONTROLLER_RX,19,00000000000000000600000140254012
4013744.375,3210983,UPM_CONTROLLER_RX,19,00000000000000000600000140254012
4013748.125,3210986,UPM_CONTROLLER_RX,19,00000000000000000600000140254012
4013751.875,3210989,UPM_CONTROLLER_RX,19,00000000000000000600000140254012
4013755.625,3210992,UPM_CONTROLLER_RX,19,00000000000000000600000140254012
4013759.375,3210995,UPM_CONTROLLER_RX,19,00000000000000000600000140254012
4013761.875,3210997,UPM_TX,0,00000000000000000200010040244012
4013763.125,3210998,UPM_CONTROLLER_RX,19,00000000000000000600000140254012
4013766.875,3211001,UPM_CONTROLLER_RX,19,00000000000000000600000140254012
4013770.625,3211004,UPM_CONTROLLER_RX,19,00000000000000000600000140254012
4013774.375,3211007,UPM_CONTROLLER_RX,19,00000000000000000600000140254012
4013778.125,3211010,UPM_CONTROLLER_RX,19,00000000000000000600000140254012
4013781.875,3211013,UPM_CONTROLLER_RX,19,00000000000000000600000140254012
4013785.625,3211016,UPM_CONTROLLER_RX,19,00000000000000000600000140254012
4013789.375,3211019,UPM_CONTROLLER_RX,19,00000000000000000600000140254012
4013793.125,3211022,UPM_CONTROLLER_RX,19,00000000000000000600000140254012
4013796.875,3211025,UPM_CONTROLLER_RX,19,00000000000000000600000140254012
4013800.625,3211028,UPM_CONTROLLER_RX,19,00000000000000000600000140254012
4013804.375,3211031,UPM_CONTROLLER_RX,19,00000000000000000600000140254012
4013808.125,3211034,UPM_CONTROLLER_RX,19,00000000000000000600000140254012
4013811.875,3211037,UPM_CONTROLLER_RX,19,00000000000000000600000140254012
4013815.625,3211040,UPM_CONTROLLER_RX,19,00000000000000000600000140254012
4013819.375,3211043,UPM_CONTROLLER_RX,19,00000000000000000600000140254012
4013823.125,3211046,UPM_CONTROLLER_RX,19,00000000000000000600000140254012
4013826.875,3211049,UPM_CONTROLLER_RX,19,00000000000000000600000140254012
4013830.625,3211052,UPM_CONTROLLER_RX,19,00000000000000000600000140254012
4013834.375,3211055,UPM_CONTROLLER_RX,19,00000000000000000600000140254012
4013838.125,3211058,UPM_CONTROLLER_RX,19,00000000000000000600000140254012
4013841.875,3211061,UPM_CONTROLLER_RX,19,00000000000000000600000140254012
4013845.625,3211064,UPM_CONTROLLER_RX,19,00000000000000000600000140254012
4013849.375,3211067,UPM_CONTROLLER_RX,19,00000000000000000600000140254012
4013853.125,3211070,UPM_CONTROLLER_RX,19,00000000000000000600000140254012
4013856.875,3211073,UPM_CONTROLLER_RX,19,00000000000000000600000140254012
4013860.625,3211076,UPM_CONTROLLER_RX,19,00000000000000000600000140254012
4013864.375,3211079,UPM_CONTROLLER_RX,19,00000000000000000600000140254012
4013868.125,3211082,UPM_CONTROLLER_RX,19,00000000000000000600000140254012
4013871.875,3211085,UPM_CONTROLLER_RX,19,00000000000000000600000140254012
4013875.625,3211088,UPM_CONTROLLER_RX,19,00000000000000000600000140254012
4013879.375,3211091,UPM_CONTROLLER_RX,19,00000000000000000600000140254012
4013883.125,3211094,UPM_TX,0,00000000000000000200010040244012
4013883.125,3211094,UPM_CONTROLLER_RX,19,00000000000000000600000140254012
4013886.875,3211097,UPM_CONTROLLER_RX,19,00000000000000000600000140254012
4013890.625,3211100,UPM_CONTROLLER_RX,19,00000000000000000600000140254012
4013894.375,3211103,UPM_CONTROLLER_RX,19,00000000000000000600000140254012
4013898.125,3211106,UPM_CONTROLLER_RX,19,00000000000000000600000140254012
4013901.875,3211109,UPM_CONTROLLER_RX,19,00000000000000000600000140254012
4013905.625,3211112,UPM_CONTROLLER_RX,19,00000000000000000600000140254012
4013909.375,3211115,UPM_CONTROLLER_RX,19,00000000000000000600000140254012
4013913.125,3211118,UPM_CONTROLLER_RX,19,00000000000000000600000140254012
4013916.875,3211121,UPM_CONTROLLER_RX,19,00000000000000000600000140254012
4013920.625,3211124,UPM_CONTROLLER_RX,19,00000000000000000600000140254012
4013924.375,3211127,UPM_CONTROLLER_RX,19,00000000000000000600000140254012
4013928.125,3211130,UPM_CONTROLLER_RX,19,00000000000000000600000140254012
4013931.875,3211133,UPM_CONTROLLER_RX,19,00000000000000000600000140254012
4013935.625,3211136,UPM_CONTROLLER_RX,19,00000000000000000600000140254012
4013939.375,3211139,UPM_CONTROLLER_RX,19,00000000000000000600000140254012
4013943.125,3211142,UPM_CONTROLLER_RX,19,00000000000000000600000140254012
4013946.875,3211145,UPM_CONTROLLER_RX,19,00000000000000000600000140254012
4013950.625,3211148,UPM_CONTROLLER_RX,19,00000000000000000600000140254012
4013954.375,3211151,UPM_CONTROLLER_RX,19,00000000000000000600000140254012
4013958.125,3211154,UPM_CONTROLLER_RX,19,00000000000000000600000140254012
4013961.875,3211157,UPM_CONTROLLER_RX,19,00000000000000000600000140254012
4013965.625,3211160,UPM_CONTROLLER_RX,19,00000000000000000600000140254012
4013969.375,3211163,UPM_CONTROLLER_RX,19,00000000000000000600000140254012
4013973.125,3211166,UPM_CONTROLLER_RX,19,00000000000000000600000140254012
4013976.875,3211169,UPM_CONTROLLER_RX,19,00000000000000000600000140254012
4013980.625,3211172,UPM_CONTROLLER_RX,19,00000000000000000600000140254012
4013984.375,3211175,UPM_CONTROLLER_RX,19,00000000000000000600000140254012
4013988.125,3211178,UPM_CONTROLLER_RX,19,00000000000000000600000140254012
4013991.875,3211181,UPM_CONTROLLER_RX,19,00000000000000000600000140254012
4013995.625,3211184,UPM_CONTROLLER_RX,19,00000000000000000600000140254012
4013999.375,3211187,UPM_CONTROLLER_RX,19,00000000000000000600000140254012
4014003.125,3211190,UPM_CONTROLLER_RX,19,00000000000000000600000140254012
4014004.375,3211191,UPM_TX,0,00000000000000000200010040244012
4014006.875,3211193,UPM_CONTROLLER_RX,19,00000000000000000600000140254012
4014010.625,3211196,UPM_CONTROLLER_RX,19,00000000000000000600000140254012
4014014.375,3211199,UPM_CONTROLLER_RX,19,00000000000000000600000140254012
4014018.125,3211202,UPM_CONTROLLER_RX,19,00000000000000000600000140254012
4014021.875,3211205,UPM_CONTROLLER_RX,19,00000000000000000600000140254012
4014025.625,3211208,UPM_CONTROLLER_RX,19,00000000000000000600000140254012
4014029.375,3211211,UPM_CONTROLLER_RX,19,00000000000000000600000140254012
4014033.125,3211214,UPM_CONTROLLER_RX,19,00000000000000000600000140254012
4014036.875,3211217,UPM_CONTROLLER_RX,19,00000000000000000600000140254012
4014040.625,3211220,UPM_CONTROLLER_RX,19,00000000000000000600000140254012
4014044.375,3211223,UPM_CONTROLLER_RX,19,00000000000000000600000140254012
4014048.125,3211226,UPM_CONTROLLER_RX,19,00000000000000000600000140254012
4014051.875,3211229,UPM_CONTROLLER_RX,19,00000000000000000600000140254012
4014055.625,3211232,UPM_CONTROLLER_RX,19,00000000000000000600000140254012
4014059.375,3211235,UPM_CONTROLLER_RX,19,00000000000000000600000140254012
4014063.125,3211238,UPM_CONTROLLER_RX,19,00000000000000000600000140254012
4014066.875,3211241,UPM_CONTROLLER_RX,19,00000000000000000600000140254012
4014070.625,3211244,UPM_CONTROLLER_RX,19,00000000000000000600000140254012
4014074.375,3211247,UPM_CONTROLLER_RX,19,00000000000000000600000140254012
4014078.125,3211250,UPM_CONTROLLER_RX,19,00000000000000000600000140254012
4014081.875,3211253,UPM_CONTROLLER_RX,19,00000000000000000600000140254012
4014085.625,3211256,UPM_CONTROLLER_RX,19,00000000000000000600000140254012
4014089.375,3211259,UPM_CONTROLLER_RX,19,00000000000000000600000140254012
4014093.125,3211262,UPM_CONTROLLER_RX,19,00000000000000000600000140254012
4014096.875,3211265,UPM_CONTROLLER_RX,19,00000000000000000600000140254012
4014100.625,3211268,UPM_CONTROLLER_RX,19,00000000000000000600000140254012
4014104.375,3211271,UPM_CONTROLLER_RX,19,00000000000000000600000140254012
4014108.125,3211274,UPM_CONTROLLER_RX,19,00000000000000000600000140254012
4014111.875,3211277,UPM_CONTROLLER_RX,19,00000000000000000600000140254012
4014115.625,3211280,UPM_CONTROLLER_RX,19,00000000000000000600000140254012
4014119.375,3211283,UPM_CONTROLLER_RX,19,00000000000000000600000140254012
4014123.125,3211286,UPM_CONTROLLER_RX,19,00000000000000000600000140254012
4014125.625,3211288,UPM_TX,0,00000000000000000200010040244012
4014126.875,3211289,UPM_CONTROLLER_RX,19,00000000000000000600000140254012
4014130.625,3211292,UPM_CONTROLLER_RX,19,00000000000000000600000140254012
4014134.375,3211295,UPM_CONTROLLER_RX,19,00000000000000000600000140254012
4014138.125,3211298,UPM_CONTROLLER_RX,19,00000000000000000600000140254012
4014141.875,3211301,UPM_CONTROLLER_RX,19,00000000000000000600000140254012
4014145.625,3211304,UPM_CONTROLLER_RX,19,00000000000000000600000140254012
4014149.375,3211307,UPM_CONTROLLER_RX,19,00000000000000000600000140254012
4014153.125,3211310,UPM_CONTROLLER_RX,19,00000000000000000600000140254012
4014156.875,3211313,UPM_CONTROLLER_RX,19,00000000000000000600000140254012
4014160.625,3211316,UPM_CONTROLLER_RX,19,00000000000000000600000140254012
4014164.375,3211319,UPM_CONTROLLER_RX,19,00000000000000000600000140254012
4014168.125,3211322,UPM_CONTROLLER_RX,19,00000000000000000600000140254012
4014171.875,3211325,UPM_CONTROLLER_RX,19,00000000000000000600000140254012
4014175.625,3211328,UPM_CONTROLLER_RX,19,00000000000000000600000140254012
4014179.375,3211331,UPM_CONTROLLER_RX,19,00000000000000000600000140254012
4014183.125,3211334,UPM_CONTROLLER_RX,19,00000000000000000600000140254012
4014186.875,3211337,UPM_CONTROLLER_RX,19,00000000000000000600000140254012
4014190.625,3211340,UPM_CONTROLLER_RX,19,00000000000000000600000140254012
4014194.375,3211343,UPM_CONTROLLER_RX,19,00000000000000000600000140254012
4014198.125,3211346,UPM_CONTROLLER_RX,19,00000000000000000600000140254012
4014201.875,3211349,UPM_CONTROLLER_RX,19,00000000000000000600000140254012
4014205.625,3211352,UPM_CONTROLLER_RX,19,00000000000000000600000140254012
4014209.375,3211355,UPM_CONTROLLER_RX,19,00000000000000000600000140254012
4014213.125,3211358,UPM_CONTROLLER_RX,19,00000000000000000600000140254012
4014216.875,3211361,UPM_CONTROLLER_RX,19,00000000000000000600000140254012
4014220.625,3211364,UPM_CONTROLLER_RX,19,00000000000000000600000140254012
4014224.375,3211367,UPM_CONTROLLER_RX,19,00000000000000000600000140254012
4014228.125,3211370,UPM_CONTROLLER_RX,19,00000000000000000600000140254012
4014231.875,3211373,UPM_CONTROLLER_RX,19,00000000000000000600000140254012
4014235.625,3211376,UPM_CONTROLLER_RX,19,00000000000000000600000140254012
4014239.375,3211379,UPM_CONTROLLER_RX,19,00000000000000000600000140254012
4014243.125,3211382,UPM_CONTROLLER_RX,19,00000000000000000600000140254012
4014246.875,3211385,UPM_TX,0,00000000000000000200010040244012
4014246.875,3211385,UPM_CONTROLLER_RX,19,00000000000000000600000140254012
4014250.625,3211388,UPM_CONTROLLER_RX,19,00000000000000000600000140254012
4014254.375,3211391,UPM_CONTROLLER_RX,19,00000000000000000600000140254012
4014258.125,3211394,UPM_CONTROLLER_RX,19,00000000000000000600000140254012
4014261.875,3211397,UPM_CONTROLLER_RX,19,00000000000000000600000140254012
4014265.625,3211400,UPM_CONTROLLER_RX,19,00000000000000000600000140254012
4014269.375,3211403,UPM_CONTROLLER_RX,19,00000000000000000600000140254012
4014273.125,3211406,UPM_CONTROLLER_RX,19,00000000000000000600000140254012
4014276.875,3211409,UPM_CONTROLLER_RX,19,00000000000000000600000140254012
4014280.625,3211412,UPM_CONTROLLER_RX,19,00000000000000000600000140254012
4014284.375,3211415,UPM_CONTROLLER_RX,19,00000000000000000600000140254012
4014288.125,3211418,UPM_CONTROLLER_RX,19,00000000000000000600000140254012
4014291.875,3211421,UPM_CONTROLLER_RX,19,00000000000000000600000140254012
4014295.625,3211424,UPM_CONTROLLER_RX,19,00000000000000000600000140254012
4014299.375,3211427,UPM_CONTROLLER_RX,19,00000000000000000600000140254012
4014303.125,3211430,UPM_CONTROLLER_RX,19,00000000000000000600000140254012
4014306.875,3211433,UPM_CONTROLLER_RX,19,00000000000000000600000140254012
4014310.625,3211436,UPM_CONTROLLER_RX,19,00000000000000000600000140254012
4014314.375,3211439,UPM_CONTROLLER_RX,19,00000000000000000600000140254012
4014318.125,3211442,UPM_CONTROLLER_RX,19,00000000000000000600000140254012
4014321.875,3211445,UPM_CONTROLLER_RX,19,00000000000000000600000140254012
4014325.625,3211448,UPM_CONTROLLER_RX,19,00000000000000000600000140254012
4014329.375,3211451,UPM_CONTROLLER_RX,19,00000000000000000600000140254012
4014333.125,3211454,UPM_CONTROLLER_RX,19,00000000000000000600000140254012
4014336.875,3211457,UPM_CONTROLLER_RX,19,00000000000000000600000140254012
4014340.625,3211460,UPM_CONTROLLER_RX,19,00000000000000000600000140254012
4014344.375,3211463,UPM_CONTROLLER_RX,19,00000000000000000600000140254012
4014348.125,3211466,UPM_CONTROLLER_RX,19,00000000000000000600000140254012
4014351.875,3211469,UPM_CONTROLLER_RX,19,00000000000000000600000140254012
4014355.625,3211472,UPM_CONTROLLER_RX,19,00000000000000000600000140254012
4014359.375,3211475,UPM_CONTROLLER_RX,19,00000000000000000600000140254012
4014363.125,3211478,UPM_CONTROLLER_RX,19,00000000000000000600000140254012
4014366.875,3211481,UPM_CONTROLLER_RX,19,00000000000000000600000140254012
4014368.125,3211482,UPM_TX,0,00000000000000000200010040244012
4014370.625,3211484,UPM_CONTROLLER_RX,19,00000000000000000600000140254012
4014374.375,3211487,UPM_CONTROLLER_RX,19,00000000000000000600000140254012
4014378.125,3211490,UPM_CONTROLLER_RX,19,00000000000000000600000140254012
4014381.875,3211493,UPM_CONTROLLER_RX,19,00000000000000000600000140254012
4014385.625,3211496,UPM_CONTROLLER_RX,19,00000000000000000600000140254012
4014389.375,3211499,UPM_CONTROLLER_RX,19,00000000000000000600000140254012
4014393.125,3211502,UPM_CONTROLLER_RX,19,00000000000000000600000140254012
4014396.875,3211505,UPM_CONTROLLER_RX,19,00000000000000000600000140254012
4014400.625,3211508,UPM_CONTROLLER_RX,19,00000000000000000600000140254012
4014404.375,3211511,UPM_CONTROLLER_RX,19,00000000000000000600000140254012
4014408.125,3211514,UPM_CONTROLLER_RX,19,00000000000000000600000140254012
4014411.875,3211517,UPM_CONTROLLER_RX,19,00000000000000000600000140254012
4014415.625,3211520,UPM_CONTROLLER_RX,19,00000000000000000600000140254012
4014419.375,3211523,UPM_CONTROLLER_RX,19,00000000000000000600000140254012
4014423.125,3211526,UPM_CONTROLLER_RX,19,00000000000000000600000140254012
4014426.875,3211529,UPM_CONTROLLER_RX,19,00000000000000000600000140254012
4014430.625,3211532,UPM_CONTROLLER_RX,19,00000000000000000600000140254012
4014434.375,3211535,UPM_CONTROLLER_RX,19,00000000000000000600000140254012
4014438.125,3211538,UPM_CONTROLLER_RX,19,00000000000000000600000140254012
4014441.875,3211541,UPM_CONTROLLER_RX,19,00000000000000000600000140254012
4014445.625,3211544,UPM_CONTROLLER_RX,19,00000000000000000600000140254012
4014449.375,3211547,UPM_CONTROLLER_RX,19,00000000000000000600000140254012
4014453.125,3211550,UPM_CONTROLLER_RX,19,00000000000000000600000140254012
4014456.875,3211553,UPM_CONTROLLER_RX,19,00000000000000000600000140254012
4014460.625,3211556,UPM_CONTROLLER_RX,19,00000000000000000600000140254012
4014464.375,3211559,UPM_CONTROLLER_RX,19,00000000000000000600000140254012
4014468.125,3211562,UPM_CONTROLLER_RX,19,00000000000000000600000140254012
4014471.875,3211565,UPM_CONTROLLER_RX,19,00000000000000000600000140254012
4014475.625,3211568,UPM_CONTROLLER_RX,19,00000000000000000600000140254012
4014479.375,3211571,UPM_CONTROLLER_RX,19,00000000000000000600000140254012
4014483.125,3211574,UPM_CONTROLLER_RX,19,00000000000000000600000140254012
4014486.875,3211577,UPM_CONTROLLER_RX,19,00000000000000000600000140254012
4014489.375,3211579,UPM_TX,0,00000000000000000200010040244012
4014490.625,3211580,UPM_CONTROLLER_RX,19,00000000000000000600000140254012
4014494.375,3211583,UPM_CONTROLLER_RX,19,00000000000000000600000140254012
4014498.125,3211586,UPM_CONTROLLER_RX,19,00000000000000000600000140254012
4014501.875,3211589,UPM_CONTROLLER_RX,19,00000000000000000600000140254012
4014505.625,3211592,UPM_CONTROLLER_RX,19,00000000000000000600000140254012
4014509.375,3211595,UPM_CONTROLLER_RX,19,00000000000000000600000140254012
4014513.125,3211598,UPM_CONTROLLER_RX,19,00000000000000000600000140254012
4014516.875,3211601,UPM_CONTROLLER_RX,19,00000000000000000600000140254012
4014520.625,3211604,UPM_CONTROLLER_RX,19,00000000000000000600000140254012
4014524.375,3211607,UPM_CONTROLLER_RX,19,00000000000000000600000140254012
4014528.125,3211610,UPM_CONTROLLER_RX,19,00000000000000000600000140254012
4014531.875,3211613,UPM_CONTROLLER_RX,19,00000000000000000600000140254012
4014535.625,3211616,UPM_CONTROLLER_RX,19,00000000000000000600000140254012
4014539.375,3211619,UPM_CONTROLLER_RX,19,00000000000000000600000140254012
4014543.125,3211622,UPM_CONTROLLER_RX,19,00000000000000000600000140254012
4014546.875,3211625,UPM_CONTROLLER_RX,19,00000000000000000600000140254012
4014550.625,3211628,UPM_CONTROLLER_RX,19,00000000000000000600000140254012
4014554.375,3211631,UPM_CONTROLLER_RX,19,00000000000000000600000140254012
4014558.125,3211634,UPM_CONTROLLER_RX,19,00000000000000000600000140254012
4014561.875,3211637,UPM_CONTROLLER_RX,19,00000000000000000600000140254012
4014565.625,3211640,UPM_CONTROLLER_RX,19,00000000000000000600000140254012
4014569.375,3211643,UPM_CONTROLLER_RX,19,00000000000000000600000140254012
4014573.125,3211646,UPM_CONTROLLER_RX,19,00000000000000000600000140254012
4014576.875,3211649,UPM_CONTROLLER_RX,19,00000000000000000600000140254012
4014580.625,3211652,UPM_CONTROLLER_RX,19,00000000000000000600000140254012
4014584.375,3211655,UPM_CONTROLLER_RX,19,00000000000000000600000140254012
4014588.125,3211658,UPM_CONTROLLER_RX,19,00000000000000000600000140254012
4014591.875,3211661,UPM_CONTROLLER_RX,19,00000000000000000600000140254012
4014595.625,3211664,UPM_CONTROLLER_RX,19,00000000000000000600000140254012
4014599.375,3211667,UPM_CONTROLLER_RX,19,00000000000000000600000140254012
4014603.125,3211670,UPM_CONTROLLER_RX,19,00000000000000000600000140254012
4014606.875,3211673,UPM_CONTROLLER_RX,19,00000000000000000600000140254012
4014610.625,3211676,UPM_TX,0,00000000000000000200010040244012
4014610.625,3211676,UPM_CONTROLLER_RX,19,00000000000000000600000140254012
4014614.375,3211679,UPM_CONTROLLER_RX,19,00000000000000000600000140254012
4014618.125,3211682,UPM_CONTROLLER_RX,19,00000000000000000600000140254012
4014621.875,3211685,UPM_CONTROLLER_RX,19,00000000000000000600000140254012
4014625.625,3211688,UPM_CONTROLLER_RX,19,00000000000000000600000140254012
4014629.375,3211691,UPM_CONTROLLER_RX,19,00000000000000000600000140254012
4014633.125,3211694,UPM_CONTROLLER_RX,19,00000000000000000600000140254012
4014636.875,3211697,UPM_CONTROLLER_RX,19,00000000000000000600000140254012
4014640.625,3211700,UPM_CONTROLLER_RX,19,00000000000000000600000140254012
4014644.375,3211703,UPM_CONTROLLER_RX,19,00000000000000000600000140254012
4014648.125,3211706,UPM_CONTROLLER_RX,19,00000000000000000600000140254012
4014651.875,3211709,UPM_CONTROLLER_RX,19,00000000000000000600000140254012
4014655.625,3211712,UPM_CONTROLLER_RX,19,00000000000000000600000140254012
4014659.375,3211715,UPM_CONTROLLER_RX,19,00000000000000000600000140254012
4014663.125,3211718,UPM_CONTROLLER_RX,19,00000000000000000600000140254012
4014666.875,3211721,UPM_CONTROLLER_RX,19,00000000000000000600000140254012
4014670.625,3211724,UPM_CONTROLLER_RX,19,00000000000000000600000140254012
4014674.375,3211727,UPM_CONTROLLER_RX,19,00000000000000000600000140254012
4014678.125,3211730,UPM_CONTROLLER_RX,19,00000000000000000600000140254012
4014681.875,3211733,UPM_CONTROLLER_RX,19,00000000000000000600000140254012
4014685.625,3211736,UPM_CONTROLLER_RX,19,00000000000000000600000140254012
4014689.375,3211739,UPM_CONTROLLER_RX,19,00000000000000000600000140254012
4014693.125,3211742,UPM_CONTROLLER_RX,19,00000000000000000600000140254012
4014696.875,3211745,UPM_CONTROLLER_RX,19,00000000000000000600000140254012
4014700.625,3211748,UPM_CONTROLLER_RX,19,00000000000000000600000140254012
4014704.375,3211751,UPM_CONTROLLER_RX,19,00000000000000000600000140254012
4014708.125,3211754,UPM_CONTROLLER_RX,19,00000000000000000600000140254012
4014711.875,3211757,UPM_CONTROLLER_RX,19,00000000000000000600000140254012
4014715.625,3211760,UPM_CONTROLLER_RX,19,00000000000000000600000140254012
4014719.375,3211763,UPM_CONTROLLER_RX,19,00000000000000000600000140254012
4014723.125,3211766,UPM_CONTROLLER_RX,19,00000000000000000600000140254012
4014726.875,3211769,UPM_CONTROLLER_RX,19,00000000000000000600000140254012
4014730.625,3211772,UPM_CONTROLLER_RX,19,00000000000000000600000140254012
4014731.875,3211773,UPM_TX,0,00000000000000000200010040244012
4014734.375,3211775,UPM_CONTROLLER_RX,19,00000000000000000600000140254012
4014738.125,3211778,UPM_CONTROLLER_RX,19,00000000000000000600000140254012
4014741.875,3211781,UPM_CONTROLLER_RX,19,00000000000000000600000140254012
4014745.625,3211784,UPM_CONTROLLER_RX,19,00000000000000000600000140254012
4014749.375,3211787,UPM_CONTROLLER_RX,19,00000000000000000600000140254012
4014753.125,3211790,UPM_CONTROLLER_RX,19,00000000000000000600000140254012
4014756.875,3211793,UPM_CONTROLLER_RX,19,00000000000000000600000140254012
4014760.625,3211796,UPM_CONTROLLER_RX,19,00000000000000000600000140254012
4014764.375,3211799,UPM_CONTROLLER_RX,19,00000000000000000600000140254012
4014768.125,3211802,UPM_CONTROLLER_RX,19,00000000000000000600000140254012
4014771.875,3211805,UPM_CONTROLLER_RX,19,00000000000000000600000140254012
4014775.625,3211808,UPM_CONTROLLER_RX,19,00000000000000000600000140254012
4014779.375,3211811,UPM_CONTROLLER_RX,19,00000000000000000600000140254012
4014783.125,3211814,UPM_CONTROLLER_RX,19,00000000000000000600000140254012
4014786.875,3211817,UPM_CONTROLLER_RX,19,00000000000000000600000140254012
4014790.625,3211820,UPM_CONTROLLER_RX,19,00000000000000000600000140254012
4014794.375,3211823,UPM_CONTROLLER_RX,19,00000000000000000600000140254012
4014798.125,3211826,UPM_CONTROLLER_RX,19,00000000000000000600000140254012
4014801.875,3211829,UPM_CONTROLLER_RX,19,00000000000000000600000140254012
4014805.625,3211832,UPM_CONTROLLER_RX,19,00000000000000000600000140254012
4014809.375,3211835,UPM_CONTROLLER_RX,19,00000000000000000600000140254012
4014813.125,3211838,UPM_CONTROLLER_RX,19,00000000000000000600000140254012
4014816.875,3211841,UPM_CONTROLLER_RX,19,00000000000000000600000140254012
4014820.625,3211844,UPM_CONTROLLER_RX,19,00000000000000000600000140254012
4014824.375,3211847,UPM_CONTROLLER_RX,19,00000000000000000600000140254012
4014828.125,3211850,UPM_CONTROLLER_RX,19,00000000000000000600000140254012
4014831.875,3211853,UPM_CONTROLLER_RX,19,00000000000000000600000140254012
4014835.625,3211856,UPM_CONTROLLER_RX,19,00000000000000000600000140254012
4014839.375,3211859,UPM_CONTROLLER_RX,19,00000000000000000600000140254012
4014843.125,3211862,UPM_CONTROLLER_RX,19,00000000000000000600000140254012
4014846.875,3211865,UPM_CONTROLLER_RX,19,00000000000000000600000140254012
4014850.625,3211868,UPM_CONTROLLER_RX,19,00000000000000000600000140254012
4014853.125,3211870,UPM_TX,0,00000000000000000200010040244012
4014854.375,3211871,UPM_CONTROLLER_RX,19,00000000000000000600000140254012
4014858.125,3211874,UPM_CONTROLLER_RX,19,00000000000000000600000140254012
4014861.875,3211877,UPM_CONTROLLER_RX,19,00000000000000000600000140254012
4014865.625,3211880,UPM_CONTROLLER_RX,19,00000000000000000600000140254012
4014869.375,3211883,UPM_CONTROLLER_RX,19,00000000000000000600000140254012
4014873.125,3211886,UPM_CONTROLLER_RX,19,00000000000000000600000140254012
4014876.875,3211889,UPM_CONTROLLER_RX,19,00000000000000000600000140254012
4014880.625,3211892,UPM_CONTROLLER_RX,19,00000000000000000600000140254012
4014884.375,3211895,UPM_CONTROLLER_RX,19,00000000000000000600000140254012
4014888.125,3211898,UPM_CONTROLLER_RX,19,00000000000000000600000140254012
4014891.875,3211901,UPM_CONTROLLER_RX,19,00000000000000000600000140254012
4014895.625,3211904,UPM_CONTROLLER_RX,19,00000000000000000600000140254012
4014899.375,3211907,UPM_CONTROLLER_RX,19,00000000000000000600000140254012
4014903.125,3211910,UPM_CONTROLLER_RX,19,00000000000000000600000140254012
4014906.875,3211913,UPM_CONTROLLER_RX,19,00000000000000000600000140254012
4014910.625,3211916,UPM_CONTROLLER_RX,19,00000000000000000600000140254012
4014914.375,3211919,UPM_CONTROLLER_RX,19,00000000000000000600000140254012
4014918.125,3211922,UPM_CONTROLLER_RX,19,00000000000000000600000140254012
4014921.875,3211925,UPM_CONTROLLER_RX,19,00000000000000000600000140254012
4014925.625,3211928,UPM_CONTROLLER_RX,19,00000000000000000600000140254012
4014929.375,3211931,UPM_CONTROLLER_RX,19,00000000000000000600000140254012
4014933.125,3211934,UPM_CONTROLLER_RX,19,00000000000000000600000140254012
4014936.875,3211937,UPM_CONTROLLER_RX,19,00000000000000000600000140254012
4014940.625,3211940,UPM_CONTROLLER_RX,19,00000000000000000600000140254012
4014944.375,3211943,UPM_CONTROLLER_RX,19,00000000000000000600000140254012
4014948.125,3211946,UPM_CONTROLLER_RX,19,00000000000000000600000140254012
4014951.875,3211949,UPM_CONTROLLER_RX,19,00000000000000000600000140254012
4014955.625,3211952,UPM_CONTROLLER_RX,19,00000000000000000600000140254012
4014959.375,3211955,UPM_CONTROLLER_RX,19,00000000000000000600000140254012
4014963.125,3211958,UPM_CONTROLLER_RX,19,00000000000000000600000140254012
4014966.875,3211961,UPM_CONTROLLER_RX,19,00000000000000000600000140254012
4014970.625,3211964,UPM_CONTROLLER_RX,19,00000000000000000600000140254012
4014974.375,3211967,UPM_TX,0,00000000000000000200010040244012
4014974.375,3211967,UPM_CONTROLLER_RX,19,00000000000000000600000140254012
4014978.125,3211970,UPM_CONTROLLER_RX,19,00000000000000000600000140254012
4014981.875,3211973,UPM_CONTROLLER_RX,19,00000000000000000600000140254012
4014985.625,3211976,UPM_CONTROLLER_RX,19,00000000000000000600000140254012
4014989.375,3211979,UPM_CONTROLLER_RX,19,00000000000000000600000140254012
4014993.125,3211982,UPM_CONTROLLER_RX,19,00000000000000000600000140254012
4014996.875,3211985,UPM_CONTROLLER_RX,19,00000000000000000600000140254012
4015000.625,3211988,UPM_CONTROLLER_RX,19,00000000000000000600000140254012
4015004.375,3211991,UPM_CONTROLLER_RX,19,00000000000000000600000140254012
4015008.125,3211994,UPM_CONTROLLER_RX,19,00000000000000000600000140254012
4015011.875,3211997,UPM_CONTROLLER_RX,19,00000000000000000600000140254012
4015015.625,3212000,UPM_CONTROLLER_RX,19,00000000000000000600000140254012
4015019.375,3212003,UPM_CONTROLLER_RX,19,00000000000000000600000140254012
4015023.125,3212006,UPM_CONTROLLER_RX,19,00000000000000000600000140254012
4015026.875,3212009,UPM_CONTROLLER_RX,19,00000000000000000600000140254012
4015030.625,3212012,UPM_CONTROLLER_RX,19,00000000000000000600000140254012
4015034.375,3212015,UPM_CONTROLLER_RX,19,00000000000000000600000140254012
4015038.125,3212018,UPM_CONTROLLER_RX,19,00000000000000000600000140254012
4015041.875,3212021,UPM_CONTROLLER_RX,19,00000000000000000600000140254012
4015045.625,3212024,UPM_CONTROLLER_RX,19,00000000000000000600000140254012
4015049.375,3212027,UPM_CONTROLLER_RX,19,00000000000000000600000140254012
4015053.125,3212030,UPM_CONTROLLER_RX,19,00000000000000000600000140254012
4015056.875,3212033,UPM_CONTROLLER_RX,19,00000000000000000600000140254012
4015060.625,3212036,UPM_CONTROLLER_RX,19,00000000000000000600000140254012
4015064.375,3212039,UPM_CONTROLLER_RX,19,00000000000000000600000140254012
4015068.125,3212042,UPM_CONTROLLER_RX,19,00000000000000000600000140254012
4015071.875,3212045,UPM_CONTROLLER_RX,19,00000000000000000600000140254012
4015075.625,3212048,UPM_CONTROLLER_RX,19,00000000000000000600000140254012
4015079.375,3212051,UPM_CONTROLLER_RX,19,00000000000000000600000140254012
4015083.125,3212054,UPM_CONTROLLER_RX,19,00000000000000000600000140254012
4015086.875,3212057,UPM_CONTROLLER_RX,19,00000000000000000600000140254012
4015090.625,3212060,UPM_CONTROLLER_RX,19,00000000000000000600000140254012
4015094.375,3212063,UPM_CONTROLLER_RX,19,00000000000000000600000140254012
4015095.625,3212064,UPM_TX,0,00000000000000000200010040244012
4015098.125,3212066,UPM_CONTROLLER_RX,19,00000000000000000600000140254012
4015101.875,3212069,UPM_CONTROLLER_RX,19,00000000000000000600000140254012
4015105.625,3212072,UPM_CONTROLLER_RX,19,00000000000000000600000140254012
4015109.375,3212075,UPM_CONTROLLER_RX,19,00000000000000000600000140254012
4015113.125,3212078,UPM_CONTROLLER_RX,19,00000000000000000600000140254012
4015116.875,3212081,UPM_CONTROLLER_RX,19,00000000000000000600000140254012
4015120.625,3212084,UPM_CONTROLLER_RX,19,00000000000000000600000140254012
4015124.375,3212087,UPM_CONTROLLER_RX,19,00000000000000000600000140254012
4015128.125,3212090,UPM_CONTROLLER_RX,19,00000000000000000600000140254012
4015131.875,3212093,UPM_CONTROLLER_RX,19,00000000000000000600000140254012
4015135.625,3212096,UPM_CONTROLLER_RX,19,00000000000000000600000140254012
4015139.375,3212099,UPM_CONTROLLER_RX,19,00000000000000000600000140254012
4015143.125,3212102,UPM_CONTROLLER_RX,19,00000000000000000600000140254012
4015146.875,3212105,UPM_CONTROLLER_RX,19,00000000000000000600000140254012
4015150.625,3212108,UPM_CONTROLLER_RX,19,00000000000000000600000140254012
4015154.375,3212111,UPM_CONTROLLER_RX,19,00000000000000000600000140254012
4015158.125,3212114,UPM_CONTROLLER_RX,19,00000000000000000600000140254012
4015161.875,3212117,UPM_CONTROLLER_RX,19,00000000000000000600000140254012
4015165.625,3212120,UPM_CONTROLLER_RX,19,00000000000000000600000140254012
4015169.375,3212123,UPM_CONTROLLER_RX,19,00000000000000000600000140254012
4015173.125,3212126,UPM_CONTROLLER_RX,19,00000000000000000600000140254012
4015176.875,3212129,UPM_CONTROLLER_RX,19,00000000000000000600000140254012
4015180.625,3212132,UPM_CONTROLLER_RX,19,00000000000000000600000140254012
4015184.375,3212135,UPM_CONTROLLER_RX,19,00000000000000000600000140254012
4015188.125,3212138,UPM_CONTROLLER_RX,19,00000000000000000600000140254012
4015191.875,3212141,UPM_CONTROLLER_RX,19,00000000000000000600000140254012
4015195.625,3212144,UPM_CONTROLLER_RX,19,00000000000000000600000140254012
4015199.375,3212147,UPM_CONTROLLER_RX,19,00000000000000000600000140254012
4015203.125,3212150,UPM_CONTROLLER_RX,19,00000000000000000600000140254012
4015206.875,3212153,UPM_CONTROLLER_RX,19,00000000000000000600000140254012
4015210.625,3212156,UPM_CONTROLLER_RX,19,00000000000000000600000140254012
4015214.375,3212159,UPM_CONTROLLER_RX,19,00000000000000000600000140254012
4015216.875,3212161,UPM_TX,0,00000000000000000200010040244012
4015218.125,3212162,UPM_CONTROLLER_RX,19,00000000000000000600000140254012
4015221.875,3212165,UPM_CONTROLLER_RX,19,00000000000000000600000140254012
4015225.625,3212168,UPM_CONTROLLER_RX,19,00000000000000000600000140254012
4015229.375,3212171,UPM_CONTROLLER_RX,19,00000000000000000600000140254012
4015233.125,3212174,UPM_CONTROLLER_RX,19,00000000000000000600000140254012
4015236.875,3212177,UPM_CONTROLLER_RX,19,00000000000000000600000140254012
4015240.625,3212180,UPM_CONTROLLER_RX,19,00000000000000000600000140254012
4015244.375,3212183,UPM_CONTROLLER_RX,19,00000000000000000600000140254012
4015248.125,3212186,UPM_CONTROLLER_RX,19,00000000000000000600000140254012
4015251.875,3212189,UPM_CONTROLLER_RX,19,00000000000000000600000140254012
4015255.625,3212192,UPM_CONTROLLER_RX,19,00000000000000000600000140254012
4015259.375,3212195,UPM_CONTROLLER_RX,19,00000000000000000600000140254012
4015263.125,3212198,UPM_CONTROLLER_RX,19,00000000000000000600000140254012
4015266.875,3212201,UPM_CONTROLLER_RX,19,00000000000000000600000140254012
4015270.625,3212204,UPM_CONTROLLER_RX,19,00000000000000000600000140254012
4015274.375,3212207,UPM_CONTROLLER_RX,19,00000000000000000600000140254012
4015278.125,3212210,UPM_CONTROLLER_RX,19,00000000000000000600000140254012
4015281.875,3212213,UPM_CONTROLLER_RX,19,00000000000000000600000140254012
4015285.625,3212216,UPM_CONTROLLER_RX,19,00000000000000000600000140254012
4015289.375,3212219,UPM_CONTROLLER_RX,19,00000000000000000600000140254012
4015293.125,3212222,UPM_CONTROLLER_RX,19,00000000000000000600000140254012
4015296.875,3212225,UPM_CONTROLLER_RX,19,00000000000000000600000140254012
4015300.625,3212228,UPM_CONTROLLER_RX,19,00000000000000000600000140254012
4015304.375,3212231,UPM_CONTROLLER_RX,19,00000000000000000600000140254012
4015308.125,3212234,UPM_CONTROLLER_RX,19,00000000000000000600000140254012
4015311.875,3212237,UPM_CONTROLLER_RX,19,00000000000000000600000140254012
4015315.625,3212240,UPM_CONTROLLER_RX,19,00000000000000000600000140254012
4015319.375,3212243,UPM_CONTROLLER_RX,19,00000000000000000600000140254012
4015323.125,3212246,UPM_CONTROLLER_RX,19,00000000000000000600000140254012
4015326.875,3212249,UPM_CONTROLLER_RX,19,00000000000000000600000140254012
4015330.625,3212252,UPM_CONTROLLER_RX,19,00000000000000000600000140254012
4015334.375,3212255,UPM_CONTROLLER_RX,19,00000000000000000600000140254012
4015338.125,3212258,UPM_TX,0,00000000000000000200010040244012
4015338.125,3212258,UPM_CONTROLLER_RX,19,00000000000000000600000140254012
4015341.875,3212261,UPM_CONTROLLER_RX,19,00000000000000000600000140254012
4015345.625,3212264,UPM_CONTROLLER_RX,19,00000000000000000600000140254012
4015349.375,3212267,UPM_CONTROLLER_RX,19,00000000000000000600000140254012
4015353.125,3212270,UPM_CONTROLLER_RX,19,00000000000000000600000140254012
4015356.875,3212273,UPM_CONTROLLER_RX,19,00000000000000000600000140254012
4015360.625,3212276,UPM_CONTROLLER_RX,19,00000000000000000600000140254012
4015364.375,3212279,UPM_CONTROLLER_RX,19,00000000000000000600000140254012
4015368.125,3212282,UPM_CONTROLLER_RX,19,00000000000000000600000140254012
4015371.875,3212285,UPM_CONTROLLER_RX,19,00000000000000000600000140254012
4015375.625,3212288,UPM_CONTROLLER_RX,19,00000000000000000600000140254012
4015379.375,3212291,UPM_CONTROLLER_RX,19,00000000000000000600000140254012
4015383.125,3212294,UPM_CONTROLLER_RX,19,00000000000000000600000140254012
4015386.875,3212297,UPM_CONTROLLER_RX,19,00000000000000000600000140254012
4015390.625,3212300,UPM_CONTROLLER_RX,19,00000000000000000600000140254012
4015394.375,3212303,UPM_CONTROLLER_RX,19,00000000000000000600000140254012
4015398.125,3212306,UPM_CONTROLLER_RX,19,00000000000000000600000140254012
4015401.875,3212309,UPM_CONTROLLER_RX,19,00000000000000000600000140254012
4015405.625,3212312,UPM_CONTROLLER_RX,19,00000000000000000600000140254012
4015409.375,3212315,UPM_CONTROLLER_RX,19,00000000000000000600000140254012
4015413.125,3212318,UPM_CONTROLLER_RX,19,00000000000000000600000140254012
4015416.875,3212321,UPM_CONTROLLER_RX,19,00000000000000000600000140254012
4015420.625,3212324,UPM_CONTROLLER_RX,19,00000000000000000600000140254012
4015424.375,3212327,UPM_CONTROLLER_RX,19,00000000000000000600000140254012
4015428.125,3212330,UPM_CONTROLLER_RX,19,00000000000000000600000140254012
4015431.875,3212333,UPM_CONTROLLER_RX,19,00000000000000000600000140254012
4015435.625,3212336,UPM_CONTROLLER_RX,19,00000000000000000600000140254012
4015439.375,3212339,UPM_CONTROLLER_RX,19,00000000000000000600000140254012
4015443.125,3212342,UPM_CONTROLLER_RX,19,00000000000000000600000140254012
4015446.875,3212345,UPM_CONTROLLER_RX,19,00000000000000000600000140254012
4015450.625,3212348,UPM_CONTROLLER_RX,19,00000000000000000600000140254012
4015454.375,3212351,UPM_CONTROLLER_RX,19,00000000000000000600000140254012
4015458.125,3212354,UPM_CONTROLLER_RX,19,00000000000000000600000140254012
4015459.375,3212355,UPM_TX,0,00000000000000000200010040244012
4015461.875,3212357,UPM_CONTROLLER_RX,19,00000000000000000600000140254012
4015465.625,3212360,UPM_CONTROLLER_RX,19,00000000000000000600000140254012
4015469.375,3212363,UPM_CONTROLLER_RX,19,00000000000000000600000140254012
4015473.125,3212366,UPM_CONTROLLER_RX,19,00000000000000000600000140254012
4015476.875,3212369,UPM_CONTROLLER_RX,19,00000000000000000600000140254012
4015480.625,3212372,UPM_CONTROLLER_RX,19,00000000000000000600000140254012
4015484.375,3212375,UPM_CONTROLLER_RX,19,00000000000000000600000140254012
4015488.125,3212378,UPM_CONTROLLER_RX,19,00000000000000000600000140254012
4015491.875,3212381,UPM_CONTROLLER_RX,19,00000000000000000600000140254012
4015495.625,3212384,UPM_CONTROLLER_RX,19,00000000000000000600000140254012
4015499.375,3212387,UPM_CONTROLLER_RX,19,00000000000000000600000140254012
4015503.125,3212390,UPM_CONTROLLER_RX,19,00000000000000000600000140254012
4015506.875,3212393,UPM_CONTROLLER_RX,19,00000000000000000600000140254012
4015510.625,3212396,UPM_CONTROLLER_RX,19,00000000000000000600000140254012
4015514.375,3212399,UPM_CONTROLLER_RX,19,00000000000000000600000140254012
4015518.125,3212402,UPM_CONTROLLER_RX,19,00000000000000000600000140254012
4015521.875,3212405,UPM_CONTROLLER_RX,19,00000000000000000600000140254012
4015525.625,3212408,UPM_CONTROLLER_RX,19,00000000000000000600000140254012
4015529.375,3212411,UPM_CONTROLLER_RX,19,00000000000000000600000140254012
4015533.125,3212414,UPM_CONTROLLER_RX,19,00000000000000000600000140254012
4015536.875,3212417,UPM_CONTROLLER_RX,19,00000000000000000600000140254012
4015540.625,3212420,UPM_CONTROLLER_RX,19,00000000000000000600000140254012
4015544.375,3212423,UPM_CONTROLLER_RX,19,00000000000000000600000140254012
4015548.125,3212426,UPM_CONTROLLER_RX,19,00000000000000000600000140254012
4015551.875,3212429,UPM_CONTROLLER_RX,19,00000000000000000600000140254012
4015555.625,3212432,UPM_CONTROLLER_RX,19,00000000000000000600000140254012
4015559.375,3212435,UPM_CONTROLLER_RX,19,00000000000000000600000140254012
4015563.125,3212438,UPM_CONTROLLER_RX,19,00000000000000000600000140254012
4015566.875,3212441,UPM_CONTROLLER_RX,19,00000000000000000600000140254012
4015570.625,3212444,UPM_CONTROLLER_RX,19,00000000000000000600000140254012
4015574.375,3212447,UPM_CONTROLLER_RX,19,00000000000000000600000140254012
4015578.125,3212450,UPM_CONTROLLER_RX,19,00000000000000000600000140254012
4015580.625,3212452,UPM_TX,0,00000000000000000200010040244012
4015581.875,3212453,UPM_CONTROLLER_RX,19,00000000000000000600000140254012
4015585.625,3212456,UPM_CONTROLLER_RX,19,00000000000000000600000140254012
4015589.375,3212459,UPM_CONTROLLER_RX,19,00000000000000000600000140254012
4015593.125,3212462,UPM_CONTROLLER_RX,19,00000000000000000600000140254012
4015596.875,3212465,UPM_CONTROLLER_RX,19,00000000000000000600000140254012
4015600.625,3212468,UPM_CONTROLLER_RX,19,00000000000000000600000140254012
4015604.375,3212471,UPM_CONTROLLER_RX,19,00000000000000000600000140254012
4015608.125,3212474,UPM_CONTROLLER_RX,19,00000000000000000600000140254012
4015611.875,3212477,UPM_CONTROLLER_RX,19,00000000000000000600000140254012
4015615.625,3212480,UPM_CONTROLLER_RX,19,00000000000000000600000140254012
4015619.375,3212483,UPM_CONTROLLER_RX,19,00000000000000000600000140254012
4015623.125,3212486,UPM_CONTROLLER_RX,19,00000000000000000600000140254012
4015626.875,3212489,UPM_CONTROLLER_RX,19,00000000000000000600000140254012
4015630.625,3212492,UPM_CONTROLLER_RX,19,00000000000000000600000140254012
4015634.375,3212495,UPM_CONTROLLER_RX,19,00000000000000000600000140254012
4015638.125,3212498,UPM_CONTROLLER_RX,19,00000000000000000600000140254012
4015641.875,3212501,UPM_CONTROLLER_RX,19,00000000000000000600000140254012
4015645.625,3212504,UPM_CONTROLLER_RX,19,00000000000000000600000140254012
4015649.375,3212507,UPM_CONTROLLER_RX,19,00000000000000000600000140254012
4015653.125,3212510,UPM_CONTROLLER_RX,19,00000000000000000600000140254012
4015656.875,3212513,UPM_CONTROLLER_RX,19,00000000000000000600000140254012
4015660.625,3212516,UPM_CONTROLLER_RX,19,00000000000000000600000140254012
4015664.375,3212519,UPM_CONTROLLER_RX,19,00000000000000000600000140254012
4015668.125,3212522,UPM_CONTROLLER_RX,19,00000000000000000600000140254012
4015671.875,3212525,UPM_CONTROLLER_RX,19,00000000000000000600000140254012
4015675.625,3212528,UPM_CONTROLLER_RX,19,00000000000000000600000140254012
4015679.375,3212531,UPM_CONTROLLER_RX,19,00000000000000000600000140254012
4015683.125,3212534,UPM_CONTROLLER_RX,19,00000000000000000600000140254012
4015686.875,3212537,UPM_CONTROLLER_RX,19,00000000000000000600000140254012
4015690.625,3212540,UPM_CONTROLLER_RX,19,00000000000000000600000140254012
4015694.375,3212543,UPM_CONTROLLER_RX,19,00000000000000000600000140254012
4015698.125,3212546,UPM_CONTROLLER_RX,19,00000000000000000600000140254012
4015701.875,3212549,UPM_TX,0,00000000000000000200010040244012
4015701.875,3212549,UPM_CONTROLLER_RX,19,00000000000000000600000140254012
4015705.625,3212552,UPM_CONTROLLER_RX,19,00000000000000000600000140254012
4015709.375,3212555,UPM_CONTROLLER_RX,19,00000000000000000600000140254012
4015713.125,3212558,UPM_CONTROLLER_RX,19,00000000000000000600000140254012
4015716.875,3212561,UPM_CONTROLLER_RX,19,00000000000000000600000140254012
4015720.625,3212564,UPM_CONTROLLER_RX,19,00000000000000000600000140254012
4015724.375,3212567,UPM_CONTROLLER_RX,19,00000000000000000600000140254012
4015728.125,3212570,UPM_CONTROLLER_RX,19,00000000000000000600000140254012
4015731.875,3212573,UPM_CONTROLLER_RX,19,00000000000000000600000140254012
4015735.625,3212576,UPM_CONTROLLER_RX,19,00000000000000000600000140254012
4015739.375,3212579,UPM_CONTROLLER_RX,19,00000000000000000600000140254012
4015743.125,3212582,UPM_CONTROLLER_RX,19,00000000000000000600000140254012
4015746.875,3212585,UPM_CONTROLLER_RX,19,00000000000000000600000140254012
4015750.625,3212588,UPM_CONTROLLER_RX,19,00000000000000000600000140254012
4015754.375,3212591,UPM_CONTROLLER_RX,19,00000000000000000600000140254012
4015758.125,3212594,UPM_CONTROLLER_RX,19,00000000000000000600000140254012
4015761.875,3212597,UPM_CONTROLLER_RX,19,00000000000000000600000140254012
4015765.625,3212600,UPM_CONTROLLER_RX,19,00000000000000000600000140254012
4015769.375,3212603,UPM_CONTROLLER_RX,19,00000000000000000600000140254012
4015773.125,3212606,UPM_CONTROLLER_RX,19,00000000000000000600000140254012
4015776.875,3212609,UPM_CONTROLLER_RX,19,00000000000000000600000140254012
4015780.625,3212612,UPM_CONTROLLER_RX,19,00000000000000000600000140254012
4015784.375,3212615,UPM_CONTROLLER_RX,19,00000000000000000600000140254012
4015788.125,3212618,UPM_CONTROLLER_RX,19,00000000000000000600000140254012
4015791.875,3212621,UPM_CONTROLLER_RX,19,00000000000000000600000140254012
4015795.625,3212624,UPM_CONTROLLER_RX,19,00000000000000000600000140254012
4015799.375,3212627,UPM_CONTROLLER_RX,19,00000000000000000600000140254012
4015803.125,3212630,UPM_CONTROLLER_RX,19,00000000000000000600000140254012
4015806.875,3212633,UPM_CONTROLLER_RX,19,00000000000000000600000140254012
4015810.625,3212636,UPM_CONTROLLER_RX,19,00000000000000000600000140254012
4015814.375,3212639,UPM_CONTROLLER_RX,19,00000000000000000600000140254012
4015818.125,3212642,UPM_CONTROLLER_RX,19,00000000000000000600000140254012
4015821.875,3212645,UPM_CONTROLLER_RX,19,00000000000000000600000140254012
4015823.125,3212646,UPM_TX,0,00000000000000000200010040244012
4015825.625,3212648,UPM_CONTROLLER_RX,19,00000000000000000600000140254012
4015829.375,3212651,UPM_CONTROLLER_RX,19,00000000000000000600000140254012
4015833.125,3212654,UPM_CONTROLLER_RX,19,00000000000000000600000140254012
4015836.875,3212657,UPM_CONTROLLER_RX,19,00000000000000000600000140254012
4015840.625,3212660,UPM_CONTROLLER_RX,19,00000000000000000600000140254012
4015844.375,3212663,UPM_CONTROLLER_RX,19,00000000000000000600000140254012
4015848.125,3212666,UPM_CONTROLLER_RX,19,00000000000000000600000140254012
4015851.875,3212669,UPM_CONTROLLER_RX,19,00000000000000000600000140254012
4015855.625,3212672,UPM_CONTROLLER_RX,19,00000000000000000600000140254012
4015859.375,3212675,UPM_CONTROLLER_RX,19,00000000000000000600000140254012
4015863.125,3212678,UPM_CONTROLLER_RX,19,00000000000000000600000140254012
4015866.875,3212681,UPM_CONTROLLER_RX,19,00000000000000000600000140254012
4015870.625,3212684,UPM_CONTROLLER_RX,19,00000000000000000600000140254012
4015874.375,3212687,UPM_CONTROLLER_RX,19,00000000000000000600000140254012
4015878.125,3212690,UPM_CONTROLLER_RX,19,00000000000000000600000140254012
4015881.875,3212693,UPM_CONTROLLER_RX,19,00000000000000000600000140254012
4015885.625,3212696,UPM_CONTROLLER_RX,19,00000000000000000600000140254012
4015889.375,3212699,UPM_CONTROLLER_RX,19,00000000000000000600000140254012
4015893.125,3212702,UPM_CONTROLLER_RX,19,00000000000000000600000140254012
4015896.875,3212705,UPM_CONTROLLER_RX,19,00000000000000000600000140254012
4015900.625,3212708,UPM_CONTROLLER_RX,19,00000000000000000600000140254012
4015904.375,3212711,UPM_CONTROLLER_RX,19,00000000000000000600000140254012
4015908.125,3212714,UPM_CONTROLLER_RX,19,00000000000000000600000140254012
4015911.875,3212717,UPM_CONTROLLER_RX,19,00000000000000000600000140254012
4015915.625,3212720,UPM_CONTROLLER_RX,19,00000000000000000600000140254012
4015919.375,3212723,UPM_CONTROLLER_RX,19,00000000000000000600000140254012
4015923.125,3212726,UPM_CONTROLLER_RX,19,00000000000000000600000140254012
4015926.875,3212729,UPM_CONTROLLER_RX,19,00000000000000000600000140254012
4015930.625,3212732,UPM_CONTROLLER_RX,19,00000000000000000600000140254012
4015934.375,3212735,UPM_CONTROLLER_RX,19,00000000000000000600000140254012
4015938.125,3212738,UPM_CONTROLLER_RX,19,00000000000000000600000140254012
4015941.875,3212741,UPM_CONTROLLER_RX,19,00000000000000000600000140254012
4015944.375,3212743,UPM_TX,0,00000000000000000200010040244012
4015945.625,3212744,UPM_CONTROLLER_RX,19,00000000000000000600000140254012
4015949.375,3212747,UPM_CONTROLLER_RX,19,00000000000000000600000140254012
4015953.125,3212750,UPM_CONTROLLER_RX,19,00000000000000000600000140254012
4015956.875,3212753,UPM_CONTROLLER_RX,19,00000000000000000600000140254012
4015960.625,3212756,UPM_CONTROLLER_RX,19,00000000000000000600000140254012
4015964.375,3212759,UPM_CONTROLLER_RX,19,00000000000000000600000140254012
4015968.125,3212762,UPM_CONTROLLER_RX,19,00000000000000000600000140254012
4015971.875,3212765,UPM_CONTROLLER_RX,19,00000000000000000600000140254012
4015975.625,3212768,UPM_CONTROLLER_RX,19,00000000000000000600000140254012
4015979.375,3212771,UPM_CONTROLLER_RX,19,00000000000000000600000140254012
4015983.125,3212774,UPM_CONTROLLER_RX,19,00000000000000000600000140254012
4015986.875,3212777,UPM_CONTROLLER_RX,19,00000000000000000600000140254012
4015990.625,3212780,UPM_CONTROLLER_RX,19,00000000000000000600000140254012
4015994.375,3212783,UPM_CONTROLLER_RX,19,00000000000000000600000140254012
4015998.125,3212786,UPM_CONTROLLER_RX,19,00000000000000000600000140254012
4016001.875,3212789,UPM_CONTROLLER_RX,19,00000000000000000600000140254012
4016005.625,3212792,UPM_CONTROLLER_RX,19,00000000000000000600000140254012
4016009.375,3212795,UPM_CONTROLLER_RX,19,00000000000000000600000140254012
4016013.125,3212798,UPM_CONTROLLER_RX,19,00000000000000000600000140254012
4016016.875,3212801,UPM_CONTROLLER_RX,19,00000000000000000600000140254012
4016020.625,3212804,UPM_CONTROLLER_RX,19,00000000000000000600000140254012
4016024.375,3212807,UPM_CONTROLLER_RX,19,00000000000000000600000140254012
4016028.125,3212810,UPM_CONTROLLER_RX,19,00000000000000000600000140254012
4016031.875,3212813,UPM_CONTROLLER_RX,19,00000000000000000600000140254012
4016035.625,3212816,UPM_CONTROLLER_RX,19,00000000000000000600000140254012
4016039.375,3212819,UPM_CONTROLLER_RX,19,00000000000000000600000140254012
4016043.125,3212822,UPM_CONTROLLER_RX,19,00000000000000000600000140254012
4016046.875,3212825,UPM_CONTROLLER_RX,19,00000000000000000600000140254012
4016050.625,3212828,UPM_CONTROLLER_RX,19,00000000000000000600000140254012
4016054.375,3212831,UPM_CONTROLLER_RX,19,00000000000000000600000140254012
4016058.125,3212834,UPM_CONTROLLER_RX,19,00000000000000000600000140254012
4016061.875,3212837,UPM_CONTROLLER_RX,19,00000000000000000600000140254012
4016065.625,3212840,UPM_TX,0,00000000000000000200010040244012
4016065.625,3212840,UPM_CONTROLLER_RX,19,00000000000000000600000140254012
4016069.375,3212843,UPM_CONTROLLER_RX,19,00000000000000000600000140254012
4016073.125,3212846,UPM_CONTROLLER_RX,19,00000000000000000600000140254012
4016076.875,3212849,UPM_CONTROLLER_RX,19,00000000000000000600000140254012
4016080.625,3212852,UPM_CONTROLLER_RX,19,00000000000000000600000140254012
4016084.375,3212855,UPM_CONTROLLER_RX,19,00000000000000000600000140254012
4016088.125,3212858,UPM_CONTROLLER_RX,19,00000000000000000600000140254012
4016091.875,3212861,UPM_CONTROLLER_RX,19,00000000000000000600000140254012
4016095.625,3212864,UPM_CONTROLLER_RX,19,00000000000000000600000140254012
4016099.375,3212867,UPM_CONTROLLER_RX,19,00000000000000000600000140254012
4016103.125,3212870,UPM_CONTROLLER_RX,19,00000000000000000600000140254012
4016106.875,3212873,UPM_CONTROLLER_RX,19,00000000000000000600000140254012
4016110.625,3212876,UPM_CONTROLLER_RX,19,00000000000000000600000140254012
4016114.375,3212879,UPM_CONTROLLER_RX,19,00000000000000000600000140254012
4016118.125,3212882,UPM_CONTROLLER_RX,19,00000000000000000600000140254012
4016121.875,3212885,UPM_CONTROLLER_RX,19,00000000000000000600000140254012
4016125.625,3212888,UPM_CONTROLLER_RX,19,00000000000000000600000140254012
4016129.375,3212891,UPM_CONTROLLER_RX,19,00000000000000000600000140254012
4016133.125,3212894,UPM_CONTROLLER_RX,19,00000000000000000600000140254012
4016136.875,3212897,UPM_CONTROLLER_RX,19,00000000000000000600000140254012
4016140.625,3212900,UPM_CONTROLLER_RX,19,00000000000000000600000140254012
4016144.375,3212903,UPM_CONTROLLER_RX,19,00000000000000000600000140254012
4016148.125,3212906,UPM_CONTROLLER_RX,19,00000000000000000600000140254012
4016151.875,3212909,UPM_CONTROLLER_RX,19,00000000000000000600000140254012
4016155.625,3212912,UPM_CONTROLLER_RX,19,00000000000000000600000140254012
4016159.375,3212915,UPM_CONTROLLER_RX,19,00000000000000000600000140254012
4016163.125,3212918,UPM_CONTROLLER_RX,19,00000000000000000600000140254012
4016166.875,3212921,UPM_CONTROLLER_RX,19,00000000000000000600000140254012
4016170.625,3212924,UPM_CONTROLLER_RX,19,00000000000000000600000140254012
4016174.375,3212927,UPM_CONTROLLER_RX,19,00000000000000000600000140254012
4016178.125,3212930,UPM_CONTROLLER_RX,19,00000000000000000600000140254012
4016181.875,3212933,UPM_CONTROLLER_RX,19,00000000000000000600000140254012
4016185.625,3212936,UPM_CONTROLLER_RX,19,00000000000000000600000140254012
4016186.875,3212937,UPM_TX,0,00000000000000000200010040244012
4016189.375,3212939,UPM_CONTROLLER_RX,19,00000000000000000600000140254012
4016193.125,3212942,UPM_CONTROLLER_RX,19,00000000000000000600000140254012
4016196.875,3212945,UPM_CONTROLLER_RX,19,00000000000000000600000140254012
4016200.625,3212948,UPM_CONTROLLER_RX,19,00000000000000000600000140254012
4016204.375,3212951,UPM_CONTROLLER_RX,19,00000000000000000600000140254012
4016208.125,3212954,UPM_CONTROLLER_RX,19,00000000000000000600000140254012
4016211.875,3212957,UPM_CONTROLLER_RX,19,00000000000000000600000140254012
4016215.625,3212960,UPM_CONTROLLER_RX,19,00000000000000000600000140254012
4016219.375,3212963,UPM_CONTROLLER_RX,19,00000000000000000600000140254012
4016223.125,3212966,UPM_CONTROLLER_RX,19,00000000000000000600000140254012
4016226.875,3212969,UPM_CONTROLLER_RX,19,00000000000000000600000140254012
4016230.625,3212972,UPM_CONTROLLER_RX,19,00000000000000000600000140254012
4016234.375,3212975,UPM_CONTROLLER_RX,19,00000000000000000600000140254012
4016238.125,3212978,UPM_CONTROLLER_RX,19,00000000000000000600000140254012
4016241.875,3212981,UPM_CONTROLLER_RX,19,00000000000000000600000140254012
4016245.625,3212984,UPM_CONTROLLER_RX,19,00000000000000000600000140254012
4016249.375,3212987,UPM_CONTROLLER_RX,19,00000000000000000600000140254012
4016253.125,3212990,UPM_CONTROLLER_RX,19,00000000000000000600000140254012
4016256.875,3212993,UPM_CONTROLLER_RX,19,00000000000000000600000140254012
4016260.625,3212996,UPM_CONTROLLER_RX,19,00000000000000000600000140254012
4016264.375,3212999,UPM_CONTROLLER_RX,19,00000000000000000600000140254012
4016268.125,3213002,UPM_CONTROLLER_RX,19,00000000000000000600000140254012
4016271.875,3213005,UPM_CONTROLLER_RX,19,00000000000000000600000140254012
4016275.625,3213008,UPM_CONTROLLER_RX,19,00000000000000000600000140254012
4016279.375,3213011,UPM_CONTROLLER_RX,19,00000000000000000600000140254012
4016283.125,3213014,UPM_CONTROLLER_RX,19,00000000000000000600000140254012
4016286.875,3213017,UPM_CONTROLLER_RX,19,00000000000000000600000140254012
4016290.625,3213020,UPM_CONTROLLER_RX,19,00000000000000000600000140254012
4016294.375,3213023,UPM_CONTROLLER_RX,19,00000000000000000600000140254012
4016298.125,3213026,UPM_CONTROLLER_RX,19,00000000000000000600000140254012
4016301.875,3213029,UPM_CONTROLLER_RX,19,00000000000000000600000140254012
4016305.625,3213032,UPM_CONTROLLER_RX,19,00000000000000000600000140254012
4016308.125,3213034,UPM_TX,0,00000000000000000200010040244012
4016309.375,3213035,UPM_CONTROLLER_RX,19,00000000000000000600000140254012
4016313.125,3213038,UPM_CONTROLLER_RX,19,00000000000000000600000140254012
4016316.875,3213041,UPM_CONTROLLER_RX,19,00000000000000000600000140254012
4016320.625,3213044,UPM_CONTROLLER_RX,19,00000000000000000600000140254012
4016324.375,3213047,UPM_CONTROLLER_RX,19,00000000000000000600000140254012
4016328.125,3213050,UPM_CONTROLLER_RX,19,00000000000000000600000140254012
4016331.875,3213053,UPM_CONTROLLER_RX,19,00000000000000000600000140254012
4016335.625,3213056,UPM_CONTROLLER_RX,19,00000000000000000600000140254012
4016339.375,3213059,UPM_CONTROLLER_RX,19,00000000000000000600000140254012
4016343.125,3213062,UPM_CONTROLLER_RX,19,00000000000000000600000140254012
4016346.875,3213065,UPM_CONTROLLER_RX,19,00000000000000000600000140254012
4016350.625,3213068,UPM_CONTROLLER_RX,19,00000000000000000600000140254012
4016354.375,3213071,UPM_CONTROLLER_RX,19,00000000000000000600000140254012
4016358.125,3213074,UPM_CONTROLLER_RX,19,00000000000000000600000140254012
4016361.875,3213077,UPM_CONTROLLER_RX,19,00000000000000000600000140254012
4016365.625,3213080,UPM_CONTROLLER_RX,19,00000000000000000600000140254012
4016369.375,3213083,UPM_CONTROLLER_RX,19,00000000000000000600000140254012
4016373.125,3213086,UPM_CONTROLLER_RX,19,00000000000000000600000140254012
4016376.875,3213089,UPM_CONTROLLER_RX,19,00000000000000000600000140254012
4016380.625,3213092,UPM_CONTROLLER_RX,19,00000000000000000600000140254012
4016384.375,3213095,UPM_CONTROLLER_RX,19,00000000000000000600000140254012
4016388.125,3213098,UPM_CONTROLLER_RX,19,00000000000000000600000140254012
4016391.875,3213101,UPM_CONTROLLER_RX,19,00000000000000000600000140254012
4016395.625,3213104,UPM_CONTROLLER_RX,19,00000000000000000600000140254012
4016399.375,3213107,UPM_CONTROLLER_RX,19,00000000000000000600000140254012
4016403.125,3213110,UPM_CONTROLLER_RX,19,00000000000000000600000140254012
4016406.875,3213113,UPM_CONTROLLER_RX,19,00000000000000000600000140254012
4016410.625,3213116,UPM_CONTROLLER_RX,19,00000000000000000600000140254012
4016414.375,3213119,UPM_CONTROLLER_RX,19,00000000000000000600000140254012
4016418.125,3213122,UPM_CONTROLLER_RX,19,00000000000000000600000140254012
4016421.875,3213125,UPM_CONTROLLER_RX,19,00000000000000000600000140254012
4016425.625,3213128,UPM_CONTROLLER_RX,19,00000000000000000600000140254012
4016429.375,3213131,UPM_TX,0,00000000000000000200010040244012
4016429.375,3213131,UPM_CONTROLLER_RX,19,00000000000000000600000140254012
4016433.125,3213134,UPM_CONTROLLER_RX,19,00000000000000000600000140254012
4016436.875,3213137,UPM_CONTROLLER_RX,19,00000000000000000600000140254012
4016440.625,3213140,UPM_CONTROLLER_RX,19,00000000000000000600000140254012
4016444.375,3213143,UPM_CONTROLLER_RX,19,00000000000000000600000140254012
4016448.125,3213146,UPM_CONTROLLER_RX,19,00000000000000000600000140254012
4016451.875,3213149,UPM_CONTROLLER_RX,19,00000000000000000600000140254012
4016455.625,3213152,UPM_CONTROLLER_RX,19,00000000000000000600000140254012
4016459.375,3213155,UPM_CONTROLLER_RX,19,00000000000000000600000140254012
4016463.125,3213158,UPM_CONTROLLER_RX,19,00000000000000000600000140254012
4016466.875,3213161,UPM_CONTROLLER_RX,19,00000000000000000600000140254012
4016470.625,3213164,UPM_CONTROLLER_RX,19,00000000000000000600000140254012
4016474.375,3213167,UPM_CONTROLLER_RX,19,00000000000000000600000140254012
4016478.125,3213170,UPM_CONTROLLER_RX,19,00000000000000000600000140254012
4016481.875,3213173,UPM_CONTROLLER_RX,19,00000000000000000600000140254012
4016485.625,3213176,UPM_CONTROLLER_RX,19,00000000000000000600000140254012
4016489.375,3213179,UPM_CONTROLLER_RX,19,00000000000000000600000140254012
4016493.125,3213182,UPM_CONTROLLER_RX,19,00000000000000000600000140254012
4016496.875,3213185,UPM_CONTROLLER_RX,19,00000000000000000600000140254012
4016500.625,3213188,UPM_CONTROLLER_RX,19,00000000000000000600000140254012
4016504.375,3213191,UPM_CONTROLLER_RX,19,00000000000000000600000140254012
4016508.125,3213194,UPM_CONTROLLER_RX,19,00000000000000000600000140254012
4016511.875,3213197,UPM_CONTROLLER_RX,19,00000000000000000600000140254012
4016515.625,3213200,UPM_CONTROLLER_RX,19,00000000000000000600000140254012
4016519.375,3213203,UPM_CONTROLLER_RX,19,00000000000000000600000140254012
4016523.125,3213206,UPM_CONTROLLER_RX,19,00000000000000000600000140254012
4016526.875,3213209,UPM_CONTROLLER_RX,19,00000000000000000600000140254012
4016530.625,3213212,UPM_CONTROLLER_RX,19,00000000000000000600000140254012
4016534.375,3213215,UPM_CONTROLLER_RX,19,00000000000000000600000140254012
4016538.125,3213218,UPM_CONTROLLER_RX,19,00000000000000000600000140254012
4016541.875,3213221,UPM_CONTROLLER_RX,19,00000000000000000600000140254012
4016545.625,3213224,UPM_CONTROLLER_RX,19,00000000000000000600000140254012
4016549.375,3213227,UPM_CONTROLLER_RX,19,00000000000000000600000140254012
4016550.625,3213228,UPM_TX,0,00000000000000000200010040244012
4016553.125,3213230,UPM_CONTROLLER_RX,19,00000000000000000600000140254012
4016556.875,3213233,UPM_CONTROLLER_RX,19,00000000000000000600000140254012
4016560.625,3213236,UPM_CONTROLLER_RX,19,00000000000000000600000140254012
4016564.375,3213239,UPM_CONTROLLER_RX,19,00000000000000000600000140254012
4016568.125,3213242,UPM_CONTROLLER_RX,19,00000000000000000600000140254012
4016571.875,3213245,UPM_CONTROLLER_RX,19,00000000000000000600000140254012
4016575.625,3213248,UPM_CONTROLLER_RX,19,00000000000000000600000140254012
4016579.375,3213251,UPM_CONTROLLER_RX,19,00000000000000000600000140254012
4016583.125,3213254,UPM_CONTROLLER_RX,19,00000000000000000600000140254012
4016586.875,3213257,UPM_CONTROLLER_RX,19,00000000000000000600000140254012
4016590.625,3213260,UPM_CONTROLLER_RX,19,00000000000000000600000140254012
4016594.375,3213263,UPM_CONTROLLER_RX,19,00000000000000000600000140254012
4016598.125,3213266,UPM_CONTROLLER_RX,19,00000000000000000600000140254012
4016601.875,3213269,UPM_CONTROLLER_RX,19,00000000000000000600000140254012
4016605.625,3213272,UPM_CONTROLLER_RX,19,00000000000000000600000140254012
4016609.375,3213275,UPM_CONTROLLER_RX,19,00000000000000000600000140254012
4016613.125,3213278,UPM_CONTROLLER_RX,19,00000000000000000600000140254012
4016616.875,3213281,UPM_CONTROLLER_RX,19,00000000000000000600000140254012
4016620.625,3213284,UPM_CONTROLLER_RX,19,00000000000000000600000140254012
4016624.375,3213287,UPM_CONTROLLER_RX,19,00000000000000000600000140254012
4016628.125,3213290,UPM_CONTROLLER_RX,19,00000000000000000600000140254012
4016631.875,3213293,UPM_CONTROLLER_RX,19,00000000000000000600000140254012
4016635.625,3213296,UPM_CONTROLLER_RX,19,00000000000000000600000140254012
4016639.375,3213299,UPM_CONTROLLER_RX,19,00000000000000000600000140254012
4016643.125,3213302,UPM_CONTROLLER_RX,19,00000000000000000600000140254012
4016646.875,3213305,UPM_CONTROLLER_RX,19,00000000000000000600000140254012
4016650.625,3213308,UPM_CONTROLLER_RX,19,00000000000000000600000140254012
4016654.375,3213311,UPM_CONTROLLER_RX,19,00000000000000000600000140254012
4016658.125,3213314,UPM_CONTROLLER_RX,19,00000000000000000600000140254012
4016661.875,3213317,UPM_CONTROLLER_RX,19,00000000000000000600000140254012
4016665.625,3213320,UPM_CONTROLLER_RX,19,00000000000000000600000140254012
4016669.375,3213323,UPM_CONTROLLER_RX,19,00000000000000000600000140254012
4016671.875,3213325,UPM_TX,0,00000000000000000200010040244012
4016673.125,3213326,UPM_CONTROLLER_RX,19,00000000000000000600000140254012
4016676.875,3213329,UPM_CONTROLLER_RX,19,00000000000000000600000140254012
4016680.625,3213332,UPM_CONTROLLER_RX,19,00000000000000000600000140254012
4016684.375,3213335,UPM_CONTROLLER_RX,19,00000000000000000600000140254012
4016688.125,3213338,UPM_CONTROLLER_RX,19,00000000000000000600000140254012
4016691.875,3213341,UPM_CONTROLLER_RX,19,00000000000000000600000140254012
4016695.625,3213344,UPM_CONTROLLER_RX,19,00000000000000000600000140254012
4016699.375,3213347,UPM_CONTROLLER_RX,19,00000000000000000600000140254012
4016703.125,3213350,UPM_CONTROLLER_RX,19,00000000000000000600000140254012
4016706.875,3213353,UPM_CONTROLLER_RX,19,00000000000000000600000140254012
4016710.625,3213356,UPM_CONTROLLER_RX,19,00000000000000000600000140254012
4016714.375,3213359,UPM_CONTROLLER_RX,19,00000000000000000600000140254012
4016718.125,3213362,UPM_CONTROLLER_RX,19,00000000000000000600000140254012
4016721.875,3213365,UPM_CONTROLLER_RX,19,00000000000000000600000140254012
4016725.625,3213368,UPM_CONTROLLER_RX,19,00000000000000000600000140254012
4016729.375,3213371,UPM_CONTROLLER_RX,19,00000000000000000600000140254012
4016733.125,3213374,UPM_CONTROLLER_RX,19,00000000000000000600000140254012
4016736.875,3213377,UPM_CONTROLLER_RX,19,00000000000000000600000140254012
4016740.625,3213380,UPM_CONTROLLER_RX,19,00000000000000000600000140254012
4016744.375,3213383,UPM_CONTROLLER_RX,19,00000000000000000600000140254012
4016748.125,3213386,UPM_CONTROLLER_RX,19,00000000000000000600000140254012
4016751.875,3213389,UPM_CONTROLLER_RX,19,00000000000000000600000140254012
4016755.625,3213392,UPM_CONTROLLER_RX,19,00000000000000000600000140254012
4016759.375,3213395,UPM_CONTROLLER_RX,19,00000000000000000600000140254012
4016763.125,3213398,UPM_CONTROLLER_RX,19,00000000000000000600000140254012
4016766.875,3213401,UPM_CONTROLLER_RX,19,00000000000000000600000140254012
4016770.625,3213404,UPM_CONTROLLER_RX,19,00000000000000000600000140254012
4016774.375,3213407,UPM_CONTROLLER_RX,19,00000000000000000600000140254012
4016778.125,3213410,UPM_CONTROLLER_RX,19,00000000000000000600000140254012
4016781.875,3213413,UPM_CONTROLLER_RX,19,00000000000000000600000140254012
4016785.625,3213416,UPM_CONTROLLER_RX,19,00000000000000000600000140254012
4016789.375,3213419,UPM_CONTROLLER_RX,19,00000000000000000600000140254012
4016793.125,3213422,UPM_TX,0,00000000000000000200010040244012
4016793.125,3213422,UPM_CONTROLLER_RX,19,00000000000000000600000140254012
4016796.875,3213425,UPM_CONTROLLER_RX,19,00000000000000000600000140254012
4016800.625,3213428,UPM_CONTROLLER_RX,19,00000000000000000600000140254012
4016804.375,3213431,UPM_CONTROLLER_RX,19,00000000000000000600000140254012
4016808.125,3213434,UPM_CONTROLLER_RX,19,00000000000000000600000140254012
4016811.875,3213437,UPM_CONTROLLER_RX,19,00000000000000000600000140254012
4016815.625,3213440,UPM_CONTROLLER_RX,19,00000000000000000600000140254012
4016819.375,3213443,UPM_CONTROLLER_RX,19,00000000000000000600000140254012
4016823.125,3213446,UPM_CONTROLLER_RX,19,00000000000000000600000140254012
4016826.875,3213449,UPM_CONTROLLER_RX,19,00000000000000000600000140254012
4016830.625,3213452,UPM_CONTROLLER_RX,19,00000000000000000600000140254012
4016834.375,3213455,UPM_CONTROLLER_RX,19,00000000000000000600000140254012
4016838.125,3213458,UPM_CONTROLLER_RX,19,00000000000000000600000140254012
4016841.875,3213461,UPM_CONTROLLER_RX,19,00000000000000000600000140254012
4016845.625,3213464,UPM_CONTROLLER_RX,19,00000000000000000600000140254012
4016849.375,3213467,UPM_CONTROLLER_RX,19,00000000000000000600000140254012
4016853.125,3213470,UPM_CONTROLLER_RX,19,00000000000000000600000140254012
4016856.875,3213473,UPM_CONTROLLER_RX,19,00000000000000000600000140254012
4016860.625,3213476,UPM_CONTROLLER_RX,19,00000000000000000600000140254012
4016864.375,3213479,UPM_CONTROLLER_RX,19,00000000000000000600000140254012
4016868.125,3213482,UPM_CONTROLLER_RX,19,00000000000000000600000140254012
4016871.875,3213485,UPM_CONTROLLER_RX,19,00000000000000000600000140254012
4016875.625,3213488,UPM_CONTROLLER_RX,19,00000000000000000600000140254012
4016879.375,3213491,UPM_CONTROLLER_RX,19,00000000000000000600000140254012
4016883.125,3213494,UPM_CONTROLLER_RX,19,00000000000000000600000140254012
4016886.875,3213497,UPM_CONTROLLER_RX,19,00000000000000000600000140254012
4016890.625,3213500,UPM_CONTROLLER_RX,19,00000000000000000600000140254012
4016894.375,3213503,UPM_CONTROLLER_RX,19,00000000000000000600000140254012
4016898.125,3213506,UPM_CONTROLLER_RX,19,00000000000000000600000140254012
4016901.875,3213509,UPM_CONTROLLER_RX,19,00000000000000000600000140254012
4016905.625,3213512,UPM_CONTROLLER_RX,19,00000000000000000600000140254012
4016909.375,3213515,UPM_CONTROLLER_RX,19,00000000000000000600000140254012
4016913.125,3213518,UPM_CONTROLLER_RX,19,00000000000000000600000140254012
4016914.375,3213519,UPM_TX,0,00000000000000000200010040244012
4016916.875,3213521,UPM_CONTROLLER_RX,19,00000000000000000600000140254012
4016920.625,3213524,UPM_CONTROLLER_RX,19,00000000000000000600000140254012
4016924.375,3213527,UPM_CONTROLLER_RX,19,00000000000000000600000140254012
4016928.125,3213530,UPM_CONTROLLER_RX,19,00000000000000000600000140254012
4016931.875,3213533,UPM_CONTROLLER_RX,19,00000000000000000600000140254012
4016935.625,3213536,UPM_CONTROLLER_RX,19,00000000000000000600000140254012
4016939.375,3213539,UPM_CONTROLLER_RX,19,00000000000000000600000140254012
4016943.125,3213542,UPM_CONTROLLER_RX,19,00000000000000000600000140254012
4016946.875,3213545,UPM_CONTROLLER_RX,19,00000000000000000600000140254012
4016950.625,3213548,UPM_CONTROLLER_RX,19,00000000000000000600000140254012
4016954.375,3213551,UPM_CONTROLLER_RX,19,00000000000000000600000140254012
4016958.125,3213554,UPM_CONTROLLER_RX,19,00000000000000000600000140254012
4016961.875,3213557,UPM_CONTROLLER_RX,19,00000000000000000600000140254012
4016965.625,3213560,UPM_CONTROLLER_RX,19,00000000000000000600000140254012
4016969.375,3213563,UPM_CONTROLLER_RX,19,00000000000000000600000140254012
4016973.125,3213566,UPM_CONTROLLER_RX,19,00000000000000000600000140254012
4016976.875,3213569,UPM_CONTROLLER_RX,19,00000000000000000600000140254012
4016980.625,3213572,UPM_CONTROLLER_RX,19,00000000000000000600000140254012
4016984.375,3213575,UPM_CONTROLLER_RX,19,00000000000000000600000140254012
4016988.125,3213578,UPM_CONTROLLER_RX,19,00000000000000000600000140254012
4016991.875,3213581,UPM_CONTROLLER_RX,19,00000000000000000600000140254012
4016995.625,3213584,UPM_CONTROLLER_RX,19,00000000000000000600000140254012
4016999.375,3213587,UPM_CONTROLLER_RX,19,00000000000000000600000140254012
4017003.125,3213590,UPM_CONTROLLER_RX,19,00000000000000000600000140254012
4017006.875,3213593,UPM_CONTROLLER_RX,19,00000000000000000600000140254012
4017010.625,3213596,UPM_CONTROLLER_RX,19,00000000000000000600000140254012
4017014.375,3213599,UPM_CONTROLLER_RX,19,00000000000000000600000140254012
4017018.125,3213602,UPM_CONTROLLER_RX,19,00000000000000000600000140254012
4017021.875,3213605,UPM_CONTROLLER_RX,19,00000000000000000600000140254012
4017025.625,3213608,UPM_CONTROLLER_RX,19,00000000000000000600000140254012
4017029.375,3213611,UPM_CONTROLLER_RX,19,00000000000000000600000140254012
4017033.125,3213614,UPM_CONTROLLER_RX,19,00000000000000000600000140254012
4017035.625,3213616,UPM_TX,0,00000000000000000200010040244012
4017036.875,3213617,UPM_CONTROLLER_RX,19,00000000000000000600000140254012
4017040.625,3213620,UPM_CONTROLLER_RX,19,00000000000000000600000140254012
4017044.375,3213623,UPM_CONTROLLER_RX,19,00000000000000000600000140254012
4017048.125,3213626,UPM_CONTROLLER_RX,19,00000000000000000600000140254012
4017051.875,3213629,UPM_CONTROLLER_RX,19,00000000000000000600000140254012
4017055.625,3213632,UPM_CONTROLLER_RX,19,00000000000000000600000140254012
4017059.375,3213635,UPM_CONTROLLER_RX,19,00000000000000000600000140254012
4017063.125,3213638,UPM_CONTROLLER_RX,19,00000000000000000600000140254012
4017066.875,3213641,UPM_CONTROLLER_RX,19,00000000000000000600000140254012
4017070.625,3213644,UPM_CONTROLLER_RX,19,00000000000000000600000140254012
4017074.375,3213647,UPM_CONTROLLER_RX,19,00000000000000000600000140254012
4017078.125,3213650,UPM_CONTROLLER_RX,19,00000000000000000600000140254012
4017081.875,3213653,UPM_CONTROLLER_RX,19,00000000000000000600000140254012
4017085.625,3213656,UPM_CONTROLLER_RX,19,00000000000000000600000140254012
4017089.375,3213659,UPM_CONTROLLER_RX,19,00000000000000000600000140254012
4017093.125,3213662,UPM_CONTROLLER_RX,19,00000000000000000600000140254012
4017096.875,3213665,UPM_CONTROLLER_RX,19,00000000000000000600000140254012
4017100.625,3213668,UPM_CONTROLLER_RX,19,00000000000000000600000140254012
4017104.375,3213671,UPM_CONTROLLER_RX,19,00000000000000000600000140254012
4017108.125,3213674,UPM_CONTROLLER_RX,19,00000000000000000600000140254012
4017111.875,3213677,UPM_CONTROLLER_RX,19,00000000000000000600000140254012
4017115.625,3213680,UPM_CONTROLLER_RX,19,00000000000000000600000140254012
4017119.375,3213683,UPM_CONTROLLER_RX,19,00000000000000000600000140254012
4017123.125,3213686,UPM_CONTROLLER_RX,19,00000000000000000600000140254012
4017126.875,3213689,UPM_CONTROLLER_RX,19,00000000000000000600000140254012
4017130.625,3213692,UPM_CONTROLLER_RX,19,00000000000000000600000140254012
4017134.375,3213695,UPM_CONTROLLER_RX,19,00000000000000000600000140254012
4017138.125,3213698,UPM_CONTROLLER_RX,19,00000000000000000600000140254012
4017141.875,3213701,UPM_CONTROLLER_RX,19,00000000000000000600000140254012
4017145.625,3213704,UPM_CONTROLLER_RX,19,00000000000000000600000140254012
4017149.375,3213707,UPM_CONTROLLER_RX,19,00000000000000000600000140254012
4017153.125,3213710,UPM_CONTROLLER_RX,19,00000000000000000600000140254012
4017156.875,3213713,UPM_TX,0,00000000000000000200010040244012
4017156.875,3213713,UPM_CONTROLLER_RX,19,00000000000000000600000140254012
4017160.625,3213716,UPM_CONTROLLER_RX,19,00000000000000000600000140254012
4017164.375,3213719,UPM_CONTROLLER_RX,19,00000000000000000600000140254012
4017168.125,3213722,UPM_CONTROLLER_RX,19,00000000000000000600000140254012
4017171.875,3213725,UPM_CONTROLLER_RX,19,00000000000000000600000140254012
4017175.625,3213728,UPM_CONTROLLER_RX,19,00000000000000000600000140254012
4017179.375,3213731,UPM_CONTROLLER_RX,19,00000000000000000600000140254012
4017183.125,3213734,UPM_CONTROLLER_RX,19,00000000000000000600000140254012
4017186.875,3213737,UPM_CONTROLLER_RX,19,00000000000000000600000140254012
4017190.625,3213740,UPM_CONTROLLER_RX,19,00000000000000000600000140254012
4017194.375,3213743,UPM_CONTROLLER_RX,19,00000000000000000600000140254012
4017198.125,3213746,UPM_CONTROLLER_RX,19,00000000000000000600000140254012
4017201.875,3213749,UPM_CONTROLLER_RX,19,00000000000000000600000140254012
4017205.625,3213752,UPM_CONTROLLER_RX,19,00000000000000000600000140254012
4017209.375,3213755,UPM_CONTROLLER_RX,19,00000000000000000600000140254012
4017213.125,3213758,UPM_CONTROLLER_RX,19,00000000000000000600000140254012
4017216.875,3213761,UPM_CONTROLLER_RX,19,00000000000000000600000140254012
4017220.625,3213764,UPM_CONTROLLER_RX,19,00000000000000000600000140254012
4017224.375,3213767,UPM_CONTROLLER_RX,19,00000000000000000600000140254012
4017228.125,3213770,UPM_CONTROLLER_RX,19,00000000000000000600000140254012
4017231.875,3213773,UPM_CONTROLLER_RX,19,00000000000000000600000140254012
4017235.625,3213776,UPM_CONTROLLER_RX,19,00000000000000000600000140254012
4017239.375,3213779,UPM_CONTROLLER_RX,19,00000000000000000600000140254012
4017243.125,3213782,UPM_CONTROLLER_RX,19,00000000000000000600000140254012
4017246.875,3213785,UPM_CONTROLLER_RX,19,00000000000000000600000140254012
4017250.625,3213788,UPM_CONTROLLER_RX,19,00000000000000000600000140254012
4017254.375,3213791,UPM_CONTROLLER_RX,19,00000000000000000600000140254012
4017258.125,3213794,UPM_CONTROLLER_RX,19,00000000000000000600000140254012
4017261.875,3213797,UPM_CONTROLLER_RX,19,00000000000000000600000140254012
4017265.625,3213800,UPM_CONTROLLER_RX,19,00000000000000000600000140254012
4017269.375,3213803,UPM_CONTROLLER_RX,19,00000000000000000600000140254012
4017273.125,3213806,UPM_CONTROLLER_RX,19,00000000000000000600000140254012
4017276.875,3213809,UPM_CONTROLLER_RX,19,00000000000000000600000140254012
4017278.125,3213810,UPM_TX,0,00000000000000000200010040244012
4017280.625,3213812,UPM_CONTROLLER_RX,19,00000000000000000600000140254012
4017284.375,3213815,UPM_CONTROLLER_RX,19,00000000000000000600000140254012
4017288.125,3213818,UPM_CONTROLLER_RX,19,00000000000000000600000140254012
4017291.875,3213821,UPM_CONTROLLER_RX,19,00000000000000000600000140254012
4017295.625,3213824,UPM_CONTROLLER_RX,19,00000000000000000600000140254012
4017299.375,3213827,UPM_CONTROLLER_RX,19,00000000000000000600000140254012
4017303.125,3213830,UPM_CONTROLLER_RX,19,00000000000000000600000140254012
4017306.875,3213833,UPM_CONTROLLER_RX,19,00000000000000000600000140254012
4017310.625,3213836,UPM_CONTROLLER_RX,19,00000000000000000600000140254012
4017314.375,3213839,UPM_CONTROLLER_RX,19,00000000000000000600000140254012
4017318.125,3213842,UPM_CONTROLLER_RX,19,00000000000000000600000140254012
4017321.875,3213845,UPM_CONTROLLER_RX,19,00000000000000000600000140254012
4017325.625,3213848,UPM_CONTROLLER_RX,19,00000000000000000600000140254012
4017329.375,3213851,UPM_CONTROLLER_RX,19,00000000000000000600000140254012
4017333.125,3213854,UPM_CONTROLLER_RX,19,00000000000000000600000140254012
4017336.875,3213857,UPM_CONTROLLER_RX,19,00000000000000000600000140254012
4017340.625,3213860,UPM_CONTROLLER_RX,19,00000000000000000600000140254012
4017344.375,3213863,UPM_CONTROLLER_RX,19,00000000000000000600000140254012
4017348.125,3213866,UPM_CONTROLLER_RX,19,00000000000000000600000140254012
4017351.875,3213869,UPM_CONTROLLER_RX,19,00000000000000000600000140254012
4017355.625,3213872,UPM_CONTROLLER_RX,19,00000000000000000600000140254012
4017359.375,3213875,UPM_CONTROLLER_RX,19,00000000000000000600000140254012
4017363.125,3213878,UPM_CONTROLLER_RX,19,00000000000000000600000140254012
4017366.875,3213881,UPM_CONTROLLER_RX,19,00000000000000000600000140254012
4017370.625,3213884,UPM_CONTROLLER_RX,19,00000000000000000600000140254012
4017374.375,3213887,UPM_CONTROLLER_RX,19,00000000000000000600000140254012
4017378.125,3213890,UPM_CONTROLLER_RX,19,00000000000000000600000140254012
4017381.875,3213893,UPM_CONTROLLER_RX,19,00000000000000000600000140254012
4017385.625,3213896,UPM_CONTROLLER_RX,19,00000000000000000600000140254012
4017389.375,3213899,UPM_CONTROLLER_RX,19,00000000000000000600000140254012
4017393.125,3213902,UPM_CONTROLLER_RX,19,00000000000000000600000140254012
4017396.875,3213905,UPM_CONTROLLER_RX,19,00000000000000000600000140254012
4017399.375,3213907,UPM_TX,0,00000000000000000200010040244012
4017400.625,3213908,UPM_CONTROLLER_RX,19,00000000000000000600000140254012
4017404.375,3213911,UPM_CONTROLLER_RX,19,00000000000000000600000140254012
4017408.125,3213914,UPM_CONTROLLER_RX,19,00000000000000000600000140254012
4017411.875,3213917,UPM_CONTROLLER_RX,19,00000000000000000600000140254012
4017415.625,3213920,UPM_CONTROLLER_RX,19,00000000000000000600000140254012
4017419.375,3213923,UPM_CONTROLLER_RX,19,00000000000000000600000140254012
4017423.125,3213926,UPM_CONTROLLER_RX,19,00000000000000000600000140254012
4017426.875,3213929,UPM_CONTROLLER_RX,19,00000000000000000600000140254012
4017430.625,3213932,UPM_CONTROLLER_RX,19,00000000000000000600000140254012
4017434.375,3213935,UPM_CONTROLLER_RX,19,00000000000000000600000140254012
4017438.125,3213938,UPM_CONTROLLER_RX,19,00000000000000000600000140254012
4017441.875,3213941,UPM_CONTROLLER_RX,19,00000000000000000600000140254012
4017445.625,3213944,UPM_CONTROLLER_RX,19,00000000000000000600000140254012
4017449.375,3213947,UPM_CONTROLLER_RX,19,00000000000000000600000140254012
4017453.125,3213950,UPM_CONTROLLER_RX,19,00000000000000000600000140254012
4017456.875,3213953,UPM_CONTROLLER_RX,19,00000000000000000600000140254012
4017460.625,3213956,UPM_CONTROLLER_RX,19,00000000000000000600000140254012
4017464.375,3213959,UPM_CONTROLLER_RX,19,00000000000000000600000140254012
4017468.125,3213962,UPM_CONTROLLER_RX,19,00000000000000000600000140254012
4017471.875,3213965,UPM_CONTROLLER_RX,19,00000000000000000600000140254012
4017475.625,3213968,UPM_CONTROLLER_RX,19,00000000000000000600000140254012
4017479.375,3213971,UPM_CONTROLLER_RX,19,00000000000000000600000140254012
4017483.125,3213974,UPM_CONTROLLER_RX,19,00000000000000000600000140254012
4017486.875,3213977,UPM_CONTROLLER_RX,19,00000000000000000600000140254012
4017490.625,3213980,UPM_CONTROLLER_RX,19,00000000000000000600000140254012
4017494.375,3213983,UPM_CONTROLLER_RX,19,00000000000000000600000140254012
4017498.125,3213986,UPM_CONTROLLER_RX,19,00000000000000000600000140254012
4017501.875,3213989,UPM_CONTROLLER_RX,19,00000000000000000600000140254012
4017505.625,3213992,UPM_CONTROLLER_RX,19,00000000000000000600000140254012
4017509.375,3213995,UPM_CONTROLLER_RX,19,00000000000000000600000140254012
4017513.125,3213998,UPM_CONTROLLER_RX,19,00000000000000000600000140254012
4017516.875,3214001,UPM_CONTROLLER_RX,19,00000000000000000600000140254012
4017520.625,3214004,UPM_TX,0,00000000000000000200010040244012
4017520.625,3214004,UPM_CONTROLLER_RX,19,00000000000000000600000140254012
4017524.375,3214007,UPM_CONTROLLER_RX,19,00000000000000000600000140254012
4017528.125,3214010,UPM_CONTROLLER_RX,19,00000000000000000600000140254012
4017531.875,3214013,UPM_CONTROLLER_RX,19,00000000000000000600000140254012
4017535.625,3214016,UPM_CONTROLLER_RX,19,00000000000000000600000140254012
4017539.375,3214019,UPM_CONTROLLER_RX,19,00000000000000000600000140254012
4017543.125,3214022,UPM_CONTROLLER_RX,19,00000000000000000600000140254012
4017546.875,3214025,UPM_CONTROLLER_RX,19,00000000000000000600000140254012
4017550.625,3214028,UPM_CONTROLLER_RX,19,00000000000000000600000140254012
4017554.375,3214031,UPM_CONTROLLER_RX,19,00000000000000000600000140254012
4017558.125,3214034,UPM_CONTROLLER_RX,19,00000000000000000600000140254012
4017561.875,3214037,UPM_CONTROLLER_RX,19,00000000000000000600000140254012
4017565.625,3214040,UPM_CONTROLLER_RX,19,00000000000000000600000140254012
4017569.375,3214043,UPM_CONTROLLER_RX,19,00000000000000000600000140254012
4017573.125,3214046,UPM_CONTROLLER_RX,19,00000000000000000600000140254012
4017576.875,3214049,UPM_CONTROLLER_RX,19,00000000000000000600000140254012
4017580.625,3214052,UPM_CONTROLLER_RX,19,00000000000000000600000140254012
4017584.375,3214055,UPM_CONTROLLER_RX,19,00000000000000000600000140254012
4017588.125,3214058,UPM_CONTROLLER_RX,19,00000000000000000600000140254012
4017591.875,3214061,UPM_CONTROLLER_RX,19,00000000000000000600000140254012
4017595.625,3214064,UPM_CONTROLLER_RX,19,00000000000000000600000140254012
4017599.375,3214067,UPM_CONTROLLER_RX,19,00000000000000000600000140254012
4017603.125,3214070,UPM_CONTROLLER_RX,19,00000000000000000600000140254012
4017606.875,3214073,UPM_CONTROLLER_RX,19,00000000000000000600000140254012
4017610.625,3214076,UPM_CONTROLLER_RX,19,00000000000000000600000140254012
4017614.375,3214079,UPM_CONTROLLER_RX,19,00000000000000000600000140254012
4017618.125,3214082,UPM_CONTROLLER_RX,19,00000000000000000600000140254012
4017621.875,3214085,UPM_CONTROLLER_RX,19,00000000000000000600000140254012
4017625.625,3214088,UPM_CONTROLLER_RX,19,00000000000000000600000140254012
4017629.375,3214091,UPM_CONTROLLER_RX,19,00000000000000000600000140254012
4017633.125,3214094,UPM_CONTROLLER_RX,19,00000000000000000600000140254012
4017636.875,3214097,UPM_CONTROLLER_RX,19,00000000000000000600000140254012
4017640.625,3214100,UPM_CONTROLLER_RX,19,00000000000000000600000140254012
4017641.875,3214101,UPM_TX,0,00000000000000000200010040244012
4017644.375,3214103,UPM_CONTROLLER_RX,19,00000000000000000600000140254012
4017648.125,3214106,UPM_CONTROLLER_RX,19,00000000000000000600000140254012
4017651.875,3214109,UPM_CONTROLLER_RX,19,00000000000000000600000140254012
4017655.625,3214112,UPM_CONTROLLER_RX,19,00000000000000000600000140254012
4017659.375,3214115,UPM_CONTROLLER_RX,19,00000000000000000600000140254012
4017663.125,3214118,UPM_CONTROLLER_RX,19,00000000000000000600000140254012
4017666.875,3214121,UPM_CONTROLLER_RX,19,00000000000000000600000140254012
4017670.625,3214124,UPM_CONTROLLER_RX,19,00000000000000000600000140254012
4017674.375,3214127,UPM_CONTROLLER_RX,19,00000000000000000600000140254012
4017678.125,3214130,UPM_CONTROLLER_RX,19,00000000000000000600000140254012
4017681.875,3214133,UPM_CONTROLLER_RX,19,00000000000000000600000140254012
4017685.625,3214136,UPM_CONTROLLER_RX,19,00000000000000000600000140254012
4017689.375,3214139,UPM_CONTROLLER_RX,19,00000000000000000600000140254012
4017693.125,3214142,UPM_CONTROLLER_RX,19,00000000000000000600000140254012
4017696.875,3214145,UPM_CONTROLLER_RX,19,00000000000000000600000140254012
4017700.625,3214148,UPM_CONTROLLER_RX,19,00000000000000000600000140254012
4017704.375,3214151,UPM_CONTROLLER_RX,19,00000000000000000600000140254012
4017708.125,3214154,UPM_CONTROLLER_RX,19,00000000000000000600000140254012
4017711.875,3214157,UPM_CONTROLLER_RX,19,00000000000000000600000140254012
4017715.625,3214160,UPM_CONTROLLER_RX,19,00000000000000000600000140254012
4017719.375,3214163,UPM_CONTROLLER_RX,19,00000000000000000600000140254012
4017723.125,3214166,UPM_CONTROLLER_RX,19,00000000000000000600000140254012
4017726.875,3214169,UPM_CONTROLLER_RX,19,00000000000000000600000140254012
4017730.625,3214172,UPM_CONTROLLER_RX,19,00000000000000000600000140254012
4017734.375,3214175,UPM_CONTROLLER_RX,19,00000000000000000600000140254012
4017738.125,3214178,UPM_CONTROLLER_RX,19,00000000000000000600000140254012
4017741.875,3214181,UPM_CONTROLLER_RX,19,00000000000000000600000140254012
4017745.625,3214184,UPM_CONTROLLER_RX,19,00000000000000000600000140254012
4017749.375,3214187,UPM_CONTROLLER_RX,19,00000000000000000600000140254012
4017753.125,3214190,UPM_CONTROLLER_RX,19,00000000000000000600000140254012
4017756.875,3214193,UPM_CONTROLLER_RX,19,00000000000000000600000140254012
4017760.625,3214196,UPM_CONTROLLER_RX,19,00000000000000000600000140254012
4017763.125,3214198,UPM_TX,0,00000000000000000200010040244012
4017764.375,3214199,UPM_CONTROLLER_RX,19,00000000000000000600000140254012
4017768.125,3214202,UPM_CONTROLLER_RX,19,00000000000000000600000140254012
4017771.875,3214205,UPM_CONTROLLER_RX,19,00000000000000000600000140254012
4017775.625,3214208,UPM_CONTROLLER_RX,19,00000000000000000600000140254012
4017779.375,3214211,UPM_CONTROLLER_RX,19,00000000000000000600000140254012
4017783.125,3214214,UPM_CONTROLLER_RX,19,00000000000000000600000140254012
4017786.875,3214217,UPM_CONTROLLER_RX,19,00000000000000000600000140254012
4017790.625,3214220,UPM_CONTROLLER_RX,19,00000000000000000600000140254012
4017794.375,3214223,UPM_CONTROLLER_RX,19,00000000000000000600000140254012
4017798.125,3214226,UPM_CONTROLLER_RX,19,00000000000000000600000140254012
4017801.875,3214229,UPM_CONTROLLER_RX,19,00000000000000000600000140254012
4017805.625,3214232,UPM_CONTROLLER_RX,19,00000000000000000600000140254012
4017809.375,3214235,UPM_CONTROLLER_RX,19,00000000000000000600000140254012
4017813.125,3214238,UPM_CONTROLLER_RX,19,00000000000000000600000140254012
4017816.875,3214241,UPM_CONTROLLER_RX,19,00000000000000000600000140254012
4017820.625,3214244,UPM_CONTROLLER_RX,19,00000000000000000600000140254012
4017824.375,3214247,UPM_CONTROLLER_RX,19,00000000000000000600000140254012
4017828.125,3214250,UPM_CONTROLLER_RX,19,00000000000000000600000140254012
4017831.875,3214253,UPM_CONTROLLER_RX,19,00000000000000000600000140254012
4017835.625,3214256,UPM_CONTROLLER_RX,19,00000000000000000600000140254012
4017839.375,3214259,UPM_CONTROLLER_RX,19,00000000000000000600000140254012
4017843.125,3214262,UPM_CONTROLLER_RX,19,00000000000000000600000140254012
4017846.875,3214265,UPM_CONTROLLER_RX,19,00000000000000000600000140254012
4017850.625,3214268,UPM_CONTROLLER_RX,19,00000000000000000600000140254012
4017854.375,3214271,UPM_CONTROLLER_RX,19,00000000000000000600000140254012
4017858.125,3214274,UPM_CONTROLLER_RX,19,00000000000000000600000140254012
4017861.875,3214277,UPM_CONTROLLER_RX,19,00000000000000000600000140254012
4017865.625,3214280,UPM_CONTROLLER_RX,19,00000000000000000600000140254012
4017869.375,3214283,UPM_CONTROLLER_RX,19,00000000000000000600000140254012
4017873.125,3214286,UPM_CONTROLLER_RX,19,00000000000000000600000140254012
4017876.875,3214289,UPM_CONTROLLER_RX,19,00000000000000000600000140254012
4017880.625,3214292,UPM_CONTROLLER_RX,19,00000000000000000600000140254012
4017884.375,3214295,UPM_TX,0,00000000000000000200010040244012
4017884.375,3214295,UPM_CONTROLLER_RX,19,00000000000000000600000140254012
4017888.125,3214298,UPM_CONTROLLER_RX,19,00000000000000000600000140254012
4017891.875,3214301,UPM_CONTROLLER_RX,19,00000000000000000600000140254012
4017895.625,3214304,UPM_CONTROLLER_RX,19,00000000000000000600000140254012
4017899.375,3214307,UPM_CONTROLLER_RX,19,00000000000000000600000140254012
4017903.125,3214310,UPM_CONTROLLER_RX,19,00000000000000000600000140254012
4017906.875,3214313,UPM_CONTROLLER_RX,19,00000000000000000600000140254012
4017910.625,3214316,UPM_CONTROLLER_RX,19,00000000000000000600000140254012
4017914.375,3214319,UPM_CONTROLLER_RX,19,00000000000000000600000140254012
4017918.125,3214322,UPM_CONTROLLER_RX,19,00000000000000000600000140254012
4017921.875,3214325,UPM_CONTROLLER_RX,19,00000000000000000600000140254012
4017925.625,3214328,UPM_CONTROLLER_RX,19,00000000000000000600000140254012
4017929.375,3214331,UPM_CONTROLLER_RX,19,00000000000000000600000140254012
4017933.125,3214334,UPM_CONTROLLER_RX,19,00000000000000000600000140254012
4017936.875,3214337,UPM_CONTROLLER_RX,19,00000000000000000600000140254012
4017940.625,3214340,UPM_CONTROLLER_RX,19,00000000000000000600000140254012
4017944.375,3214343,UPM_CONTROLLER_RX,19,00000000000000000600000140254012
4017948.125,3214346,UPM_CONTROLLER_RX,19,00000000000000000600000140254012
4017951.875,3214349,UPM_CONTROLLER_RX,19,00000000000000000600000140254012
4017955.625,3214352,UPM_CONTROLLER_RX,19,00000000000000000600000140254012
4017959.375,3214355,UPM_CONTROLLER_RX,19,00000000000000000600000140254012
4017963.125,3214358,UPM_CONTROLLER_RX,19,00000000000000000600000140254012
4017966.875,3214361,UPM_CONTROLLER_RX,19,00000000000000000600000140254012
4017970.625,3214364,UPM_CONTROLLER_RX,19,00000000000000000600000140254012
4017974.375,3214367,UPM_CONTROLLER_RX,19,00000000000000000600000140254012
4017978.125,3214370,UPM_CONTROLLER_RX,19,00000000000000000600000140254012
4017981.875,3214373,UPM_CONTROLLER_RX,19,00000000000000000600000140254012
4017985.625,3214376,UPM_CONTROLLER_RX,19,00000000000000000600000140254012
4017989.375,3214379,UPM_CONTROLLER_RX,19,00000000000000000600000140254012
4017993.125,3214382,UPM_CONTROLLER_RX,19,00000000000000000600000140254012
4017996.875,3214385,UPM_CONTROLLER_RX,19,00000000000000000600000140254012
4018000.625,3214388,UPM_CONTROLLER_RX,19,00000000000000000600000140254012
4018004.375,3214391,UPM_CONTROLLER_RX,19,00000000000000000600000140254012
4018005.625,3214392,UPM_TX,0,00000000000000000200010040244012
4018008.125,3214394,UPM_CONTROLLER_RX,19,00000000000000000600000140254012
4018011.875,3214397,UPM_CONTROLLER_RX,19,00000000000000000600000140254012
4018015.625,3214400,UPM_CONTROLLER_RX,19,00000000000000000600000140254012
4018019.375,3214403,UPM_CONTROLLER_RX,19,00000000000000000600000140254012
4018023.125,3214406,UPM_CONTROLLER_RX,19,00000000000000000600000140254012
4018026.875,3214409,UPM_CONTROLLER_RX,19,00000000000000000600000140254012
4018030.625,3214412,UPM_CONTROLLER_RX,19,00000000000000000600000140254012
4018034.375,3214415,UPM_CONTROLLER_RX,19,00000000000000000600000140254012
4018038.125,3214418,UPM_CONTROLLER_RX,19,00000000000000000600000140254012
4018041.875,3214421,UPM_CONTROLLER_RX,19,00000000000000000600000140254012
4018045.625,3214424,UPM_CONTROLLER_RX,19,00000000000000000600000140254012
4018049.375,3214427,UPM_CONTROLLER_RX,19,00000000000000000600000140254012
4018053.125,3214430,UPM_CONTROLLER_RX,19,00000000000000000600000140254012
4018056.875,3214433,UPM_CONTROLLER_RX,19,00000000000000000600000140254012
4018060.625,3214436,UPM_CONTROLLER_RX,19,00000000000000000600000140254012
4018064.375,3214439,UPM_CONTROLLER_RX,19,00000000000000000600000140254012
4018068.125,3214442,UPM_CONTROLLER_RX,19,00000000000000000600000140254012
4018071.875,3214445,UPM_CONTROLLER_RX,19,00000000000000000600000140254012
4018075.625,3214448,UPM_CONTROLLER_RX,19,00000000000000000600000140254012
4018079.375,3214451,UPM_CONTROLLER_RX,19,00000000000000000600000140254012
4018083.125,3214454,UPM_CONTROLLER_RX,19,00000000000000000600000140254012
4018086.875,3214457,UPM_CONTROLLER_RX,19,00000000000000000600000140254012
4018090.625,3214460,UPM_CONTROLLER_RX,19,00000000000000000600000140254012
4018094.375,3214463,UPM_CONTROLLER_RX,19,00000000000000000600000140254012
4018098.125,3214466,UPM_CONTROLLER_RX,19,00000000000000000600000140254012
4018101.875,3214469,UPM_CONTROLLER_RX,19,00000000000000000600000140254012
4018105.625,3214472,UPM_CONTROLLER_RX,19,00000000000000000600000140254012
4018109.375,3214475,UPM_CONTROLLER_RX,19,00000000000000000600000140254012
4018113.125,3214478,UPM_CONTROLLER_RX,19,00000000000000000600000140254012
4018116.875,3214481,UPM_CONTROLLER_RX,19,00000000000000000600000140254012
4018120.625,3214484,UPM_CONTROLLER_RX,19,00000000000000000600000140254012
4018124.375,3214487,UPM_CONTROLLER_RX,19,00000000000000000600000140254012
4018126.875,3214489,UPM_TX,0,00000000000000000200010040244012
4018128.125,3214490,UPM_CONTROLLER_RX,19,00000000000000000600000140254012
4018131.875,3214493,UPM_CONTROLLER_RX,19,00000000000000000600000140254012
4018135.625,3214496,UPM_CONTROLLER_RX,19,00000000000000000600000140254012
4018139.375,3214499,UPM_CONTROLLER_RX,19,00000000000000000600000140254012
4018143.125,3214502,UPM_CONTROLLER_RX,19,00000000000000000600000140254012
4018146.875,3214505,UPM_CONTROLLER_RX,19,00000000000000000600000140254012
4018150.625,3214508,UPM_CONTROLLER_RX,19,00000000000000000600000140254012
4018154.375,3214511,UPM_CONTROLLER_RX,19,00000000000000000600000140254012
4018158.125,3214514,UPM_CONTROLLER_RX,19,00000000000000000600000140254012
4018161.875,3214517,UPM_CONTROLLER_RX,19,00000000000000000600000140254012
4018165.625,3214520,UPM_CONTROLLER_RX,19,00000000000000000600000140254012
4018169.375,3214523,UPM_CONTROLLER_RX,19,00000000000000000600000140254012
4018173.125,3214526,UPM_CONTROLLER_RX,19,00000000000000000600000140254012
4018176.875,3214529,UPM_CONTROLLER_RX,19,00000000000000000600000140254012
4018180.625,3214532,UPM_CONTROLLER_RX,19,00000000000000000600000140254012
4018184.375,3214535,UPM_CONTROLLER_RX,19,00000000000000000600000140254012
4018188.125,3214538,UPM_CONTROLLER_RX,19,00000000000000000600000140254012
4018191.875,3214541,UPM_CONTROLLER_RX,19,00000000000000000600000140254012
4018195.625,3214544,UPM_CONTROLLER_RX,19,00000000000000000600000140254012
4018199.375,3214547,UPM_CONTROLLER_RX,19,00000000000000000600000140254012
4018203.125,3214550,UPM_CONTROLLER_RX,19,00000000000000000600000140254012
4018206.875,3214553,UPM_CONTROLLER_RX,19,00000000000000000600000140254012
4018210.625,3214556,UPM_CONTROLLER_RX,19,00000000000000000600000140254012
4018214.375,3214559,UPM_CONTROLLER_RX,19,00000000000000000600000140254012
4018218.125,3214562,UPM_CONTROLLER_RX,19,00000000000000000600000140254012
4018221.875,3214565,UPM_CONTROLLER_RX,19,00000000000000000600000140254012
4018225.625,3214568,UPM_CONTROLLER_RX,19,00000000000000000600000140254012
4018229.375,3214571,UPM_CONTROLLER_RX,19,00000000000000000600000140254012
4018233.125,3214574,UPM_CONTROLLER_RX,19,00000000000000000600000140254012
4018236.875,3214577,UPM_CONTROLLER_RX,19,00000000000000000600000140254012
4018240.625,3214580,UPM_CONTROLLER_RX,19,00000000000000000600000140254012
4018244.375,3214583,UPM_CONTROLLER_RX,19,00000000000000000600000140254012
4018248.125,3214586,UPM_TX,0,00000000000000000200010040244012
4018248.125,3214586,UPM_CONTROLLER_RX,19,00000000000000000600000140254012
4018251.875,3214589,UPM_CONTROLLER_RX,19,00000000000000000600000140254012
4018255.625,3214592,UPM_CONTROLLER_RX,19,00000000000000000600000140254012
4018259.375,3214595,UPM_CONTROLLER_RX,19,00000000000000000600000140254012
4018263.125,3214598,UPM_CONTROLLER_RX,19,00000000000000000600000140254012
4018266.875,3214601,UPM_CONTROLLER_RX,19,00000000000000000600000140254012
4018270.625,3214604,UPM_CONTROLLER_RX,19,00000000000000000600000140254012
4018274.375,3214607,UPM_CONTROLLER_RX,19,00000000000000000600000140254012
4018278.125,3214610,UPM_CONTROLLER_RX,19,00000000000000000600000140254012
4018281.875,3214613,UPM_CONTROLLER_RX,19,00000000000000000600000140254012
4018285.625,3214616,UPM_CONTROLLER_RX,19,00000000000000000600000140254012
4018289.375,3214619,UPM_CONTROLLER_RX,19,00000000000000000600000140254012
4018293.125,3214622,UPM_CONTROLLER_RX,19,00000000000000000600000140254012
4018296.875,3214625,UPM_CONTROLLER_RX,19,00000000000000000600000140254012
4018300.625,3214628,UPM_CONTROLLER_RX,19,00000000000000000600000140254012
4018304.375,3214631,UPM_CONTROLLER_RX,19,00000000000000000600000140254012
4018308.125,3214634,UPM_CONTROLLER_RX,19,00000000000000000600000140254012
4018311.875,3214637,UPM_CONTROLLER_RX,19,00000000000000000600000140254012
4018315.625,3214640,UPM_CONTROLLER_RX,19,00000000000000000600000140254012
4018319.375,3214643,UPM_CONTROLLER_RX,19,00000000000000000600000140254012
4018323.125,3214646,UPM_CONTROLLER_RX,19,00000000000000000600000140254012
4018326.875,3214649,UPM_CONTROLLER_RX,19,00000000000000000600000140254012
4018330.625,3214652,UPM_CONTROLLER_RX,19,00000000000000000600000140254012
4018334.375,3214655,UPM_CONTROLLER_RX,19,00000000000000000600000140254012
4018338.125,3214658,UPM_CONTROLLER_RX,19,00000000000000000600000140254012
4018341.875,3214661,UPM_CONTROLLER_RX,19,00000000000000000600000140254012
4018345.625,3214664,UPM_CONTROLLER_RX,19,00000000000000000600000140254012
4018349.375,3214667,UPM_CONTROLLER_RX,19,00000000000000000600000140254012
4018353.125,3214670,UPM_CONTROLLER_RX,19,00000000000000000600000140254012
4018356.875,3214673,UPM_CONTROLLER_RX,19,00000000000000000600000140254012
4018360.625,3214676,UPM_CONTROLLER_RX,19,00000000000000000600000140254012
4018364.375,3214679,UPM_CONTROLLER_RX,19,00000000000000000600000140254012
4018368.125,3214682,UPM_CONTROLLER_RX,19,00000000000000000600000140254012
4018369.375,3214683,UPM_TX,0,00000000000000000200010040244012
4018371.875,3214685,UPM_CONTROLLER_RX,19,00000000000000000600000140254012
4018375.625,3214688,UPM_CONTROLLER_RX,19,00000000000000000600000140254012
4018379.375,3214691,UPM_CONTROLLER_RX,19,00000000000000000600000140254012
4018383.125,3214694,UPM_CONTROLLER_RX,19,00000000000000000600000140254012
4018386.875,3214697,UPM_CONTROLLER_RX,19,00000000000000000600000140254012
4018390.625,3214700,UPM_CONTROLLER_RX,19,00000000000000000600000140254012
4018394.375,3214703,UPM_CONTROLLER_RX,19,00000000000000000600000140254012
4018398.125,3214706,UPM_CONTROLLER_RX,19,00000000000000000600000140254012
4018401.875,3214709,UPM_CONTROLLER_RX,19,00000000000000000600000140254012
4018405.625,3214712,UPM_CONTROLLER_RX,19,00000000000000000600000140254012
4018409.375,3214715,UPM_CONTROLLER_RX,19,00000000000000000600000140254012
4018413.125,3214718,UPM_CONTROLLER_RX,19,00000000000000000600000140254012
4018416.875,3214721,UPM_CONTROLLER_RX,19,00000000000000000600000140254012
4018420.625,3214724,UPM_CONTROLLER_RX,19,00000000000000000600000140254012
4018424.375,3214727,UPM_CONTROLLER_RX,19,00000000000000000600000140254012
4018428.125,3214730,UPM_CONTROLLER_RX,19,00000000000000000600000140254012
4018431.875,3214733,UPM_CONTROLLER_RX,19,00000000000000000600000140254012
4018435.625,3214736,UPM_CONTROLLER_RX,19,00000000000000000600000140254012
4018439.375,3214739,UPM_CONTROLLER_RX,19,00000000000000000600000140254012
4018443.125,3214742,UPM_CONTROLLER_RX,19,00000000000000000600000140254012
4018446.875,3214745,UPM_CONTROLLER_RX,19,00000000000000000600000140254012
4018450.625,3214748,UPM_CONTROLLER_RX,19,00000000000000000600000140254012
4018454.375,3214751,UPM_CONTROLLER_RX,19,00000000000000000600000140254012
4018458.125,3214754,UPM_CONTROLLER_RX,19,00000000000000000600000140254012
4018461.875,3214757,UPM_CONTROLLER_RX,19,00000000000000000600000140254012
4018465.625,3214760,UPM_CONTROLLER_RX,19,00000000000000000600000140254012
4018469.375,3214763,UPM_CONTROLLER_RX,19,00000000000000000600000140254012
4018473.125,3214766,UPM_CONTROLLER_RX,19,00000000000000000600000140254012
4018476.875,3214769,UPM_CONTROLLER_RX,19,00000000000000000600000140254012
4018480.625,3214772,UPM_CONTROLLER_RX,19,00000000000000000600000140254012
4018484.375,3214775,UPM_CONTROLLER_RX,19,00000000000000000600000140254012
4018488.125,3214778,UPM_CONTROLLER_RX,19,00000000000000000600000140254012
4018490.625,3214780,UPM_TX,0,00000000000000000200010040244012
4018491.875,3214781,UPM_CONTROLLER_RX,19,00000000000000000600000140254012
4018495.625,3214784,UPM_CONTROLLER_RX,19,00000000000000000600000140254012
4018499.375,3214787,UPM_CONTROLLER_RX,19,00000000000000000600000140254012
4018503.125,3214790,UPM_CONTROLLER_RX,19,00000000000000000600000140254012
4018506.875,3214793,UPM_CONTROLLER_RX,19,00000000000000000600000140254012
4018510.625,3214796,UPM_CONTROLLER_RX,19,00000000000000000600000140254012
4018514.375,3214799,UPM_CONTROLLER_RX,19,00000000000000000600000140254012
4018518.125,3214802,UPM_CONTROLLER_RX,19,00000000000000000600000140254012
4018521.875,3214805,UPM_CONTROLLER_RX,19,00000000000000000600000140254012
4018525.625,3214808,UPM_CONTROLLER_RX,19,00000000000000000600000140254012
4018529.375,3214811,UPM_CONTROLLER_RX,19,00000000000000000600000140254012
4018533.125,3214814,UPM_CONTROLLER_RX,19,00000000000000000600000140254012
4018536.875,3214817,UPM_CONTROLLER_RX,19,00000000000000000600000140254012
4018540.625,3214820,UPM_CONTROLLER_RX,19,00000000000000000600000140254012
4018544.375,3214823,UPM_CONTROLLER_RX,19,00000000000000000600000140254012
4018548.125,3214826,UPM_CONTROLLER_RX,19,00000000000000000600000140254012
4018551.875,3214829,UPM_CONTROLLER_RX,19,00000000000000000600000140254012
4018555.625,3214832,UPM_CONTROLLER_RX,19,00000000000000000600000140254012
4018559.375,3214835,UPM_CONTROLLER_RX,19,00000000000000000600000140254012
4018563.125,3214838,UPM_CONTROLLER_RX,19,00000000000000000600000140254012
4018566.875,3214841,UPM_CONTROLLER_RX,19,00000000000000000600000140254012
4018570.625,3214844,UPM_CONTROLLER_RX,19,00000000000000000600000140254012
4018574.375,3214847,UPM_CONTROLLER_RX,19,00000000000000000600000140254012
4018578.125,3214850,UPM_CONTROLLER_RX,19,00000000000000000600000140254012
4018581.875,3214853,UPM_CONTROLLER_RX,19,00000000000000000600000140254012
4018585.625,3214856,UPM_CONTROLLER_RX,19,00000000000000000600000140254012
4018589.375,3214859,UPM_CONTROLLER_RX,19,00000000000000000600000140254012
4018593.125,3214862,UPM_CONTROLLER_RX,19,00000000000000000600000140254012
4018596.875,3214865,UPM_CONTROLLER_RX,19,00000000000000000600000140254012
4018600.625,3214868,UPM_CONTROLLER_RX,19,00000000000000000600000140254012
4018604.375,3214871,UPM_CONTROLLER_RX,19,00000000000000000600000140254012
4018608.125,3214874,UPM_CONTROLLER_RX,19,00000000000000000600000140254012
4018611.875,3214877,UPM_TX,0,00000000000000000200010040244012
4018611.875,3214877,UPM_CONTROLLER_RX,19,00000000000000000600000140254012
4018615.625,3214880,UPM_CONTROLLER_RX,19,00000000000000000600000140254012
4018619.375,3214883,UPM_CONTROLLER_RX,19,00000000000000000600000140254012
4018623.125,3214886,UPM_CONTROLLER_RX,19,00000000000000000600000140254012
4018626.875,3214889,UPM_CONTROLLER_RX,19,00000000000000000600000140254012
4018630.625,3214892,UPM_CONTROLLER_RX,19,00000000000000000600000140254012
4018634.375,3214895,UPM_CONTROLLER_RX,19,00000000000000000600000140254012
4018638.125,3214898,UPM_CONTROLLER_RX,19,00000000000000000600000140254012
4018641.875,3214901,UPM_CONTROLLER_RX,19,00000000000000000600000140254012
4018645.625,3214904,UPM_CONTROLLER_RX,19,00000000000000000600000140254012
4018649.375,3214907,UPM_CONTROLLER_RX,19,00000000000000000600000140254012
4018653.125,3214910,UPM_CONTROLLER_RX,19,00000000000000000600000140254012
4018656.875,3214913,UPM_CONTROLLER_RX,19,00000000000000000600000140254012
4018660.625,3214916,UPM_CONTROLLER_RX,19,00000000000000000600000140254012
4018664.375,3214919,UPM_CONTROLLER_RX,19,00000000000000000600000140254012
4018668.125,3214922,UPM_CONTROLLER_RX,19,00000000000000000600000140254012
4018671.875,3214925,UPM_CONTROLLER_RX,19,00000000000000000600000140254012
4018675.625,3214928,UPM_CONTROLLER_RX,19,00000000000000000600000140254012
4018679.375,3214931,UPM_CONTROLLER_RX,19,00000000000000000600000140254012
4018683.125,3214934,UPM_CONTROLLER_RX,19,00000000000000000600000140254012
4018686.875,3214937,UPM_CONTROLLER_RX,19,00000000000000000600000140254012
4018690.625,3214940,UPM_CONTROLLER_RX,19,00000000000000000600000140254012
4018694.375,3214943,UPM_CONTROLLER_RX,19,00000000000000000600000140254012
4018698.125,3214946,UPM_CONTROLLER_RX,19,00000000000000000600000140254012
4018701.875,3214949,UPM_CONTROLLER_RX,19,00000000000000000600000140254012
4018705.625,3214952,UPM_CONTROLLER_RX,19,00000000000000000600000140254012
4018709.375,3214955,UPM_CONTROLLER_RX,19,00000000000000000600000140254012
4018713.125,3214958,UPM_CONTROLLER_RX,19,00000000000000000600000140254012
4018716.875,3214961,UPM_CONTROLLER_RX,19,00000000000000000600000140254012
4018720.625,3214964,UPM_CONTROLLER_RX,19,00000000000000000600000140254012
4018724.375,3214967,UPM_CONTROLLER_RX,19,00000000000000000600000140254012
4018728.125,3214970,UPM_CONTROLLER_RX,19,00000000000000000600000140254012
4018731.875,3214973,UPM_CONTROLLER_RX,19,00000000000000000600000140254012
4018733.125,3214974,UPM_TX,0,00000000000000000200010040244012
4018735.625,3214976,UPM_CONTROLLER_RX,19,00000000000000000600000140254012
4018739.375,3214979,UPM_CONTROLLER_RX,19,00000000000000000600000140254012
4018743.125,3214982,UPM_CONTROLLER_RX,19,00000000000000000600000140254012
4018746.875,3214985,UPM_CONTROLLER_RX,19,00000000000000000600000140254012
4018750.625,3214988,UPM_CONTROLLER_RX,19,00000000000000000600000140254012
4018754.375,3214991,UPM_CONTROLLER_RX,19,00000000000000000600000140254012
4018758.125,3214994,UPM_CONTROLLER_RX,19,00000000000000000600000140254012
4018761.875,3214997,UPM_CONTROLLER_RX,19,00000000000000000600000140254012
4018765.625,3215000,UPM_CONTROLLER_RX,19,00000000000000000600000140254012
4018769.375,3215003,UPM_CONTROLLER_RX,19,00000000000000000600000140254012
4018773.125,3215006,UPM_CONTROLLER_RX,19,00000000000000000600000140254012
4018776.875,3215009,UPM_CONTROLLER_RX,19,00000000000000000600000140254012
4018780.625,3215012,UPM_CONTROLLER_RX,19,00000000000000000600000140254012
4018784.375,3215015,UPM_CONTROLLER_RX,19,00000000000000000600000140254012
4018788.125,3215018,UPM_CONTROLLER_RX,19,00000000000000000600000140254012
4018791.875,3215021,UPM_CONTROLLER_RX,19,00000000000000000600000140254012
4018795.625,3215024,UPM_CONTROLLER_RX,19,00000000000000000600000140254012
4018799.375,3215027,UPM_CONTROLLER_RX,19,00000000000000000600000140254012
4018803.125,3215030,UPM_CONTROLLER_RX,19,00000000000000000600000140254012
4018806.875,3215033,UPM_CONTROLLER_RX,19,00000000000000000600000140254012
4018810.625,3215036,UPM_CONTROLLER_RX,19,00000000000000000600000140254012
4018814.375,3215039,UPM_CONTROLLER_RX,19,00000000000000000600000140254012
4018818.125,3215042,UPM_CONTROLLER_RX,19,00000000000000000600000140254012
4018821.875,3215045,UPM_CONTROLLER_RX,19,00000000000000000600000140254012
4018825.625,3215048,UPM_CONTROLLER_RX,19,00000000000000000600000140254012
4018829.375,3215051,UPM_CONTROLLER_RX,19,00000000000000000600000140254012
4018833.125,3215054,UPM_CONTROLLER_RX,19,00000000000000000600000140254012
4018836.875,3215057,UPM_CONTROLLER_RX,19,00000000000000000600000140254012
4018840.625,3215060,UPM_CONTROLLER_RX,19,00000000000000000600000140254012
4018844.375,3215063,UPM_CONTROLLER_RX,19,00000000000000000600000140254012
4018848.125,3215066,UPM_CONTROLLER_RX,19,00000000000000000600000140254012
4018851.875,3215069,UPM_CONTROLLER_RX,19,00000000000000000600000140254012
4018854.375,3215071,UPM_TX,0,00000000000000000200010040244012
4018855.625,3215072,UPM_CONTROLLER_RX,19,00000000000000000600000140254012
4018859.375,3215075,UPM_CONTROLLER_RX,19,00000000000000000600000140254012
4018863.125,3215078,UPM_CONTROLLER_RX,19,00000000000000000600000140254012
4018866.875,3215081,UPM_CONTROLLER_RX,19,00000000000000000600000140254012
4018870.625,3215084,UPM_CONTROLLER_RX,19,00000000000000000600000140254012
4018874.375,3215087,UPM_CONTROLLER_RX,19,00000000000000000600000140254012
4018878.125,3215090,UPM_CONTROLLER_RX,19,00000000000000000600000140254012
4018881.875,3215093,UPM_CONTROLLER_RX,19,00000000000000000600000140254012
4018885.625,3215096,UPM_CONTROLLER_RX,19,00000000000000000600000140254012
4018889.375,3215099,UPM_CONTROLLER_RX,19,00000000000000000600000140254012
4018893.125,3215102,UPM_CONTROLLER_RX,19,00000000000000000600000140254012
4018896.875,3215105,UPM_CONTROLLER_RX,19,00000000000000000600000140254012
4018900.625,3215108,UPM_CONTROLLER_RX,19,00000000000000000600000140254012
4018904.375,3215111,UPM_CONTROLLER_RX,19,00000000000000000600000140254012
4018908.125,3215114,UPM_CONTROLLER_RX,19,00000000000000000600000140254012
4018911.875,3215117,UPM_CONTROLLER_RX,19,00000000000000000600000140254012
4018915.625,3215120,UPM_CONTROLLER_RX,19,00000000000000000600000140254012
4018919.375,3215123,UPM_CONTROLLER_RX,19,00000000000000000600000140254012
4018923.125,3215126,UPM_CONTROLLER_RX,19,00000000000000000600000140254012
4018926.875,3215129,UPM_CONTROLLER_RX,19,00000000000000000600000140254012
4018930.625,3215132,UPM_CONTROLLER_RX,19,00000000000000000600000140254012
4018934.375,3215135,UPM_CONTROLLER_RX,19,00000000000000000600000140254012
4018938.125,3215138,UPM_CONTROLLER_RX,19,00000000000000000600000140254012
4018941.875,3215141,UPM_CONTROLLER_RX,19,00000000000000000600000140254012
4018945.625,3215144,UPM_CONTROLLER_RX,19,00000000000000000600000140254012
4018949.375,3215147,UPM_CONTROLLER_RX,19,00000000000000000600000140254012
4018953.125,3215150,UPM_CONTROLLER_RX,19,00000000000000000600000140254012
4018956.875,3215153,UPM_CONTROLLER_RX,19,00000000000000000600000140254012
4018960.625,3215156,UPM_CONTROLLER_RX,19,00000000000000000600000140254012
4018964.375,3215159,UPM_CONTROLLER_RX,19,00000000000000000600000140254012
4018968.125,3215162,UPM_CONTROLLER_RX,19,00000000000000000600000140254012
4018971.875,3215165,UPM_CONTROLLER_RX,19,00000000000000000600000140254012
4018975.625,3215168,UPM_TX,0,00000000000000000200010040244012
4018975.625,3215168,UPM_CONTROLLER_RX,19,00000000000000000600000140254012
4018979.375,3215171,UPM_CONTROLLER_RX,19,00000000000000000600000140254012
4018983.125,3215174,UPM_CONTROLLER_RX,19,00000000000000000600000140254012
4018986.875,3215177,UPM_CONTROLLER_RX,19,00000000000000000600000140254012
4018990.625,3215180,UPM_CONTROLLER_RX,19,00000000000000000600000140254012
4018994.375,3215183,UPM_CONTROLLER_RX,19,00000000000000000600000140254012
4018998.125,3215186,UPM_CONTROLLER_RX,19,00000000000000000600000140254012
4019001.875,3215189,UPM_CONTROLLER_RX,19,00000000000000000600000140254012
4019005.625,3215192,UPM_CONTROLLER_RX,19,00000000000000000600000140254012
4019009.375,3215195,UPM_CONTROLLER_RX,19,00000000000000000600000140254012
4019013.125,3215198,UPM_CONTROLLER_RX,19,00000000000000000600000140254012
4019016.875,3215201,UPM_CONTROLLER_RX,19,00000000000000000600000140254012
4019020.625,3215204,UPM_CONTROLLER_RX,19,00000000000000000600000140254012
4019024.375,3215207,UPM_CONTROLLER_RX,19,00000000000000000600000140254012
4019028.125,3215210,UPM_CONTROLLER_RX,19,00000000000000000600000140254012
4019031.875,3215213,UPM_CONTROLLER_RX,19,00000000000000000600000140254012
4019035.625,3215216,UPM_CONTROLLER_RX,19,00000000000000000600000140254012
4019039.375,3215219,UPM_CONTROLLER_RX,19,00000000000000000600000140254012
4019043.125,3215222,UPM_CONTROLLER_RX,19,00000000000000000600000140254012
4019046.875,3215225,UPM_CONTROLLER_RX,19,00000000000000000600000140254012
4019050.625,3215228,UPM_CONTROLLER_RX,19,00000000000000000600000140254012
4019054.375,3215231,UPM_CONTROLLER_RX,19,00000000000000000600000140254012
4019058.125,3215234,UPM_CONTROLLER_RX,19,00000000000000000600000140254012
4019061.875,3215237,UPM_CONTROLLER_RX,19,00000000000000000600000140254012
4019065.625,3215240,UPM_CONTROLLER_RX,19,00000000000000000600000140254012
4019069.375,3215243,UPM_CONTROLLER_RX,19,00000000000000000600000140254012
4019073.125,3215246,UPM_CONTROLLER_RX,19,00000000000000000600000140254012
4019076.875,3215249,UPM_CONTROLLER_RX,19,00000000000000000600000140254012
4019080.625,3215252,UPM_CONTROLLER_RX,19,00000000000000000600000140254012
4019084.375,3215255,UPM_CONTROLLER_RX,19,00000000000000000600000140254012
4019088.125,3215258,UPM_CONTROLLER_RX,19,00000000000000000600000140254012
4019091.875,3215261,UPM_CONTROLLER_RX,19,00000000000000000600000140254012
4019095.625,3215264,UPM_CONTROLLER_RX,19,00000000000000000600000140254012
4019096.875,3215265,UPM_TX,0,00000000000000000200010040244012
4019099.375,3215267,UPM_CONTROLLER_RX,19,00000000000000000600000140254012
4019103.125,3215270,UPM_CONTROLLER_RX,19,00000000000000000600000140254012
4019106.875,3215273,UPM_CONTROLLER_RX,19,00000000000000000600000140254012
4019110.625,3215276,UPM_CONTROLLER_RX,19,00000000000000000600000140254012
4019114.375,3215279,UPM_CONTROLLER_RX,19,00000000000000000600000140254012
4019118.125,3215282,UPM_CONTROLLER_RX,19,00000000000000000600000140254012
4019121.875,3215285,UPM_CONTROLLER_RX,19,00000000000000000600000140254012
4019125.625,3215288,UPM_CONTROLLER_RX,19,00000000000000000600000140254012
4019129.375,3215291,UPM_CONTROLLER_RX,19,00000000000000000600000140254012
4019133.125,3215294,UPM_CONTROLLER_RX,19,00000000000000000600000140254012
4019136.875,3215297,UPM_CONTROLLER_RX,19,00000000000000000600000140254012
4019140.625,3215300,UPM_CONTROLLER_RX,19,00000000000000000600000140254012
4019144.375,3215303,UPM_CONTROLLER_RX,19,00000000000000000600000140254012
4019148.125,3215306,UPM_CONTROLLER_RX,19,00000000000000000600000140254012
4019151.875,3215309,UPM_CONTROLLER_RX,19,00000000000000000600000140254012
4019155.625,3215312,UPM_CONTROLLER_RX,19,00000000000000000600000140254012
4019159.375,3215315,UPM_CONTROLLER_RX,19,00000000000000000600000140254012
4019163.125,3215318,UPM_CONTROLLER_RX,19,00000000000000000600000140254012
4019166.875,3215321,UPM_CONTROLLER_RX,19,00000000000000000600000140254012
4019170.625,3215324,UPM_CONTROLLER_RX,19,00000000000000000600000140254012
4019174.375,3215327,UPM_CONTROLLER_RX,19,00000000000000000600000140254012
4019178.125,3215330,UPM_CONTROLLER_RX,19,00000000000000000600000140254012
4019181.875,3215333,UPM_CONTROLLER_RX,19,00000000000000000600000140254012
4019185.625,3215336,UPM_CONTROLLER_RX,19,00000000000000000600000140254012
4019189.375,3215339,UPM_CONTROLLER_RX,19,00000000000000000600000140254012
4019193.125,3215342,UPM_CONTROLLER_RX,19,00000000000000000600000140254012
4019196.875,3215345,UPM_CONTROLLER_RX,19,00000000000000000600000140254012
4019200.625,3215348,UPM_CONTROLLER_RX,19,00000000000000000600000140254012
4019204.375,3215351,UPM_CONTROLLER_RX,19,00000000000000000600000140254012
4019208.125,3215354,UPM_CONTROLLER_RX,19,00000000000000000600000140254012
4019211.875,3215357,UPM_CONTROLLER_RX,19,00000000000000000600000140254012
4019215.625,3215360,UPM_CONTROLLER_RX,19,00000000000000000600000140254012
4019218.125,3215362,UPM_TX,0,00000000000000000200010040244012
4019219.375,3215363,UPM_CONTROLLER_RX,19,00000000000000000600000140254012
4019223.125,3215366,UPM_CONTROLLER_RX,19,00000000000000000600000140254012
4019226.875,3215369,UPM_CONTROLLER_RX,19,00000000000000000600000140254012
4019230.625,3215372,UPM_CONTROLLER_RX,19,00000000000000000600000140254012
4019234.375,3215375,UPM_CONTROLLER_RX,19,00000000000000000600000140254012
4019238.125,3215378,UPM_CONTROLLER_RX,19,00000000000000000600000140254012
4019241.875,3215381,UPM_CONTROLLER_RX,19,00000000000000000600000140254012
4019245.625,3215384,UPM_CONTROLLER_RX,19,00000000000000000600000140254012
4019249.375,3215387,UPM_CONTROLLER_RX,19,00000000000000000600000140254012
4019253.125,3215390,UPM_CONTROLLER_RX,19,00000000000000000600000140254012
4019256.875,3215393,UPM_CONTROLLER_RX,19,00000000000000000600000140254012
4019260.625,3215396,UPM_CONTROLLER_RX,19,00000000000000000600000140254012
4019264.375,3215399,UPM_CONTROLLER_RX,19,00000000000000000600000140254012
4019268.125,3215402,UPM_CONTROLLER_RX,19,00000000000000000600000140254012
4019271.875,3215405,UPM_CONTROLLER_RX,19,00000000000000000600000140254012
4019275.625,3215408,UPM_CONTROLLER_RX,19,00000000000000000600000140254012
4019279.375,3215411,UPM_CONTROLLER_RX,19,00000000000000000600000140254012
4019283.125,3215414,UPM_CONTROLLER_RX,19,00000000000000000600000140254012
4019286.875,3215417,UPM_CONTROLLER_RX,19,00000000000000000600000140254012
4019290.625,3215420,UPM_CONTROLLER_RX,19,00000000000000000600000140254012
4019294.375,3215423,UPM_CONTROLLER_RX,19,00000000000000000600000140254012
4019298.125,3215426,UPM_CONTROLLER_RX,19,00000000000000000600000140254012
4019301.875,3215429,UPM_CONTROLLER_RX,19,00000000000000000600000140254012
4019305.625,3215432,UPM_CONTROLLER_RX,19,00000000000000000600000140254012
4019309.375,3215435,UPM_CONTROLLER_RX,19,00000000000000000600000140254012
4019313.125,3215438,UPM_CONTROLLER_RX,19,00000000000000000600000140254012
4019316.875,3215441,UPM_CONTROLLER_RX,19,00000000000000000600000140254012
4019320.625,3215444,UPM_CONTROLLER_RX,19,00000000000000000600000140254012
4019324.375,3215447,UPM_CONTROLLER_RX,19,00000000000000000600000140254012
4019328.125,3215450,UPM_CONTROLLER_RX,19,00000000000000000600000140254012
4019331.875,3215453,UPM_CONTROLLER_RX,19,00000000000000000600000140254012
4019335.625,3215456,UPM_CONTROLLER_RX,19,00000000000000000600000140254012
4019339.375,3215459,UPM_TX,0,00000000000000000200010040244012
4019339.375,3215459,UPM_CONTROLLER_RX,19,00000000000000000600000140254012
4019343.125,3215462,UPM_CONTROLLER_RX,19,00000000000000000600000140254012
4019346.875,3215465,UPM_CONTROLLER_RX,19,00000000000000000600000140254012
4019350.625,3215468,UPM_CONTROLLER_RX,19,00000000000000000600000140254012
4019354.375,3215471,UPM_CONTROLLER_RX,19,00000000000000000600000140254012
4019358.125,3215474,UPM_CONTROLLER_RX,19,00000000000000000600000140254012
4019361.875,3215477,UPM_CONTROLLER_RX,19,00000000000000000600000140254012
4019365.625,3215480,UPM_CONTROLLER_RX,19,00000000000000000600000140254012
4019369.375,3215483,UPM_CONTROLLER_RX,19,00000000000000000600000140254012
4019373.125,3215486,UPM_CONTROLLER_RX,19,00000000000000000600000140254012
4019376.875,3215489,UPM_CONTROLLER_RX,19,00000000000000000600000140254012
4019380.625,3215492,UPM_CONTROLLER_RX,19,00000000000000000600000140254012
4019384.375,3215495,UPM_CONTROLLER_RX,19,00000000000000000600000140254012
4019388.125,3215498,UPM_CONTROLLER_RX,19,00000000000000000600000140254012
4019391.875,3215501,UPM_CONTROLLER_RX,19,00000000000000000600000140254012
4019395.625,3215504,UPM_CONTROLLER_RX,19,00000000000000000600000140254012
4019399.375,3215507,UPM_CONTROLLER_RX,19,00000000000000000600000140254012
4019403.125,3215510,UPM_CONTROLLER_RX,19,00000000000000000600000140254012
4019406.875,3215513,UPM_CONTROLLER_RX,19,00000000000000000600000140254012
4019410.625,3215516,UPM_CONTROLLER_RX,19,00000000000000000600000140254012
4019414.375,3215519,UPM_CONTROLLER_RX,19,00000000000000000600000140254012
4019418.125,3215522,UPM_CONTROLLER_RX,19,00000000000000000600000140254012
4019421.875,3215525,UPM_CONTROLLER_RX,19,00000000000000000600000140254012
4019425.625,3215528,UPM_CONTROLLER_RX,19,00000000000000000600000140254012
4019429.375,3215531,UPM_CONTROLLER_RX,19,00000000000000000600000140254012
4019433.125,3215534,UPM_CONTROLLER_RX,19,00000000000000000600000140254012
4019436.875,3215537,UPM_CONTROLLER_RX,19,00000000000000000600000140254012
4019440.625,3215540,UPM_CONTROLLER_RX,19,00000000000000000600000140254012
4019444.375,3215543,UPM_CONTROLLER_RX,19,00000000000000000600000140254012
4019448.125,3215546,UPM_CONTROLLER_RX,19,00000000000000000600000140254012
4019451.875,3215549,UPM_CONTROLLER_RX,19,00000000000000000600000140254012
4019455.625,3215552,UPM_CONTROLLER_RX,19,00000000000000000600000140254012
4019459.375,3215555,UPM_CONTROLLER_RX,19,00000000000000000600000140254012
4019460.625,3215556,UPM_TX,0,00000000000000000200010040244012
4019463.125,3215558,UPM_CONTROLLER_RX,19,00000000000000000600000140254012
4019466.875,3215561,UPM_CONTROLLER_RX,19,00000000000000000600000140254012
4019470.625,3215564,UPM_CONTROLLER_RX,19,00000000000000000600000140254012
4019474.375,3215567,UPM_CONTROLLER_RX,19,00000000000000000600000140254012
4019478.125,3215570,UPM_CONTROLLER_RX,19,00000000000000000600000140254012
4019481.875,3215573,UPM_CONTROLLER_RX,19,00000000000000000600000140254012
4019485.625,3215576,UPM_CONTROLLER_RX,19,00000000000000000600000140254012
4019489.375,3215579,UPM_CONTROLLER_RX,19,00000000000000000600000140254012
4019493.125,3215582,UPM_CONTROLLER_RX,19,00000000000000000600000140254012
4019496.875,3215585,UPM_CONTROLLER_RX,19,00000000000000000600000140254012
4019500.625,3215588,UPM_CONTROLLER_RX,19,00000000000000000600000140254012
4019504.375,3215591,UPM_CONTROLLER_RX,19,00000000000000000600000140254012
4019508.125,3215594,UPM_CONTROLLER_RX,19,00000000000000000600000140254012
4019511.875,3215597,UPM_CONTROLLER_RX,19,00000000000000000600000140254012
4019515.625,3215600,UPM_CONTROLLER_RX,19,00000000000000000600000140254012
4019519.375,3215603,UPM_CONTROLLER_RX,19,00000000000000000600000140254012
4019523.125,3215606,UPM_CONTROLLER_RX,19,00000000000000000600000140254012
4019526.875,3215609,UPM_CONTROLLER_RX,19,00000000000000000600000140254012
4019530.625,3215612,UPM_CONTROLLER_RX,19,00000000000000000600000140254012
4019534.375,3215615,UPM_CONTROLLER_RX,19,00000000000000000600000140254012
4019538.125,3215618,UPM_CONTROLLER_RX,19,00000000000000000600000140254012
4019541.875,3215621,UPM_CONTROLLER_RX,19,00000000000000000600000140254012
4019545.625,3215624,UPM_CONTROLLER_RX,19,00000000000000000600000140254012
4019549.375,3215627,UPM_CONTROLLER_RX,19,00000000000000000600000140254012
4019553.125,3215630,UPM_CONTROLLER_RX,19,00000000000000000600000140254012
4019556.875,3215633,UPM_CONTROLLER_RX,19,00000000000000000600000140254012
4019560.625,3215636,UPM_CONTROLLER_RX,19,00000000000000000600000140254012
4019564.375,3215639,UPM_CONTROLLER_RX,19,00000000000000000600000140254012
4019568.125,3215642,UPM_CONTROLLER_RX,19,00000000000000000600000140254012
4019571.875,3215645,UPM_CONTROLLER_RX,19,00000000000000000600000140254012
4019575.625,3215648,UPM_CONTROLLER_RX,19,00000000000000000600000140254012
4019579.375,3215651,UPM_CONTROLLER_RX,19,00000000000000000600000140254012
4019581.875,3215653,UPM_TX,0,00000000000000000200010040244012
4019583.125,3215654,UPM_CONTROLLER_RX,19,00000000000000000600000140254012
4019586.875,3215657,UPM_CONTROLLER_RX,19,00000000000000000600000140254012
4019590.625,3215660,UPM_CONTROLLER_RX,19,00000000000000000600000140254012
4019594.375,3215663,UPM_CONTROLLER_RX,19,00000000000000000600000140254012
4019598.125,3215666,UPM_CONTROLLER_RX,19,00000000000000000600000140254012
4019601.875,3215669,UPM_CONTROLLER_RX,19,00000000000000000600000140254012
4019605.625,3215672,UPM_CONTROLLER_RX,19,00000000000000000600000140254012
4019609.375,3215675,UPM_CONTROLLER_RX,19,00000000000000000600000140254012
4019613.125,3215678,UPM_CONTROLLER_RX,19,00000000000000000600000140254012
4019616.875,3215681,UPM_CONTROLLER_RX,19,00000000000000000600000140254012
4019620.625,3215684,UPM_CONTROLLER_RX,19,00000000000000000600000140254012
4019624.375,3215687,UPM_CONTROLLER_RX,19,00000000000000000600000140254012
4019628.125,3215690,UPM_CONTROLLER_RX,19,00000000000000000600000140254012
4019631.875,3215693,UPM_CONTROLLER_RX,19,00000000000000000600000140254012
4019635.625,3215696,UPM_CONTROLLER_RX,19,00000000000000000600000140254012
4019639.375,3215699,UPM_CONTROLLER_RX,19,00000000000000000600000140254012
4019643.125,3215702,UPM_CONTROLLER_RX,19,00000000000000000600000140254012
4019646.875,3215705,UPM_CONTROLLER_RX,19,00000000000000000600000140254012
4019650.625,3215708,UPM_CONTROLLER_RX,19,00000000000000000600000140254012
4019654.375,3215711,UPM_CONTROLLER_RX,19,00000000000000000600000140254012
4019658.125,3215714,UPM_CONTROLLER_RX,19,00000000000000000600000140254012
4019661.875,3215717,UPM_CONTROLLER_RX,19,00000000000000000600000140254012
4019665.625,3215720,UPM_CONTROLLER_RX,19,00000000000000000600000140254012
4019669.375,3215723,UPM_CONTROLLER_RX,19,00000000000000000600000140254012
4019673.125,3215726,UPM_CONTROLLER_RX,19,00000000000000000600000140254012
4019676.875,3215729,UPM_CONTROLLER_RX,19,00000000000000000600000140254012
4019680.625,3215732,UPM_CONTROLLER_RX,19,00000000000000000600000140254012
4019684.375,3215735,UPM_CONTROLLER_RX,19,00000000000000000600000140254012
4019688.125,3215738,UPM_CONTROLLER_RX,19,00000000000000000600000140254012
4019691.875,3215741,UPM_CONTROLLER_RX,19,00000000000000000600000140254012
4019695.625,3215744,UPM_CONTROLLER_RX,19,00000000000000000600000140254012
4019699.375,3215747,UPM_CONTROLLER_RX,19,00000000000000000600000140254012
4019703.125,3215750,UPM_TX,0,00000000000000000200010040244012
4019703.125,3215750,UPM_CONTROLLER_RX,19,00000000000000000600000140254012
4019706.875,3215753,UPM_CONTROLLER_RX,19,00000000000000000600000140254012
4019710.625,3215756,UPM_CONTROLLER_RX,19,00000000000000000600000140254012
4019714.375,3215759,UPM_CONTROLLER_RX,19,00000000000000000600000140254012
4019718.125,3215762,UPM_CONTROLLER_RX,19,00000000000000000600000140254012
4019721.875,3215765,UPM_CONTROLLER_RX,19,00000000000000000600000140254012
4019725.625,3215768,UPM_CONTROLLER_RX,19,00000000000000000600000140254012
4019729.375,3215771,UPM_CONTROLLER_RX,19,00000000000000000600000140254012
4019733.125,3215774,UPM_CONTROLLER_RX,19,00000000000000000600000140254012
4019736.875,3215777,UPM_CONTROLLER_RX,19,00000000000000000600000140254012
4019740.625,3215780,UPM_CONTROLLER_RX,19,00000000000000000600000140254012
4019744.375,3215783,UPM_CONTROLLER_RX,19,00000000000000000600000140254012
4019748.125,3215786,UPM_CONTROLLER_RX,19,00000000000000000600000140254012
4019751.875,3215789,UPM_CONTROLLER_RX,19,00000000000000000600000140254012
4019755.625,3215792,UPM_CONTROLLER_RX,19,00000000000000000600000140254012
4019759.375,3215795,UPM_CONTROLLER_RX,19,00000000000000000600000140254012
4019763.125,3215798,UPM_CONTROLLER_RX,19,00000000000000000600000140254012
4019766.875,3215801,UPM_CONTROLLER_RX,19,00000000000000000600000140254012
4019770.625,3215804,UPM_CONTROLLER_RX,19,00000000000000000600000140254012
4019774.375,3215807,UPM_CONTROLLER_RX,19,00000000000000000600000140254012
4019778.125,3215810,UPM_CONTROLLER_RX,19,00000000000000000600000140254012
4019781.875,3215813,UPM_CONTROLLER_RX,19,00000000000000000600000140254012
4019785.625,3215816,UPM_CONTROLLER_RX,19,00000000000000000600000140254012
4019789.375,3215819,UPM_CONTROLLER_RX,19,00000000000000000600000140254012
4019793.125,3215822,UPM_CONTROLLER_RX,19,00000000000000000600000140254012
4019796.875,3215825,UPM_CONTROLLER_RX,19,00000000000000000600000140254012
4019800.625,3215828,UPM_CONTROLLER_RX,19,00000000000000000600000140254012
4019804.375,3215831,UPM_CONTROLLER_RX,19,00000000000000000600000140254012
4019808.125,3215834,UPM_CONTROLLER_RX,19,00000000000000000600000140254012
4019811.875,3215837,UPM_CONTROLLER_RX,19,00000000000000000600000140254012
4019815.625,3215840,UPM_CONTROLLER_RX,19,00000000000000000600000140254012
4019819.375,3215843,UPM_CONTROLLER_RX,19,00000000000000000600000140254012
4019823.125,3215846,UPM_CONTROLLER_RX,19,00000000000000000600000140254012
4019824.375,3215847,UPM_TX,0,00000000000000000200010040244012
4019826.875,3215849,UPM_CONTROLLER_RX,19,00000000000000000600000140254012
4019830.625,3215852,UPM_CONTROLLER_RX,19,00000000000000000600000140254012
4019834.375,3215855,UPM_CONTROLLER_RX,19,00000000000000000600000140254012
4019838.125,3215858,UPM_CONTROLLER_RX,19,00000000000000000600000140254012
4019841.875,3215861,UPM_CONTROLLER_RX,19,00000000000000000600000140254012
4019845.625,3215864,UPM_CONTROLLER_RX,19,00000000000000000600000140254012
4019849.375,3215867,UPM_CONTROLLER_RX,19,00000000000000000600000140254012
4019853.125,3215870,UPM_CONTROLLER_RX,19,00000000000000000600000140254012
4019856.875,3215873,UPM_CONTROLLER_RX,19,00000000000000000600000140254012
4019860.625,3215876,UPM_CONTROLLER_RX,19,00000000000000000600000140254012
4019864.375,3215879,UPM_CONTROLLER_RX,19,00000000000000000600000140254012
4019868.125,3215882,UPM_CONTROLLER_RX,19,00000000000000000600000140254012
4019871.875,3215885,UPM_CONTROLLER_RX,19,00000000000000000600000140254012
4019875.625,3215888,UPM_CONTROLLER_RX,19,00000000000000000600000140254012
4019879.375,3215891,UPM_CONTROLLER_RX,19,00000000000000000600000140254012
4019883.125,3215894,UPM_CONTROLLER_RX,19,00000000000000000600000140254012
4019886.875,3215897,UPM_CONTROLLER_RX,19,00000000000000000600000140254012
4019890.625,3215900,UPM_CONTROLLER_RX,19,00000000000000000600000140254012
4019894.375,3215903,UPM_CONTROLLER_RX,19,00000000000000000600000140254012
4019898.125,3215906,UPM_CONTROLLER_RX,19,00000000000000000600000140254012
4019901.875,3215909,UPM_CONTROLLER_RX,19,00000000000000000600000140254012
4019905.625,3215912,UPM_CONTROLLER_RX,19,00000000000000000600000140254012
4019909.375,3215915,UPM_CONTROLLER_RX,19,00000000000000000600000140254012
4019913.125,3215918,UPM_CONTROLLER_RX,19,00000000000000000600000140254012
4019916.875,3215921,UPM_CONTROLLER_RX,19,00000000000000000600000140254012
4019920.625,3215924,UPM_CONTROLLER_RX,19,00000000000000000600000140254012
4019924.375,3215927,UPM_CONTROLLER_RX,19,00000000000000000600000140254012
4019928.125,3215930,UPM_CONTROLLER_RX,19,00000000000000000600000140254012
4019931.875,3215933,UPM_CONTROLLER_RX,19,00000000000000000600000140254012
4019935.625,3215936,UPM_CONTROLLER_RX,19,00000000000000000600000140254012
4019939.375,3215939,UPM_CONTROLLER_RX,19,00000000000000000600000140254012
4019943.125,3215942,UPM_CONTROLLER_RX,19,00000000000000000600000140254012
4019945.625,3215944,UPM_TX,0,00000000000000000200010040244012
4019946.875,3215945,UPM_CONTROLLER_RX,19,00000000000000000600000140254012
4019950.625,3215948,UPM_CONTROLLER_RX,19,00000000000000000600000140254012
4019954.375,3215951,UPM_CONTROLLER_RX,19,00000000000000000600000140254012
4019958.125,3215954,UPM_CONTROLLER_RX,19,00000000000000000600000140254012
4019961.875,3215957,UPM_CONTROLLER_RX,19,00000000000000000600000140254012
4019965.625,3215960,UPM_CONTROLLER_RX,19,00000000000000000600000140254012
4019969.375,3215963,UPM_CONTROLLER_RX,19,00000000000000000600000140254012
4019973.125,3215966,UPM_CONTROLLER_RX,19,00000000000000000600000140254012
4019976.875,3215969,UPM_CONTROLLER_RX,19,00000000000000000600000140254012
4019980.625,3215972,UPM_CONTROLLER_RX,19,00000000000000000600000140254012
4019984.375,3215975,UPM_CONTROLLER_RX,19,00000000000000000600000140254012
4019988.125,3215978,UPM_CONTROLLER_RX,19,00000000000000000600000140254012
4019991.875,3215981,UPM_CONTROLLER_RX,19,00000000000000000600000140254012
4019995.625,3215984,UPM_CONTROLLER_RX,19,00000000000000000600000140254012
4019999.375,3215987,UPM_CONTROLLER_RX,19,00000000000000000600000140254012
4020003.125,3215990,UPM_CONTROLLER_RX,19,00000000000000000600000140254012
4020006.875,3215993,UPM_CONTROLLER_RX,19,00000000000000000600000140254012
4020010.625,3215996,UPM_CONTROLLER_RX,19,00000000000000000600000140254012
4020014.375,3215999,UPM_CONTROLLER_RX,19,00000000000000000600000140254012
4020018.125,3216002,UPM_CONTROLLER_RX,19,00000000000000000600000140254012
4020021.875,3216005,UPM_CONTROLLER_RX,19,00000000000000000600000140254012
4020025.625,3216008,UPM_CONTROLLER_RX,19,00000000000000000600000140254012
4020029.375,3216011,UPM_CONTROLLER_RX,19,00000000000000000600000140254012
4020033.125,3216014,UPM_CONTROLLER_RX,19,00000000000000000600000140254012
4020036.875,3216017,UPM_CONTROLLER_RX,19,00000000000000000600000140254012
4020040.625,3216020,UPM_CONTROLLER_RX,19,00000000000000000600000140254012
4020044.375,3216023,UPM_CONTROLLER_RX,19,00000000000000000600000140254012
4020048.125,3216026,UPM_CONTROLLER_RX,19,00000000000000000600000140254012
4020051.875,3216029,UPM_CONTROLLER_RX,19,00000000000000000600000140254012
4020055.625,3216032,UPM_CONTROLLER_RX,19,00000000000000000600000140254012
4020059.375,3216035,UPM_CONTROLLER_RX,19,00000000000000000600000140254012
4020063.125,3216038,UPM_CONTROLLER_RX,19,00000000000000000600000140254012
4020066.875,3216041,UPM_TX,0,00000000000000000200010040244012
4020066.875,3216041,UPM_CONTROLLER_RX,19,00000000000000000600000140254012
4020070.625,3216044,UPM_CONTROLLER_RX,19,00000000000000000600000140254012
4020074.375,3216047,UPM_CONTROLLER_RX,19,00000000000000000600000140254012
4020078.125,3216050,UPM_CONTROLLER_RX,19,00000000000000000600000140254012
4020081.875,3216053,UPM_CONTROLLER_RX,19,00000000000000000600000140254012
4020085.625,3216056,UPM_CONTROLLER_RX,19,00000000000000000600000140254012
4020089.375,3216059,UPM_CONTROLLER_RX,19,00000000000000000600000140254012
4020093.125,3216062,UPM_CONTROLLER_RX,19,00000000000000000600000140254012
4020096.875,3216065,UPM_CONTROLLER_RX,19,00000000000000000600000140254012
4020100.625,3216068,UPM_CONTROLLER_RX,19,00000000000000000600000140254012
4020104.375,3216071,UPM_CONTROLLER_RX,19,00000000000000000600000140254012
4020108.125,3216074,UPM_CONTROLLER_RX,19,00000000000000000600000140254012
4020111.875,3216077,UPM_CONTROLLER_RX,19,00000000000000000600000140254012
4020115.625,3216080,UPM_CONTROLLER_RX,19,00000000000000000600000140254012
4020119.375,3216083,UPM_CONTROLLER_RX,19,00000000000000000600000140254012
4020123.125,3216086,UPM_CONTROLLER_RX,19,00000000000000000600000140254012
4020126.875,3216089,UPM_CONTROLLER_RX,19,00000000000000000600000140254012
4020130.625,3216092,UPM_CONTROLLER_RX,19,00000000000000000600000140254012
4020134.375,3216095,UPM_CONTROLLER_RX,19,00000000000000000600000140254012
4020138.125,3216098,UPM_CONTROLLER_RX,19,00000000000000000600000140254012
4020141.875,3216101,UPM_CONTROLLER_RX,19,00000000000000000600000140254012
4020145.625,3216104,UPM_CONTROLLER_RX,19,00000000000000000600000140254012
4020149.375,3216107,UPM_CONTROLLER_RX,19,00000000000000000600000140254012
4020153.125,3216110,UPM_CONTROLLER_RX,19,00000000000000000600000140254012
4020156.875,3216113,UPM_CONTROLLER_RX,19,00000000000000000600000140254012
4020160.625,3216116,UPM_CONTROLLER_RX,19,00000000000000000600000140254012
4020164.375,3216119,UPM_CONTROLLER_RX,19,00000000000000000600000140254012
4020168.125,3216122,UPM_CONTROLLER_RX,19,00000000000000000600000140254012
4020171.875,3216125,UPM_CONTROLLER_RX,19,00000000000000000600000140254012
4020175.625,3216128,UPM_CONTROLLER_RX,19,00000000000000000600000140254012
4020179.375,3216131,UPM_CONTROLLER_RX,19,00000000000000000600000140254012
4020183.125,3216134,UPM_CONTROLLER_RX,19,00000000000000000600000140254012
4020186.875,3216137,UPM_CONTROLLER_RX,19,00000000000000000600000140254012
4020188.125,3216138,UPM_TX,0,00000000000000000200010040244012
4020190.625,3216140,UPM_CONTROLLER_RX,19,00000000000000000600000140254012
4020194.375,3216143,UPM_CONTROLLER_RX,19,00000000000000000600000140254012
4020198.125,3216146,UPM_CONTROLLER_RX,19,00000000000000000600000140254012
4020201.875,3216149,UPM_CONTROLLER_RX,19,00000000000000000600000140254012
4020205.625,3216152,UPM_CONTROLLER_RX,19,00000000000000000600000140254012
4020209.375,3216155,UPM_CONTROLLER_RX,19,00000000000000000600000140254012
4020213.125,3216158,UPM_CONTROLLER_RX,19,00000000000000000600000140254012
4020216.875,3216161,UPM_CONTROLLER_RX,19,00000000000000000600000140254012
4020220.625,3216164,UPM_CONTROLLER_RX,19,00000000000000000600000140254012
4020224.375,3216167,UPM_CONTROLLER_RX,19,00000000000000000600000140254012
4020228.125,3216170,UPM_CONTROLLER_RX,19,00000000000000000600000140254012
4020231.875,3216173,UPM_CONTROLLER_RX,19,00000000000000000600000140254012
4020235.625,3216176,UPM_CONTROLLER_RX,19,00000000000000000600000140254012
4020239.375,3216179,UPM_CONTROLLER_RX,19,00000000000000000600000140254012
4020243.125,3216182,UPM_CONTROLLER_RX,19,00000000000000000600000140254012
4020246.875,3216185,UPM_CONTROLLER_RX,19,00000000000000000600000140254012
4020250.625,3216188,UPM_CONTROLLER_RX,19,00000000000000000600000140254012
4020254.375,3216191,UPM_CONTROLLER_RX,19,00000000000000000600000140254012
4020258.125,3216194,UPM_CONTROLLER_RX,19,00000000000000000600000140254012
4020261.875,3216197,UPM_CONTROLLER_RX,19,00000000000000000600000140254012
4020265.625,3216200,UPM_CONTROLLER_RX,19,00000000000000000600000140254012
4020269.375,3216203,UPM_CONTROLLER_RX,19,00000000000000000600000140254012
4020273.125,3216206,UPM_CONTROLLER_RX,19,00000000000000000600000140254012
4020276.875,3216209,UPM_CONTROLLER_RX,19,00000000000000000600000140254012
4020280.625,3216212,UPM_CONTROLLER_RX,19,00000000000000000600000140254012
4020284.375,3216215,UPM_CONTROLLER_RX,19,00000000000000000600000140254012
4020288.125,3216218,UPM_CONTROLLER_RX,19,00000000000000000600000140254012
4020291.875,3216221,UPM_CONTROLLER_RX,19,00000000000000000600000140254012
4020295.625,3216224,UPM_CONTROLLER_RX,19,00000000000000000600000140254012
4020299.375,3216227,UPM_CONTROLLER_RX,19,00000000000000000600000140254012
4020303.125,3216230,UPM_CONTROLLER_RX,19,00000000000000000600000140254012
4020306.875,3216233,UPM_CONTROLLER_RX,19,00000000000000000600000140254012
4020309.375,3216235,UPM_TX,0,00000000000000000200010040244012
4020310.625,3216236,UPM_CONTROLLER_RX,19,00000000000000000600000140254012
4020314.375,3216239,UPM_CONTROLLER_RX,19,00000000000000000600000140254012
4020318.125,3216242,UPM_CONTROLLER_RX,19,00000000000000000600000140254012
4020321.875,3216245,UPM_CONTROLLER_RX,19,00000000000000000600000140254012
4020325.625,3216248,UPM_CONTROLLER_RX,19,00000000000000000600000140254012
4020329.375,3216251,UPM_CONTROLLER_RX,19,00000000000000000600000140254012
4020333.125,3216254,UPM_CONTROLLER_RX,19,00000000000000000600000140254012
4020336.875,3216257,UPM_CONTROLLER_RX,19,00000000000000000600000140254012
4020340.625,3216260,UPM_CONTROLLER_RX,19,00000000000000000600000140254012
4020344.375,3216263,UPM_CONTROLLER_RX,19,00000000000000000600000140254012
4020348.125,3216266,UPM_CONTROLLER_RX,19,00000000000000000600000140254012
4020351.875,3216269,UPM_CONTROLLER_RX,19,00000000000000000600000140254012
4020355.625,3216272,UPM_CONTROLLER_RX,19,00000000000000000600000140254012
4020359.375,3216275,UPM_CONTROLLER_RX,19,00000000000000000600000140254012
4020363.125,3216278,UPM_CONTROLLER_RX,19,00000000000000000600000140254012
4020366.875,3216281,UPM_CONTROLLER_RX,19,00000000000000000600000140254012
4020370.625,3216284,UPM_CONTROLLER_RX,19,00000000000000000600000140254012
4020374.375,3216287,UPM_CONTROLLER_RX,19,00000000000000000600000140254012
4020378.125,3216290,UPM_CONTROLLER_RX,19,00000000000000000600000140254012
4020381.875,3216293,UPM_CONTROLLER_RX,19,00000000000000000600000140254012
4020385.625,3216296,UPM_CONTROLLER_RX,19,00000000000000000600000140254012
4020389.375,3216299,UPM_CONTROLLER_RX,19,00000000000000000600000140254012
4020393.125,3216302,UPM_CONTROLLER_RX,19,00000000000000000600000140254012
4020396.875,3216305,UPM_CONTROLLER_RX,19,00000000000000000600000140254012
4020400.625,3216308,UPM_CONTROLLER_RX,19,00000000000000000600000140254012
4020404.375,3216311,UPM_CONTROLLER_RX,19,00000000000000000600000140254012
4020408.125,3216314,UPM_CONTROLLER_RX,19,00000000000000000600000140254012
4020411.875,3216317,UPM_CONTROLLER_RX,19,00000000000000000600000140254012
4020415.625,3216320,UPM_CONTROLLER_RX,19,00000000000000000600000140254012
4020419.375,3216323,UPM_CONTROLLER_RX,19,00000000000000000600000140254012
4020423.125,3216326,UPM_CONTROLLER_RX,19,00000000000000000600000140254012
4020426.875,3216329,UPM_CONTROLLER_RX,19,00000000000000000600000140254012
4020430.625,3216332,UPM_TX,0,00000000000000000200010040244012
4020430.625,3216332,UPM_CONTROLLER_RX,19,00000000000000000600000140254012
4020434.375,3216335,UPM_CONTROLLER_RX,19,00000000000000000600000140254012
4020438.125,3216338,UPM_CONTROLLER_RX,19,00000000000000000600000140254012
4020441.875,3216341,UPM_CONTROLLER_RX,19,00000000000000000600000140254012
4020445.625,3216344,UPM_CONTROLLER_RX,19,00000000000000000600000140254012
4020449.375,3216347,UPM_CONTROLLER_RX,19,00000000000000000600000140254012
4020453.125,3216350,UPM_CONTROLLER_RX,19,00000000000000000600000140254012
4020456.875,3216353,UPM_CONTROLLER_RX,19,00000000000000000600000140254012
4020460.625,3216356,UPM_CONTROLLER_RX,19,00000000000000000600000140254012
4020464.375,3216359,UPM_CONTROLLER_RX,19,00000000000000000600000140254012
4020468.125,3216362,UPM_CONTROLLER_RX,19,00000000000000000600000140254012
4020471.875,3216365,UPM_CONTROLLER_RX,19,00000000000000000600000140254012
4020475.625,3216368,UPM_CONTROLLER_RX,19,00000000000000000600000140254012
4020479.375,3216371,UPM_CONTROLLER_RX,19,00000000000000000600000140254012
4020483.125,3216374,UPM_CONTROLLER_RX,19,00000000000000000600000140254012
4020486.875,3216377,UPM_CONTROLLER_RX,19,00000000000000000600000140254012
4020490.625,3216380,UPM_CONTROLLER_RX,19,00000000000000000600000140254012
4020494.375,3216383,UPM_CONTROLLER_RX,19,00000000000000000600000140254012
4020498.125,3216386,UPM_CONTROLLER_RX,19,00000000000000000600000140254012
4020501.875,3216389,UPM_CONTROLLER_RX,19,00000000000000000600000140254012
4020505.625,3216392,UPM_CONTROLLER_RX,19,00000000000000000600000140254012
4020509.375,3216395,UPM_CONTROLLER_RX,19,00000000000000000600000140254012
4020513.125,3216398,UPM_CONTROLLER_RX,19,00000000000000000600000140254012
4020516.875,3216401,UPM_CONTROLLER_RX,19,00000000000000000600000140254012
4020520.625,3216404,UPM_CONTROLLER_RX,19,00000000000000000600000140254012
4020524.375,3216407,UPM_CONTROLLER_RX,19,00000000000000000600000140254012
4020528.125,3216410,UPM_CONTROLLER_RX,19,00000000000000000600000140254012
4020531.875,3216413,UPM_CONTROLLER_RX,19,00000000000000000600000140254012
4020535.625,3216416,UPM_CONTROLLER_RX,19,00000000000000000600000140254012
4020539.375,3216419,UPM_CONTROLLER_RX,19,00000000000000000600000140254012
4020543.125,3216422,UPM_CONTROLLER_RX,19,00000000000000000600000140254012
4020546.875,3216425,UPM_CONTROLLER_RX,19,00000000000000000600000140254012
4020550.625,3216428,UPM_CONTROLLER_RX,19,00000000000000000600000140254012
4020551.875,3216429,UPM_TX,0,00000000000000000200010040244012
4020554.375,3216431,UPM_CONTROLLER_RX,19,00000000000000000600000140254012
4020558.125,3216434,UPM_CONTROLLER_RX,19,00000000000000000600000140254012
4020561.875,3216437,UPM_CONTROLLER_RX,19,00000000000000000600000140254012
4020565.625,3216440,UPM_CONTROLLER_RX,19,00000000000000000600000140254012
4020569.375,3216443,UPM_CONTROLLER_RX,19,00000000000000000600000140254012
4020573.125,3216446,UPM_CONTROLLER_RX,19,00000000000000000600000140254012
4020576.875,3216449,UPM_CONTROLLER_RX,19,00000000000000000600000140254012
4020580.625,3216452,UPM_CONTROLLER_RX,19,00000000000000000600000140254012
4020584.375,3216455,UPM_CONTROLLER_RX,19,00000000000000000600000140254012
4020588.125,3216458,UPM_CONTROLLER_RX,19,00000000000000000600000140254012
4020591.875,3216461,UPM_CONTROLLER_RX,19,00000000000000000600000140254012
4020595.625,3216464,UPM_CONTROLLER_RX,19,00000000000000000600000140254012
4020599.375,3216467,UPM_CONTROLLER_RX,19,00000000000000000600000140254012
4020603.125,3216470,UPM_CONTROLLER_RX,19,00000000000000000600000140254012
4020606.875,3216473,UPM_CONTROLLER_RX,19,00000000000000000600000140254012
4020610.625,3216476,UPM_CONTROLLER_RX,19,00000000000000000600000140254012
4020614.375,3216479,UPM_CONTROLLER_RX,19,00000000000000000600000140254012
4020618.125,3216482,UPM_CONTROLLER_RX,19,00000000000000000600000140254012
4020621.875,3216485,UPM_CONTROLLER_RX,19,00000000000000000600000140254012
4020625.625,3216488,UPM_CONTROLLER_RX,19,00000000000000000600000140254012
4020629.375,3216491,UPM_CONTROLLER_RX,19,00000000000000000600000140254012
4020633.125,3216494,UPM_CONTROLLER_RX,19,00000000000000000600000140254012
4020636.875,3216497,UPM_CONTROLLER_RX,19,00000000000000000600000140254012
4020640.625,3216500,UPM_CONTROLLER_RX,19,00000000000000000600000140254012
4020644.375,3216503,UPM_CONTROLLER_RX,19,00000000000000000600000140254012
4020648.125,3216506,UPM_CONTROLLER_RX,19,00000000000000000600000140254012
4020651.875,3216509,UPM_CONTROLLER_RX,19,00000000000000000600000140254012
4020655.625,3216512,UPM_CONTROLLER_RX,19,00000000000000000600000140254012
4020659.375,3216515,UPM_CONTROLLER_RX,19,00000000000000000600000140254012
4020663.125,3216518,UPM_CONTROLLER_RX,19,00000000000000000600000140254012
4020666.875,3216521,UPM_CONTROLLER_RX,19,00000000000000000600000140254012
4020670.625,3216524,UPM_CONTROLLER_RX,19,00000000000000000600000140254012
4020673.125,3216526,UPM_TX,0,00000000000000000200010040244012
4020674.375,3216527,UPM_CONTROLLER_RX,19,00000000000000000600000140254012
4020678.125,3216530,UPM_CONTROLLER_RX,19,00000000000000000600000140254012
4020681.875,3216533,UPM_CONTROLLER_RX,19,00000000000000000600000140254012
4020685.625,3216536,UPM_CONTROLLER_RX,19,00000000000000000600000140254012
4020689.375,3216539,UPM_CONTROLLER_RX,19,00000000000000000600000140254012
4020693.125,3216542,UPM_CONTROLLER_RX,19,00000000000000000600000140254012
4020696.875,3216545,UPM_CONTROLLER_RX,19,00000000000000000600000140254012
4020700.625,3216548,UPM_CONTROLLER_RX,19,00000000000000000600000140254012
4020704.375,3216551,UPM_CONTROLLER_RX,19,00000000000000000600000140254012
4020708.125,3216554,UPM_CONTROLLER_RX,19,00000000000000000600000140254012
4020711.875,3216557,UPM_CONTROLLER_RX,19,00000000000000000600000140254012
4020715.625,3216560,UPM_CONTROLLER_RX,19,00000000000000000600000140254012
4020719.375,3216563,UPM_CONTROLLER_RX,19,00000000000000000600000140254012
4020723.125,3216566,UPM_CONTROLLER_RX,19,00000000000000000600000140254012
4020726.875,3216569,UPM_CONTROLLER_RX,19,00000000000000000600000140254012
4020730.625,3216572,UPM_CONTROLLER_RX,19,00000000000000000600000140254012
4020734.375,3216575,UPM_CONTROLLER_RX,19,00000000000000000600000140254012
4020738.125,3216578,UPM_CONTROLLER_RX,19,00000000000000000600000140254012
4020741.875,3216581,UPM_CONTROLLER_RX,19,00000000000000000600000140254012
4020745.625,3216584,UPM_CONTROLLER_RX,19,00000000000000000600000140254012
4020749.375,3216587,UPM_CONTROLLER_RX,19,00000000000000000600000140254012
4020753.125,3216590,UPM_CONTROLLER_RX,19,00000000000000000600000140254012
4020756.875,3216593,UPM_CONTROLLER_RX,19,00000000000000000600000140254012
4020760.625,3216596,UPM_CONTROLLER_RX,19,00000000000000000600000140254012
4020764.375,3216599,UPM_CONTROLLER_RX,19,00000000000000000600000140254012
4020768.125,3216602,UPM_CONTROLLER_RX,19,00000000000000000600000140254012
4020771.875,3216605,UPM_CONTROLLER_RX,19,00000000000000000600000140254012
4020775.625,3216608,UPM_CONTROLLER_RX,19,00000000000000000600000140254012
4020779.375,3216611,UPM_CONTROLLER_RX,19,00000000000000000600000140254012
4020783.125,3216614,UPM_CONTROLLER_RX,19,00000000000000000600000140254012
4020786.875,3216617,UPM_CONTROLLER_RX,19,00000000000000000600000140254012
4020790.625,3216620,UPM_CONTROLLER_RX,19,00000000000000000600000140254012
4020794.375,3216623,UPM_TX,0,00000000000000000200010040244012
4020794.375,3216623,UPM_CONTROLLER_RX,19,00000000000000000600000140254012
4020798.125,3216626,UPM_CONTROLLER_RX,19,00000000000000000600000140254012
4020801.875,3216629,UPM_CONTROLLER_RX,19,00000000000000000600000140254012
4020805.625,3216632,UPM_CONTROLLER_RX,19,00000000000000000600000140254012
4020809.375,3216635,UPM_CONTROLLER_RX,19,00000000000000000600000140254012
4020813.125,3216638,UPM_CONTROLLER_RX,19,00000000000000000600000140254012
4020816.875,3216641,UPM_CONTROLLER_RX,19,00000000000000000600000140254012
4020820.625,3216644,UPM_CONTROLLER_RX,19,00000000000000000600000140254012
4020824.375,3216647,UPM_CONTROLLER_RX,19,00000000000000000600000140254012
4020828.125,3216650,UPM_CONTROLLER_RX,19,00000000000000000600000140254012
4020831.875,3216653,UPM_CONTROLLER_RX,19,00000000000000000600000140254012
4020835.625,3216656,UPM_CONTROLLER_RX,19,00000000000000000600000140254012
4020839.375,3216659,UPM_CONTROLLER_RX,19,00000000000000000600000140254012
4020843.125,3216662,UPM_CONTROLLER_RX,19,00000000000000000600000140254012
4020846.875,3216665,UPM_CONTROLLER_RX,19,00000000000000000600000140254012
4020850.625,3216668,UPM_CONTROLLER_RX,19,00000000000000000600000140254012
4020854.375,3216671,UPM_CONTROLLER_RX,19,00000000000000000600000140254012
4020858.125,3216674,UPM_CONTROLLER_RX,19,00000000000000000600000140254012
4020861.875,3216677,UPM_CONTROLLER_RX,19,00000000000000000600000140254012
4020865.625,3216680,UPM_CONTROLLER_RX,19,00000000000000000600000140254012
4020869.375,3216683,UPM_CONTROLLER_RX,19,00000000000000000600000140254012
4020873.125,3216686,UPM_CONTROLLER_RX,19,00000000000000000600000140254012
4020876.875,3216689,UPM_CONTROLLER_RX,19,00000000000000000600000140254012
4020880.625,3216692,UPM_CONTROLLER_RX,19,00000000000000000600000140254012
4020884.375,3216695,UPM_CONTROLLER_RX,19,00000000000000000600000140254012
4020888.125,3216698,UPM_CONTROLLER_RX,19,00000000000000000600000140254012
4020891.875,3216701,UPM_CONTROLLER_RX,19,00000000000000000600000140254012
4020895.625,3216704,UPM_CONTROLLER_RX,19,00000000000000000600000140254012
4020899.375,3216707,UPM_CONTROLLER_RX,19,00000000000000000600000140254012
4020903.125,3216710,UPM_CONTROLLER_RX,19,00000000000000000600000140254012
4020906.875,3216713,UPM_CONTROLLER_RX,19,00000000000000000600000140254012
4020910.625,3216716,UPM_CONTROLLER_RX,19,00000000000000000600000140254012
4020914.375,3216719,UPM_CONTROLLER_RX,19,00000000000000000600000140254012
4020915.625,3216720,UPM_TX,0,00000000000000000200010040244012
4020918.125,3216722,UPM_CONTROLLER_RX,19,00000000000000000600000140254012
4020921.875,3216725,UPM_CONTROLLER_RX,19,00000000000000000600000140254012
4020925.625,3216728,UPM_CONTROLLER_RX,19,00000000000000000600000140254012
4020929.375,3216731,UPM_CONTROLLER_RX,19,00000000000000000600000140254012
4020933.125,3216734,UPM_CONTROLLER_RX,19,00000000000000000600000140254012
4020936.875,3216737,UPM_CONTROLLER_RX,19,00000000000000000600000140254012
4020940.625,3216740,UPM_CONTROLLER_RX,19,00000000000000000600000140254012
4020944.375,3216743,UPM_CONTROLLER_RX,19,00000000000000000600000140254012
4020948.125,3216746,UPM_CONTROLLER_RX,19,00000000000000000600000140254012
4020951.875,3216749,UPM_CONTROLLER_RX,19,00000000000000000600000140254012
4020955.625,3216752,UPM_CONTROLLER_RX,19,00000000000000000600000140254012
4020959.375,3216755,UPM_CONTROLLER_RX,19,00000000000000000600000140254012
4020963.125,3216758,UPM_CONTROLLER_RX,19,00000000000000000600000140254012
4020966.875,3216761,UPM_CONTROLLER_RX,19,00000000000000000600000140254012
4020970.625,3216764,UPM_CONTROLLER_RX,19,00000000000000000600000140254012
4020974.375,3216767,UPM_CONTROLLER_RX,19,00000000000000000600000140254012
4020978.125,3216770,UPM_CONTROLLER_RX,19,00000000000000000600000140254012
4020981.875,3216773,UPM_CONTROLLER_RX,19,00000000000000000600000140254012
4020985.625,3216776,UPM_CONTROLLER_RX,19,00000000000000000600000140254012
4020989.375,3216779,UPM_CONTROLLER_RX,19,00000000000000000600000140254012
4020993.125,3216782,UPM_CONTROLLER_RX,19,00000000000000000600000140254012
4020996.875,3216785,UPM_CONTROLLER_RX,19,00000000000000000600000140254012
4021000.625,3216788,UPM_CONTROLLER_RX,19,00000000000000000600000140254012
4021004.375,3216791,UPM_CONTROLLER_RX,19,00000000000000000600000140254012
4021008.125,3216794,UPM_CONTROLLER_RX,19,00000000000000000600000140254012
4021011.875,3216797,UPM_CONTROLLER_RX,19,00000000000000000600000140254012
4021015.625,3216800,UPM_CONTROLLER_RX,19,00000000000000000600000140254012
4021019.375,3216803,UPM_CONTROLLER_RX,19,00000000000000000600000140254012
4021023.125,3216806,UPM_CONTROLLER_RX,19,00000000000000000600000140254012
4021026.875,3216809,UPM_CONTROLLER_RX,19,00000000000000000600000140254012
4021030.625,3216812,UPM_CONTROLLER_RX,19,00000000000000000600000140254012
4021034.375,3216815,UPM_CONTROLLER_RX,19,00000000000000000600000140254012
4021036.875,3216817,UPM_TX,0,00000000000000000200010040244012
4021038.125,3216818,UPM_CONTROLLER_RX,19,00000000000000000600000140254012
4021041.875,3216821,UPM_CONTROLLER_RX,19,00000000000000000600000140254012
4021045.625,3216824,UPM_CONTROLLER_RX,19,00000000000000000600000140254012
4021049.375,3216827,UPM_CONTROLLER_RX,19,00000000000000000600000140254012
4021053.125,3216830,UPM_CONTROLLER_RX,19,00000000000000000600000140254012
4021056.875,3216833,UPM_CONTROLLER_RX,19,00000000000000000600000140254012
4021060.625,3216836,UPM_CONTROLLER_RX,19,00000000000000000600000140254012
4021064.375,3216839,UPM_CONTROLLER_RX,19,00000000000000000600000140254012
4021068.125,3216842,UPM_CONTROLLER_RX,19,00000000000000000600000140254012
4021071.875,3216845,UPM_CONTROLLER_RX,19,00000000000000000600000140254012
4021075.625,3216848,UPM_CONTROLLER_RX,19,00000000000000000600000140254012
4021079.375,3216851,UPM_CONTROLLER_RX,19,00000000000000000600000140254012
4021083.125,3216854,UPM_CONTROLLER_RX,19,00000000000000000600000140254012
4021086.875,3216857,UPM_CONTROLLER_RX,19,00000000000000000600000140254012
4021090.625,3216860,UPM_CONTROLLER_RX,19,00000000000000000600000140254012
4021094.375,3216863,UPM_CONTROLLER_RX,19,00000000000000000600000140254012
4021098.125,3216866,UPM_CONTROLLER_RX,19,00000000000000000600000140254012
4021101.875,3216869,UPM_CONTROLLER_RX,19,00000000000000000600000140254012
4021105.625,3216872,UPM_CONTROLLER_RX,19,00000000000000000600000140254012
4021109.375,3216875,UPM_CONTROLLER_RX,19,00000000000000000600000140254012
4021113.125,3216878,UPM_CONTROLLER_RX,19,00000000000000000600000140254012
4021116.875,3216881,UPM_CONTROLLER_RX,19,00000000000000000600000140254012
4021120.625,3216884,UPM_CONTROLLER_RX,19,00000000000000000600000140254012
4021124.375,3216887,UPM_CONTROLLER_RX,19,00000000000000000600000140254012
4021128.125,3216890,UPM_CONTROLLER_RX,19,00000000000000000600000140254012
4021131.875,3216893,UPM_CONTROLLER_RX,19,00000000000000000600000140254012
4021135.625,3216896,UPM_CONTROLLER_RX,19,00000000000000000600000140254012
4021139.375,3216899,UPM_CONTROLLER_RX,19,00000000000000000600000140254012
4021143.125,3216902,UPM_CONTROLLER_RX,19,00000000000000000600000140254012
4021146.875,3216905,UPM_CONTROLLER_RX,19,00000000000000000600000140254012
4021150.625,3216908,UPM_CONTROLLER_RX,19,00000000000000000600000140254012
4021154.375,3216911,UPM_CONTROLLER_RX,19,00000000000000000600000140254012
4021158.125,3216914,UPM_TX,0,00000000000000000200010040244012
4021158.125,3216914,UPM_CONTROLLER_RX,19,00000000000000000600000140254012
4021161.875,3216917,UPM_CONTROLLER_RX,19,00000000000000000600000140254012
4021165.625,3216920,UPM_CONTROLLER_RX,19,00000000000000000600000140254012
4021169.375,3216923,UPM_CONTROLLER_RX,19,00000000000000000600000140254012
4021173.125,3216926,UPM_CONTROLLER_RX,19,00000000000000000600000140254012
4021176.875,3216929,UPM_CONTROLLER_RX,19,00000000000000000600000140254012
4021180.625,3216932,UPM_CONTROLLER_RX,19,00000000000000000600000140254012
4021184.375,3216935,UPM_CONTROLLER_RX,19,00000000000000000600000140254012
4021188.125,3216938,UPM_CONTROLLER_RX,19,00000000000000000600000140254012
4021191.875,3216941,UPM_CONTROLLER_RX,19,00000000000000000600000140254012
4021195.625,3216944,UPM_CONTROLLER_RX,19,00000000000000000600000140254012
4021199.375,3216947,UPM_CONTROLLER_RX,19,00000000000000000600000140254012
4021203.125,3216950,UPM_CONTROLLER_RX,19,00000000000000000600000140254012
4021206.875,3216953,UPM_CONTROLLER_RX,19,00000000000000000600000140254012
4021210.625,3216956,UPM_CONTROLLER_RX,19,00000000000000000600000140254012
4021214.375,3216959,UPM_CONTROLLER_RX,19,00000000000000000600000140254012
4021218.125,3216962,UPM_CONTROLLER_RX,19,00000000000000000600000140254012
4021221.875,3216965,UPM_CONTROLLER_RX,19,00000000000000000600000140254012
4021225.625,3216968,UPM_CONTROLLER_RX,19,00000000000000000600000140254012
4021229.375,3216971,UPM_CONTROLLER_RX,19,00000000000000000600000140254012
4021233.125,3216974,UPM_CONTROLLER_RX,19,00000000000000000600000140254012
4021236.875,3216977,UPM_CONTROLLER_RX,19,00000000000000000600000140254012
4021240.625,3216980,UPM_CONTROLLER_RX,19,00000000000000000600000140254012
4021244.375,3216983,UPM_CONTROLLER_RX,19,00000000000000000600000140254012
4021248.125,3216986,UPM_CONTROLLER_RX,19,00000000000000000600000140254012
4021251.875,3216989,UPM_CONTROLLER_RX,19,00000000000000000600000140254012
4021255.625,3216992,UPM_CONTROLLER_RX,19,00000000000000000600000140254012
4021259.375,3216995,UPM_CONTROLLER_RX,19,00000000000000000600000140254012
4021263.125,3216998,UPM_CONTROLLER_RX,19,00000000000000000600000140254012
4021266.875,3217001,UPM_CONTROLLER_RX,19,00000000000000000600000140254012
4021270.625,3217004,UPM_CONTROLLER_RX,19,00000000000000000600000140254012
4021274.375,3217007,UPM_CONTROLLER_RX,19,00000000000000000600000140254012
4021278.125,3217010,UPM_CONTROLLER_RX,19,00000000000000000600000140254012
4021279.375,3217011,UPM_TX,0,00000000000000000200010040244012
4021281.875,3217013,UPM_CONTROLLER_RX,19,00000000000000000600000140254012
4021285.625,3217016,UPM_CONTROLLER_RX,19,00000000000000000600000140254012
4021289.375,3217019,UPM_CONTROLLER_RX,19,00000000000000000600000140254012
4021293.125,3217022,UPM_CONTROLLER_RX,19,00000000000000000600000140254012
4021296.875,3217025,UPM_CONTROLLER_RX,19,00000000000000000600000140254012
4021300.625,3217028,UPM_CONTROLLER_RX,19,00000000000000000600000140254012
4021304.375,3217031,UPM_CONTROLLER_RX,19,00000000000000000600000140254012
4021308.125,3217034,UPM_CONTROLLER_RX,19,00000000000000000600000140254012
4021311.875,3217037,UPM_CONTROLLER_RX,19,00000000000000000600000140254012
4021315.625,3217040,UPM_CONTROLLER_RX,19,00000000000000000600000140254012
4021319.375,3217043,UPM_CONTROLLER_RX,19,00000000000000000600000140254012
4021323.125,3217046,UPM_CONTROLLER_RX,19,00000000000000000600000140254012
4021326.875,3217049,UPM_CONTROLLER_RX,19,00000000000000000600000140254012
4021330.625,3217052,UPM_CONTROLLER_RX,19,00000000000000000600000140254012
4021334.375,3217055,UPM_CONTROLLER_RX,19,00000000000000000600000140254012
4021338.125,3217058,UPM_CONTROLLER_RX,19,00000000000000000600000140254012
4021341.875,3217061,UPM_CONTROLLER_RX,19,00000000000000000600000140254012
4021345.625,3217064,UPM_CONTROLLER_RX,19,00000000000000000600000140254012
4021349.375,3217067,UPM_CONTROLLER_RX,19,00000000000000000600000140254012
4021353.125,3217070,UPM_CONTROLLER_RX,19,00000000000000000600000140254012
4021356.875,3217073,UPM_CONTROLLER_RX,19,00000000000000000600000140254012
4021360.625,3217076,UPM_CONTROLLER_RX,19,00000000000000000600000140254012
4021364.375,3217079,UPM_CONTROLLER_RX,19,00000000000000000600000140254012
4021368.125,3217082,UPM_CONTROLLER_RX,19,00000000000000000600000140254012
4021371.875,3217085,UPM_CONTROLLER_RX,19,00000000000000000600000140254012
4021375.625,3217088,UPM_CONTROLLER_RX,19,00000000000000000600000140254012
4021379.375,3217091,UPM_CONTROLLER_RX,19,00000000000000000600000140254012
4021383.125,3217094,UPM_CONTROLLER_RX,19,00000000000000000600000140254012
4021386.875,3217097,UPM_CONTROLLER_RX,19,00000000000000000600000140254012
4021390.625,3217100,UPM_CONTROLLER_RX,19,00000000000000000600000140254012
4021394.375,3217103,UPM_CONTROLLER_RX,19,00000000000000000600000140254012
4021398.125,3217106,UPM_CONTROLLER_RX,19,00000000000000000600000140254012
4021400.625,3217108,UPM_TX,0,00000000000000000200010040244012
4021401.875,3217109,UPM_CONTROLLER_RX,19,00000000000000000600000140254012
4021405.625,3217112,UPM_CONTROLLER_RX,19,00000000000000000600000140254012
4021409.375,3217115,UPM_CONTROLLER_RX,19,00000000000000000600000140254012
4021413.125,3217118,UPM_CONTROLLER_RX,19,00000000000000000600000140254012
4021416.875,3217121,UPM_CONTROLLER_RX,19,00000000000000000600000140254012
4021420.625,3217124,UPM_CONTROLLER_RX,19,00000000000000000600000140254012
4021424.375,3217127,UPM_CONTROLLER_RX,19,00000000000000000600000140254012
4021428.125,3217130,UPM_CONTROLLER_RX,19,00000000000000000600000140254012
4021431.875,3217133,UPM_CONTROLLER_RX,19,00000000000000000600000140254012
4021435.625,3217136,UPM_CONTROLLER_RX,19,00000000000000000600000140254012
4021439.375,3217139,UPM_CONTROLLER_RX,19,00000000000000000600000140254012
4021443.125,3217142,UPM_CONTROLLER_RX,19,00000000000000000600000140254012
4021446.875,3217145,UPM_CONTROLLER_RX,19,00000000000000000600000140254012
4021450.625,3217148,UPM_CONTROLLER_RX,19,00000000000000000600000140254012
4021454.375,3217151,UPM_CONTROLLER_RX,19,00000000000000000600000140254012
4021458.125,3217154,UPM_CONTROLLER_RX,19,00000000000000000600000140254012
4021461.875,3217157,UPM_CONTROLLER_RX,19,00000000000000000600000140254012
4021465.625,3217160,UPM_CONTROLLER_RX,19,00000000000000000600000140254012
4021469.375,3217163,UPM_CONTROLLER_RX,19,00000000000000000600000140254012
4021473.125,3217166,UPM_CONTROLLER_RX,19,00000000000000000600000140254012
4021476.875,3217169,UPM_CONTROLLER_RX,19,00000000000000000600000140254012
4021480.625,3217172,UPM_CONTROLLER_RX,19,00000000000000000600000140254012
4021484.375,3217175,UPM_CONTROLLER_RX,19,00000000000000000600000140254012
4021488.125,3217178,UPM_CONTROLLER_RX,19,00000000000000000600000140254012
4021491.875,3217181,UPM_CONTROLLER_RX,19,00000000000000000600000140254012
4021495.625,3217184,UPM_CONTROLLER_RX,19,00000000000000000600000140254012
4021499.375,3217187,UPM_CONTROLLER_RX,19,00000000000000000600000140254012
4021503.125,3217190,UPM_CONTROLLER_RX,19,00000000000000000600000140254012
4021506.875,3217193,UPM_CONTROLLER_RX,19,00000000000000000600000140254012
4021510.625,3217196,UPM_CONTROLLER_RX,19,00000000000000000600000140254012
4021514.375,3217199,UPM_CONTROLLER_RX,19,00000000000000000600000140254012
4021518.125,3217202,UPM_CONTROLLER_RX,19,00000000000000000600000140254012
4021521.875,3217205,UPM_TX,0,00000000000000000200010040244012
4021521.875,3217205,UPM_CONTROLLER_RX,19,00000000000000000600000140254012
4021525.625,3217208,UPM_CONTROLLER_RX,19,00000000000000000600000140254012
4021529.375,3217211,UPM_CONTROLLER_RX,19,00000000000000000600000140254012
4021533.125,3217214,UPM_CONTROLLER_RX,19,00000000000000000600000140254012
4021536.875,3217217,UPM_CONTROLLER_RX,19,00000000000000000600000140254012
4021540.625,3217220,UPM_CONTROLLER_RX,19,00000000000000000600000140254012
4021544.375,3217223,UPM_CONTROLLER_RX,19,00000000000000000600000140254012
4021548.125,3217226,UPM_CONTROLLER_RX,19,00000000000000000600000140254012
4021551.875,3217229,UPM_CONTROLLER_RX,19,00000000000000000600000140254012
4021555.625,3217232,UPM_CONTROLLER_RX,19,00000000000000000600000140254012
4021559.375,3217235,UPM_CONTROLLER_RX,19,00000000000000000600000140254012
4021563.125,3217238,UPM_CONTROLLER_RX,19,00000000000000000600000140254012
4021566.875,3217241,UPM_CONTROLLER_RX,19,00000000000000000600000140254012
4021570.625,3217244,UPM_CONTROLLER_RX,19,00000000000000000600000140254012
4021574.375,3217247,UPM_CONTROLLER_RX,19,00000000000000000600000140254012
4021578.125,3217250,UPM_CONTROLLER_RX,19,00000000000000000600000140254012
4021581.875,3217253,UPM_CONTROLLER_RX,19,00000000000000000600000140254012
4021585.625,3217256,UPM_CONTROLLER_RX,19,00000000000000000600000140254012
4021589.375,3217259,UPM_CONTROLLER_RX,19,00000000000000000600000140254012
4021593.125,3217262,UPM_CONTROLLER_RX,19,00000000000000000600000140254012
4021596.875,3217265,UPM_CONTROLLER_RX,19,00000000000000000600000140254012
4021600.625,3217268,UPM_CONTROLLER_RX,19,00000000000000000600000140254012
4021604.375,3217271,UPM_CONTROLLER_RX,19,00000000000000000600000140254012
4021608.125,3217274,UPM_CONTROLLER_RX,19,00000000000000000600000140254012
4021611.875,3217277,UPM_CONTROLLER_RX,19,00000000000000000600000140254012
4021615.625,3217280,UPM_CONTROLLER_RX,19,00000000000000000600000140254012
4021619.375,3217283,UPM_CONTROLLER_RX,19,00000000000000000600000140254012
4021623.125,3217286,UPM_CONTROLLER_RX,19,00000000000000000600000140254012
4021626.875,3217289,UPM_CONTROLLER_RX,19,00000000000000000600000140254012
4021630.625,3217292,UPM_CONTROLLER_RX,19,00000000000000000600000140254012
4021634.375,3217295,UPM_CONTROLLER_RX,19,00000000000000000600000140254012
4021638.125,3217298,UPM_CONTROLLER_RX,19,00000000000000000600000140254012
4021641.875,3217301,UPM_CONTROLLER_RX,19,00000000000000000600000140254012
4021643.125,3217302,UPM_TX,0,00000000000000000200010040244012
4021645.625,3217304,UPM_CONTROLLER_RX,19,00000000000000000600000140254012
4021649.375,3217307,UPM_CONTROLLER_RX,19,00000000000000000600000140254012
4021653.125,3217310,UPM_CONTROLLER_RX,19,00000000000000000600000140254012
4021656.875,3217313,UPM_CONTROLLER_RX,19,00000000000000000600000140254012
4021660.625,3217316,UPM_CONTROLLER_RX,19,00000000000000000600000140254012
4021664.375,3217319,UPM_CONTROLLER_RX,19,00000000000000000600000140254012
4021668.125,3217322,UPM_CONTROLLER_RX,19,00000000000000000600000140254012
4021671.875,3217325,UPM_CONTROLLER_RX,19,00000000000000000600000140254012
4021675.625,3217328,UPM_CONTROLLER_RX,19,00000000000000000600000140254012
4021679.375,3217331,UPM_CONTROLLER_RX,19,00000000000000000600000140254012
4021683.125,3217334,UPM_CONTROLLER_RX,19,00000000000000000600000140254012
4021686.875,3217337,UPM_CONTROLLER_RX,19,00000000000000000600000140254012
4021690.625,3217340,UPM_CONTROLLER_RX,19,00000000000000000600000140254012
4021694.375,3217343,UPM_CONTROLLER_RX,19,00000000000000000600000140254012
4021698.125,3217346,UPM_CONTROLLER_RX,19,00000000000000000600000140254012
4021701.875,3217349,UPM_CONTROLLER_RX,19,00000000000000000600000140254012
4021705.625,3217352,UPM_CONTROLLER_RX,19,00000000000000000600000140254012
4021709.375,3217355,UPM_CONTROLLER_RX,19,00000000000000000600000140254012
4021713.125,3217358,UPM_CONTROLLER_RX,19,00000000000000000600000140254012
4021716.875,3217361,UPM_CONTROLLER_RX,19,00000000000000000600000140254012
4021720.625,3217364,UPM_CONTROLLER_RX,19,00000000000000000600000140254012
4021724.375,3217367,UPM_CONTROLLER_RX,19,00000000000000000600000140254012
4021728.125,3217370,UPM_CONTROLLER_RX,19,00000000000000000600000140254012
4021731.875,3217373,UPM_CONTROLLER_RX,19,00000000000000000600000140254012
4021735.625,3217376,UPM_CONTROLLER_RX,19,00000000000000000600000140254012
4021739.375,3217379,UPM_CONTROLLER_RX,19,00000000000000000600000140254012
4021743.125,3217382,UPM_CONTROLLER_RX,19,00000000000000000600000140254012
4021746.875,3217385,UPM_CONTROLLER_RX,19,00000000000000000600000140254012
4021750.625,3217388,UPM_CONTROLLER_RX,19,00000000000000000600000140254012
4021754.375,3217391,UPM_CONTROLLER_RX,19,00000000000000000600000140254012
4021758.125,3217394,UPM_CONTROLLER_RX,19,00000000000000000600000140254012
4021761.875,3217397,UPM_CONTROLLER_RX,19,00000000000000000600000140254012
4021764.375,3217399,UPM_TX,0,00000000000000000200010040244012
4021765.625,3217400,UPM_CONTROLLER_RX,19,00000000000000000600000140254012
4021769.375,3217403,UPM_CONTROLLER_RX,19,00000000000000000600000140254012
4021773.125,3217406,UPM_CONTROLLER_RX,19,00000000000000000600000140254012
4021776.875,3217409,UPM_CONTROLLER_RX,19,00000000000000000600000140254012
4021780.625,3217412,UPM_CONTROLLER_RX,19,00000000000000000600000140254012
4021784.375,3217415,UPM_CONTROLLER_RX,19,00000000000000000600000140254012
4021788.125,3217418,UPM_CONTROLLER_RX,19,00000000000000000600000140254012
4021791.875,3217421,UPM_CONTROLLER_RX,19,00000000000000000600000140254012
4021795.625,3217424,UPM_CONTROLLER_RX,19,00000000000000000600000140254012
4021799.375,3217427,UPM_CONTROLLER_RX,19,00000000000000000600000140254012
4021803.125,3217430,UPM_CONTROLLER_RX,19,00000000000000000600000140254012
4021806.875,3217433,UPM_CONTROLLER_RX,19,00000000000000000600000140254012
4021810.625,3217436,UPM_CONTROLLER_RX,19,00000000000000000600000140254012
4021814.375,3217439,UPM_CONTROLLER_RX,19,00000000000000000600000140254012
4021818.125,3217442,UPM_CONTROLLER_RX,19,00000000000000000600000140254012
4021821.875,3217445,UPM_CONTROLLER_RX,19,00000000000000000600000140254012
4021825.625,3217448,UPM_CONTROLLER_RX,19,00000000000000000600000140254012
4021829.375,3217451,UPM_CONTROLLER_RX,19,00000000000000000600000140254012
4021833.125,3217454,UPM_CONTROLLER_RX,19,00000000000000000600000140254012
4021836.875,3217457,UPM_CONTROLLER_RX,19,00000000000000000600000140254012
4021840.625,3217460,UPM_CONTROLLER_RX,19,00000000000000000600000140254012
4021844.375,3217463,UPM_CONTROLLER_RX,19,00000000000000000600000140254012
4021848.125,3217466,UPM_CONTROLLER_RX,19,00000000000000000600000140254012
4021851.875,3217469,UPM_CONTROLLER_RX,19,00000000000000000600000140254012
4021855.625,3217472,UPM_CONTROLLER_RX,19,00000000000000000600000140254012
4021859.375,3217475,UPM_CONTROLLER_RX,19,00000000000000000600000140254012
4021863.125,3217478,UPM_CONTROLLER_RX,19,00000000000000000600000140254012
4021866.875,3217481,UPM_CONTROLLER_RX,19,00000000000000000600000140254012
4021870.625,3217484,UPM_CONTROLLER_RX,19,00000000000000000600000140254012
4021874.375,3217487,UPM_CONTROLLER_RX,19,00000000000000000600000140254012
4021878.125,3217490,UPM_CONTROLLER_RX,19,00000000000000000600000140254012
4021881.875,3217493,UPM_CONTROLLER_RX,19,00000000000000000600000140254012
4021885.625,3217496,UPM_TX,0,00000000000000000200010040244012
4021885.625,3217496,UPM_CONTROLLER_RX,19,00000000000000000600000140254012
4021889.375,3217499,UPM_CONTROLLER_RX,19,00000000000000000600000140254012
4021893.125,3217502,UPM_CONTROLLER_RX,19,00000000000000000600000140254012
4021896.875,3217505,UPM_CONTROLLER_RX,19,00000000000000000600000140254012
4021900.625,3217508,UPM_CONTROLLER_RX,19,00000000000000000600000140254012
4021904.375,3217511,UPM_CONTROLLER_RX,19,00000000000000000600000140254012
4021908.125,3217514,UPM_CONTROLLER_RX,19,00000000000000000600000140254012
4021911.875,3217517,UPM_CONTROLLER_RX,19,00000000000000000600000140254012
4021915.625,3217520,UPM_CONTROLLER_RX,19,00000000000000000600000140254012
4021919.375,3217523,UPM_CONTROLLER_RX,19,00000000000000000600000140254012
4021923.125,3217526,UPM_CONTROLLER_RX,19,00000000000000000600000140254012
4021926.875,3217529,UPM_CONTROLLER_RX,19,00000000000000000600000140254012
4021930.625,3217532,UPM_CONTROLLER_RX,19,00000000000000000600000140254012
4021934.375,3217535,UPM_CONTROLLER_RX,19,00000000000000000600000140254012
4021938.125,3217538,UPM_CONTROLLER_RX,19,00000000000000000600000140254012
4021941.875,3217541,UPM_CONTROLLER_RX,19,00000000000000000600000140254012
4021945.625,3217544,UPM_CONTROLLER_RX,19,00000000000000000600000140254012
4021949.375,3217547,UPM_CONTROLLER_RX,19,00000000000000000600000140254012
4021953.125,3217550,UPM_CONTROLLER_RX,19,00000000000000000600000140254012
4021956.875,3217553,UPM_CONTROLLER_RX,19,00000000000000000600000140254012
4021960.625,3217556,UPM_CONTROLLER_RX,19,00000000000000000600000140254012
4021964.375,3217559,UPM_CONTROLLER_RX,19,00000000000000000600000140254012
4021968.125,3217562,UPM_CONTROLLER_RX,19,00000000000000000600000140254012
4021971.875,3217565,UPM_CONTROLLER_RX,19,00000000000000000600000140254012
4021975.625,3217568,UPM_CONTROLLER_RX,19,00000000000000000600000140254012
4021979.375,3217571,UPM_CONTROLLER_RX,19,00000000000000000600000140254012
4021983.125,3217574,UPM_CONTROLLER_RX,19,00000000000000000600000140254012
4021986.875,3217577,UPM_CONTROLLER_RX,19,00000000000000000600000140254012
4021990.625,3217580,UPM_CONTROLLER_RX,19,00000000000000000600000140254012
4021994.375,3217583,UPM_CONTROLLER_RX,19,00000000000000000600000140254012
4021998.125,3217586,UPM_CONTROLLER_RX,19,00000000000000000600000140254012
4022001.875,3217589,UPM_CONTROLLER_RX,19,00000000000000000600000140254012
4022005.625,3217592,UPM_CONTROLLER_RX,19,00000000000000000600000140254012
4022006.875,3217593,UPM_TX,0,00000000000000000200010040244012
4022009.375,3217595,UPM_CONTROLLER_RX,19,00000000000000000600000140254012
4022013.125,3217598,UPM_CONTROLLER_RX,19,00000000000000000600000140254012
4022016.875,3217601,UPM_CONTROLLER_RX,19,00000000000000000600000140254012
4022020.625,3217604,UPM_CONTROLLER_RX,19,00000000000000000600000140254012
4022024.375,3217607,UPM_CONTROLLER_RX,19,00000000000000000600000140254012
4022028.125,3217610,UPM_CONTROLLER_RX,19,00000000000000000600000140254012
4022031.875,3217613,UPM_CONTROLLER_RX,19,00000000000000000600000140254012
4022035.625,3217616,UPM_CONTROLLER_RX,19,00000000000000000600000140254012
4022039.375,3217619,UPM_CONTROLLER_RX,19,00000000000000000600000140254012
4022043.125,3217622,UPM_CONTROLLER_RX,19,00000000000000000600000140254012
4022046.875,3217625,UPM_CONTROLLER_RX,19,00000000000000000600000140254012
4022050.625,3217628,UPM_CONTROLLER_RX,19,00000000000000000600000140254012
4022054.375,3217631,UPM_CONTROLLER_RX,19,00000000000000000600000140254012
4022058.125,3217634,UPM_CONTROLLER_RX,19,00000000000000000600000140254012
4022061.875,3217637,UPM_CONTROLLER_RX,19,00000000000000000600000140254012
4022065.625,3217640,UPM_CONTROLLER_RX,19,00000000000000000600000140254012
4022069.375,3217643,UPM_CONTROLLER_RX,19,00000000000000000600000140254012
4022073.125,3217646,UPM_CONTROLLER_RX,19,00000000000000000600000140254012
4022076.875,3217649,UPM_CONTROLLER_RX,19,00000000000000000600000140254012
4022080.625,3217652,UPM_CONTROLLER_RX,19,00000000000000000600000140254012
4022084.375,3217655,UPM_CONTROLLER_RX,19,00000000000000000600000140254012
4022088.125,3217658,UPM_CONTROLLER_RX,19,00000000000000000600000140254012
4022091.875,3217661,UPM_CONTROLLER_RX,19,00000000000000000600000140254012
4022095.625,3217664,UPM_CONTROLLER_RX,19,00000000000000000600000140254012
4022099.375,3217667,UPM_CONTROLLER_RX,19,00000000000000000600000140254012
4022103.125,3217670,UPM_CONTROLLER_RX,19,00000000000000000600000140254012
4022106.875,3217673,UPM_CONTROLLER_RX,19,00000000000000000600000140254012
4022110.625,3217676,UPM_CONTROLLER_RX,19,00000000000000000600000140254012
4022114.375,3217679,UPM_CONTROLLER_RX,19,00000000000000000600000140254012
4022118.125,3217682,UPM_CONTROLLER_RX,19,00000000000000000600000140254012
4022121.875,3217685,UPM_CONTROLLER_RX,19,00000000000000000600000140254012
4022125.625,3217688,UPM_CONTROLLER_RX,19,00000000000000000600000140254012
4022128.125,3217690,UPM_TX,0,00000000000000000200010040244012
4022129.375,3217691,UPM_CONTROLLER_RX,19,00000000000000000600000140254012
4022133.125,3217694,UPM_CONTROLLER_RX,19,00000000000000000600000140254012
4022136.875,3217697,UPM_CONTROLLER_RX,19,00000000000000000600000140254012
4022140.625,3217700,UPM_CONTROLLER_RX,19,00000000000000000600000140254012
4022144.375,3217703,UPM_CONTROLLER_RX,19,00000000000000000600000140254012
4022148.125,3217706,UPM_CONTROLLER_RX,19,00000000000000000600000140254012
4022151.875,3217709,UPM_CONTROLLER_RX,19,00000000000000000600000140254012
4022155.625,3217712,UPM_CONTROLLER_RX,19,00000000000000000600000140254012
4022159.375,3217715,UPM_CONTROLLER_RX,19,00000000000000000600000140254012
4022163.125,3217718,UPM_CONTROLLER_RX,19,00000000000000000600000140254012
4022166.875,3217721,UPM_CONTROLLER_RX,19,00000000000000000600000140254012
4022170.625,3217724,UPM_CONTROLLER_RX,19,00000000000000000600000140254012
4022174.375,3217727,UPM_CONTROLLER_RX,19,00000000000000000600000140254012
4022178.125,3217730,UPM_CONTROLLER_RX,19,00000000000000000600000140254012
4022181.875,3217733,UPM_CONTROLLER_RX,19,00000000000000000600000140254012
4022185.625,3217736,UPM_CONTROLLER_RX,19,00000000000000000600000140254012
4022189.375,3217739,UPM_CONTROLLER_RX,19,00000000000000000600000140254012
4022193.125,3217742,UPM_CONTROLLER_RX,19,00000000000000000600000140254012
4022196.875,3217745,UPM_CONTROLLER_RX,19,00000000000000000600000140254012
4022200.625,3217748,UPM_CONTROLLER_RX,19,00000000000000000600000140254012
4022204.375,3217751,UPM_CONTROLLER_RX,19,00000000000000000600000140254012
4022208.125,3217754,UPM_CONTROLLER_RX,19,00000000000000000600000140254012
4022211.875,3217757,UPM_CONTROLLER_RX,19,00000000000000000600000140254012
4022215.625,3217760,UPM_CONTROLLER_RX,19,00000000000000000600000140254012
4022219.375,3217763,UPM_CONTROLLER_RX,19,00000000000000000600000140254012
4022223.125,3217766,UPM_CONTROLLER_RX,19,00000000000000000600000140254012
4022226.875,3217769,UPM_CONTROLLER_RX,19,00000000000000000600000140254012
4022230.625,3217772,UPM_CONTROLLER_RX,19,00000000000000000600000140254012
4022234.375,3217775,UPM_CONTROLLER_RX,19,00000000000000000600000140254012
4022238.125,3217778,UPM_CONTROLLER_RX,19,00000000000000000600000140254012
4022241.875,3217781,UPM_CONTROLLER_RX,19,00000000000000000600000140254012
4022245.625,3217784,UPM_CONTROLLER_RX,19,00000000000000000600000140254012
4022249.375,3217787,UPM_TX,0,00000000000000000200010040244012
4022249.375,3217787,UPM_CONTROLLER_RX,19,00000000000000000600000140254012
4022253.125,3217790,UPM_CONTROLLER_RX,19,00000000000000000600000140254012
4022256.875,3217793,UPM_CONTROLLER_RX,19,00000000000000000600000140254012
4022260.625,3217796,UPM_CONTROLLER_RX,19,00000000000000000600000140254012
4022264.375,3217799,UPM_CONTROLLER_RX,19,00000000000000000600000140254012
4022268.125,3217802,UPM_CONTROLLER_RX,19,00000000000000000600000140254012
4022271.875,3217805,UPM_CONTROLLER_RX,19,00000000000000000600000140254012
4022275.625,3217808,UPM_CONTROLLER_RX,19,00000000000000000600000140254012
4022279.375,3217811,UPM_CONTROLLER_RX,19,00000000000000000600000140254012
4022283.125,3217814,UPM_CONTROLLER_RX,19,00000000000000000600000140254012
4022286.875,3217817,UPM_CONTROLLER_RX,19,00000000000000000600000140254012
4022290.625,3217820,UPM_CONTROLLER_RX,19,00000000000000000600000140254012
4022294.375,3217823,UPM_CONTROLLER_RX,19,00000000000000000600000140254012
4022298.125,3217826,UPM_CONTROLLER_RX,19,00000000000000000600000140254012
4022301.875,3217829,UPM_CONTROLLER_RX,19,00000000000000000600000140254012
4022305.625,3217832,UPM_CONTROLLER_RX,19,00000000000000000600000140254012
4022309.375,3217835,UPM_CONTROLLER_RX,19,00000000000000000600000140254012
4022313.125,3217838,UPM_CONTROLLER_RX,19,00000000000000000600000140254012
4022316.875,3217841,UPM_CONTROLLER_RX,19,00000000000000000600000140254012
4022320.625,3217844,UPM_CONTROLLER_RX,19,00000000000000000600000140254012
4022324.375,3217847,UPM_CONTROLLER_RX,19,00000000000000000600000140254012
4022328.125,3217850,UPM_CONTROLLER_RX,19,00000000000000000600000140254012
4022331.875,3217853,UPM_CONTROLLER_RX,19,00000000000000000600000140254012
4022335.625,3217856,UPM_CONTROLLER_RX,19,00000000000000000600000140254012
4022339.375,3217859,UPM_CONTROLLER_RX,19,00000000000000000600000140254012
4022343.125,3217862,UPM_CONTROLLER_RX,19,00000000000000000600000140254012
4022346.875,3217865,UPM_CONTROLLER_RX,19,00000000000000000600000140254012
4022350.625,3217868,UPM_CONTROLLER_RX,19,00000000000000000600000140254012
4022354.375,3217871,UPM_CONTROLLER_RX,19,00000000000000000600000140254012
4022358.125,3217874,UPM_CONTROLLER_RX,19,00000000000000000600000140254012
4022361.875,3217877,UPM_CONTROLLER_RX,19,00000000000000000600000140254012
4022365.625,3217880,UPM_CONTROLLER_RX,19,00000000000000000600000140254012
4022369.375,3217883,UPM_CONTROLLER_RX,19,00000000000000000600000140254012
4022370.625,3217884,UPM_TX,0,00000000000000000200010040244012
4022373.125,3217886,UPM_CONTROLLER_RX,19,00000000000000000600000140254012
4022376.875,3217889,UPM_CONTROLLER_RX,19,00000000000000000600000140254012
4022380.625,3217892,UPM_CONTROLLER_RX,19,00000000000000000600000140254012
4022384.375,3217895,UPM_CONTROLLER_RX,19,00000000000000000600000140254012
4022388.125,3217898,UPM_CONTROLLER_RX,19,00000000000000000600000140254012
4022391.875,3217901,UPM_CONTROLLER_RX,19,00000000000000000600000140254012
4022395.625,3217904,UPM_CONTROLLER_RX,19,00000000000000000600000140254012
4022399.375,3217907,UPM_CONTROLLER_RX,19,00000000000000000600000140254012
4022403.125,3217910,UPM_CONTROLLER_RX,19,00000000000000000600000140254012
4022406.875,3217913,UPM_CONTROLLER_RX,19,00000000000000000600000140254012
4022410.625,3217916,UPM_CONTROLLER_RX,19,00000000000000000600000140254012
4022414.375,3217919,UPM_CONTROLLER_RX,19,00000000000000000600000140254012
4022418.125,3217922,UPM_CONTROLLER_RX,19,00000000000000000600000140254012
4022421.875,3217925,UPM_CONTROLLER_RX,19,00000000000000000600000140254012
4022425.625,3217928,UPM_CONTROLLER_RX,19,00000000000000000600000140254012
4022429.375,3217931,UPM_CONTROLLER_RX,19,00000000000000000600000140254012
4022433.125,3217934,UPM_CONTROLLER_RX,19,00000000000000000600000140254012
4022436.875,3217937,UPM_CONTROLLER_RX,19,00000000000000000600000140254012
4022440.625,3217940,UPM_CONTROLLER_RX,19,00000000000000000600000140254012
4022444.375,3217943,UPM_CONTROLLER_RX,19,00000000000000000600000140254012
4022448.125,3217946,UPM_CONTROLLER_RX,19,00000000000000000600000140254012
4022451.875,3217949,UPM_CONTROLLER_RX,19,00000000000000000600000140254012
4022455.625,3217952,UPM_CONTROLLER_RX,19,00000000000000000600000140254012
4022459.375,3217955,UPM_CONTROLLER_RX,19,00000000000000000600000140254012
4022463.125,3217958,UPM_CONTROLLER_RX,19,00000000000000000600000140254012
4022466.875,3217961,UPM_CONTROLLER_RX,19,00000000000000000600000140254012
4022470.625,3217964,UPM_CONTROLLER_RX,19,00000000000000000600000140254012
4022474.375,3217967,UPM_CONTROLLER_RX,19,00000000000000000600000140254012
4022478.125,3217970,UPM_CONTROLLER_RX,19,00000000000000000600000140254012
4022481.875,3217973,UPM_CONTROLLER_RX,19,00000000000000000600000140254012
4022485.625,3217976,UPM_CONTROLLER_RX,19,00000000000000000600000140254012
4022489.375,3217979,UPM_CONTROLLER_RX,19,00000000000000000600000140254012
4022491.875,3217981,UPM_TX,0,00000000000000000200010040244012
4022493.125,3217982,UPM_CONTROLLER_RX,19,00000000000000000600000140254012
4022496.875,3217985,UPM_CONTROLLER_RX,19,00000000000000000600000140254012
4022500.625,3217988,UPM_CONTROLLER_RX,19,00000000000000000600000140254012
4022504.375,3217991,UPM_CONTROLLER_RX,19,00000000000000000600000140254012
4022508.125,3217994,UPM_CONTROLLER_RX,19,00000000000000000600000140254012
4022511.875,3217997,UPM_CONTROLLER_RX,19,00000000000000000600000140254012
4022515.625,3218000,UPM_CONTROLLER_RX,19,00000000000000000600000140254012
4022519.375,3218003,UPM_CONTROLLER_RX,19,00000000000000000600000140254012
4022523.125,3218006,UPM_CONTROLLER_RX,19,00000000000000000600000140254012
4022526.875,3218009,UPM_CONTROLLER_RX,19,00000000000000000600000140254012
4022530.625,3218012,UPM_CONTROLLER_RX,19,00000000000000000600000140254012
4022534.375,3218015,UPM_CONTROLLER_RX,19,00000000000000000600000140254012
4022538.125,3218018,UPM_CONTROLLER_RX,19,00000000000000000600000140254012
4022541.875,3218021,UPM_CONTROLLER_RX,19,00000000000000000600000140254012
4022545.625,3218024,UPM_CONTROLLER_RX,19,00000000000000000600000140254012
4022549.375,3218027,UPM_CONTROLLER_RX,19,00000000000000000600000140254012
4022553.125,3218030,UPM_CONTROLLER_RX,19,00000000000000000600000140254012
4022556.875,3218033,UPM_CONTROLLER_RX,19,00000000000000000600000140254012
4022560.625,3218036,UPM_CONTROLLER_RX,19,00000000000000000600000140254012
4022564.375,3218039,UPM_CONTROLLER_RX,19,00000000000000000600000140254012
4022568.125,3218042,UPM_CONTROLLER_RX,19,00000000000000000600000140254012
4022571.875,3218045,UPM_CONTROLLER_RX,19,00000000000000000600000140254012
4022575.625,3218048,UPM_CONTROLLER_RX,19,00000000000000000600000140254012
4022579.375,3218051,UPM_CONTROLLER_RX,19,00000000000000000600000140254012
4022583.125,3218054,UPM_CONTROLLER_RX,19,00000000000000000600000140254012
4022586.875,3218057,UPM_CONTROLLER_RX,19,00000000000000000600000140254012
4022590.625,3218060,UPM_CONTROLLER_RX,19,00000000000000000600000140254012
4022594.375,3218063,UPM_CONTROLLER_RX,19,00000000000000000600000140254012
4022598.125,3218066,UPM_CONTROLLER_RX,19,00000000000000000600000140254012
4022601.875,3218069,UPM_CONTROLLER_RX,19,00000000000000000600000140254012
4022605.625,3218072,UPM_CONTROLLER_RX,19,00000000000000000600000140254012
4022609.375,3218075,UPM_CONTROLLER_RX,19,00000000000000000600000140254012
4022613.125,3218078,UPM_TX,0,00000000000000000200010040244012
4022613.125,3218078,UPM_CONTROLLER_RX,19,00000000000000000600000140254012
4022616.875,3218081,UPM_CONTROLLER_RX,19,00000000000000000600000140254012
4022620.625,3218084,UPM_CONTROLLER_RX,19,00000000000000000600000140254012
4022624.375,3218087,UPM_CONTROLLER_RX,19,00000000000000000600000140254012
4022628.125,3218090,UPM_CONTROLLER_RX,19,00000000000000000600000140254012
4022631.875,3218093,UPM_CONTROLLER_RX,19,00000000000000000600000140254012
4022635.625,3218096,UPM_CONTROLLER_RX,19,00000000000000000600000140254012
4022639.375,3218099,UPM_CONTROLLER_RX,19,00000000000000000600000140254012
4022643.125,3218102,UPM_CONTROLLER_RX,19,00000000000000000600000140254012
4022646.875,3218105,UPM_CONTROLLER_RX,19,00000000000000000600000140254012
4022650.625,3218108,UPM_CONTROLLER_RX,19,00000000000000000600000140254012
4022654.375,3218111,UPM_CONTROLLER_RX,19,00000000000000000600000140254012
4022658.125,3218114,UPM_CONTROLLER_RX,19,00000000000000000600000140254012
4022661.875,3218117,UPM_CONTROLLER_RX,19,00000000000000000600000140254012
4022665.625,3218120,UPM_CONTROLLER_RX,19,00000000000000000600000140254012
4022669.375,3218123,UPM_CONTROLLER_RX,19,00000000000000000600000140254012
4022673.125,3218126,UPM_CONTROLLER_RX,19,00000000000000000600000140254012
4022676.875,3218129,UPM_CONTROLLER_RX,19,00000000000000000600000140254012
4022680.625,3218132,UPM_CONTROLLER_RX,19,00000000000000000600000140254012
4022684.375,3218135,UPM_CONTROLLER_RX,19,00000000000000000600000140254012
4022688.125,3218138,UPM_CONTROLLER_RX,19,00000000000000000600000140254012
4022691.875,3218141,UPM_CONTROLLER_RX,19,00000000000000000600000140254012
4022695.625,3218144,UPM_CONTROLLER_RX,19,00000000000000000600000140254012
4022699.375,3218147,UPM_CONTROLLER_RX,19,00000000000000000600000140254012
4022703.125,3218150,UPM_CONTROLLER_RX,19,00000000000000000600000140254012
4022706.875,3218153,UPM_CONTROLLER_RX,19,00000000000000000600000140254012
4022710.625,3218156,UPM_CONTROLLER_RX,19,00000000000000000600000140254012
4022714.375,3218159,UPM_CONTROLLER_RX,19,00000000000000000600000140254012
4022718.125,3218162,UPM_CONTROLLER_RX,19,00000000000000000600000140254012
4022721.875,3218165,UPM_CONTROLLER_RX,19,00000000000000000600000140254012
4022725.625,3218168,UPM_CONTROLLER_RX,19,00000000000000000600000140254012
4022729.375,3218171,UPM_CONTROLLER_RX,19,00000000000000000600000140254012
4022733.125,3218174,UPM_CONTROLLER_RX,19,00000000000000000600000140254012
4022734.375,3218175,UPM_TX,0,00000000000000000200010040244012
4022736.875,3218177,UPM_CONTROLLER_RX,19,00000000000000000600000140254012
4022740.625,3218180,UPM_CONTROLLER_RX,19,00000000000000000600000140254012
4022744.375,3218183,UPM_CONTROLLER_RX,19,00000000000000000600000140254012
4022748.125,3218186,UPM_CONTROLLER_RX,19,00000000000000000600000140254012
4022751.875,3218189,UPM_CONTROLLER_RX,19,00000000000000000600000140254012
4022755.625,3218192,UPM_CONTROLLER_RX,19,00000000000000000600000140254012
4022759.375,3218195,UPM_CONTROLLER_RX,19,00000000000000000600000140254012
4022763.125,3218198,UPM_CONTROLLER_RX,19,00000000000000000600000140254012
4022766.875,3218201,UPM_CONTROLLER_RX,19,00000000000000000600000140254012
4022770.625,3218204,UPM_CONTROLLER_RX,19,00000000000000000600000140254012
4022774.375,3218207,UPM_CONTROLLER_RX,19,00000000000000000600000140254012
4022778.125,3218210,UPM_CONTROLLER_RX,19,00000000000000000600000140254012
4022781.875,3218213,UPM_CONTROLLER_RX,19,00000000000000000600000140254012
4022785.625,3218216,UPM_CONTROLLER_RX,19,00000000000000000600000140254012
4022789.375,3218219,UPM_CONTROLLER_RX,19,00000000000000000600000140254012
4022793.125,3218222,UPM_CONTROLLER_RX,19,00000000000000000600000140254012
4022796.875,3218225,UPM_CONTROLLER_RX,19,00000000000000000600000140254012
4022800.625,3218228,UPM_CONTROLLER_RX,19,00000000000000000600000140254012
4022804.375,3218231,UPM_CONTROLLER_RX,19,00000000000000000600000140254012
4022808.125,3218234,UPM_CONTROLLER_RX,19,00000000000000000600000140254012
4022811.875,3218237,UPM_CONTROLLER_RX,19,00000000000000000600000140254012
4022815.625,3218240,UPM_CONTROLLER_RX,19,00000000000000000600000140254012
4022819.375,3218243,UPM_CONTROLLER_RX,19,00000000000000000600000140254012
4022823.125,3218246,UPM_CONTROLLER_RX,19,00000000000000000600000140254012
4022826.875,3218249,UPM_CONTROLLER_RX,19,00000000000000000600000140254012
4022830.625,3218252,UPM_CONTROLLER_RX,19,00000000000000000600000140254012
4022834.375,3218255,UPM_CONTROLLER_RX,19,00000000000000000600000140254012
4022838.125,3218258,UPM_CONTROLLER_RX,19,00000000000000000600000140254012
4022841.875,3218261,UPM_CONTROLLER_RX,19,00000000000000000600000140254012
4022845.625,3218264,UPM_CONTROLLER_RX,19,00000000000000000600000140254012
4022849.375,3218267,UPM_CONTROLLER_RX,19,00000000000000000600000140254012
4022853.125,3218270,UPM_CONTROLLER_RX,19,00000000000000000600000140254012
4022855.625,3218272,UPM_TX,0,00000000000000000200010040244012
4022856.875,3218273,UPM_CONTROLLER_RX,19,00000000000000000600000140254012
4022860.625,3218276,UPM_CONTROLLER_RX,19,00000000000000000600000140254012
4022864.375,3218279,UPM_CONTROLLER_RX,19,00000000000000000600000140254012
4022868.125,3218282,UPM_CONTROLLER_RX,19,00000000000000000600000140254012
4022871.875,3218285,UPM_CONTROLLER_RX,19,00000000000000000600000140254012
4022875.625,3218288,UPM_CONTROLLER_RX,19,00000000000000000600000140254012
4022879.375,3218291,UPM_CONTROLLER_RX,19,00000000000000000600000140254012
4022883.125,3218294,UPM_CONTROLLER_RX,19,00000000000000000600000140254012
4022886.875,3218297,UPM_CONTROLLER_RX,19,00000000000000000600000140254012
4022890.625,3218300,UPM_CONTROLLER_RX,19,00000000000000000600000140254012
4022894.375,3218303,UPM_CONTROLLER_RX,19,00000000000000000600000140254012
4022898.125,3218306,UPM_CONTROLLER_RX,19,00000000000000000600000140254012
4022901.875,3218309,UPM_CONTROLLER_RX,19,00000000000000000600000140254012
4022905.625,3218312,UPM_CONTROLLER_RX,19,00000000000000000600000140254012
4022909.375,3218315,UPM_CONTROLLER_RX,19,00000000000000000600000140254012
4022913.125,3218318,UPM_CONTROLLER_RX,19,00000000000000000600000140254012
4022916.875,3218321,UPM_CONTROLLER_RX,19,00000000000000000600000140254012
4022920.625,3218324,UPM_CONTROLLER_RX,19,00000000000000000600000140254012
4022924.375,3218327,UPM_CONTROLLER_RX,19,00000000000000000600000140254012
4022928.125,3218330,UPM_CONTROLLER_RX,19,00000000000000000600000140254012
4022931.875,3218333,UPM_CONTROLLER_RX,19,00000000000000000600000140254012
4022935.625,3218336,UPM_CONTROLLER_RX,19,00000000000000000600000140254012
4022939.375,3218339,UPM_CONTROLLER_RX,19,00000000000000000600000140254012
4022943.125,3218342,UPM_CONTROLLER_RX,19,00000000000000000600000140254012
4022946.875,3218345,UPM_CONTROLLER_RX,19,00000000000000000600000140254012
4022950.625,3218348,UPM_CONTROLLER_RX,19,00000000000000000600000140254012
4022954.375,3218351,UPM_CONTROLLER_RX,19,00000000000000000600000140254012
4022958.125,3218354,UPM_CONTROLLER_RX,19,00000000000000000600000140254012
4022961.875,3218357,UPM_CONTROLLER_RX,19,00000000000000000600000140254012
4022965.625,3218360,UPM_CONTROLLER_RX,19,00000000000000000600000140254012
4022969.375,3218363,UPM_CONTROLLER_RX,19,00000000000000000600000140254012
4022973.125,3218366,UPM_CONTROLLER_RX,19,00000000000000000600000140254012
4022976.875,3218369,UPM_TX,0,00000000000000000200010040244012
4022976.875,3218369,UPM_CONTROLLER_RX,19,00000000000000000600000140254012
4022980.625,3218372,UPM_CONTROLLER_RX,19,00000000000000000600000140254012
4022984.375,3218375,UPM_CONTROLLER_RX,19,00000000000000000600000140254012
4022988.125,3218378,UPM_CONTROLLER_RX,19,00000000000000000600000140254012
4022991.875,3218381,UPM_CONTROLLER_RX,19,00000000000000000600000140254012
4022995.625,3218384,UPM_CONTROLLER_RX,19,00000000000000000600000140254012
4022999.375,3218387,UPM_CONTROLLER_RX,19,00000000000000000600000140254012
4023003.125,3218390,UPM_CONTROLLER_RX,19,00000000000000000600000140254012
4023006.875,3218393,UPM_CONTROLLER_RX,19,00000000000000000600000140254012
4023010.625,3218396,UPM_CONTROLLER_RX,19,00000000000000000600000140254012
4023014.375,3218399,UPM_CONTROLLER_RX,19,00000000000000000600000140254012
4023018.125,3218402,UPM_CONTROLLER_RX,19,00000000000000000600000140254012
4023021.875,3218405,UPM_CONTROLLER_RX,19,00000000000000000600000140254012
4023025.625,3218408,UPM_CONTROLLER_RX,19,00000000000000000600000140254012
4023029.375,3218411,UPM_CONTROLLER_RX,19,00000000000000000600000140254012
4023033.125,3218414,UPM_CONTROLLER_RX,19,00000000000000000600000140254012
4023036.875,3218417,UPM_CONTROLLER_RX,19,00000000000000000600000140254012
4023040.625,3218420,UPM_CONTROLLER_RX,19,00000000000000000600000140254012
4023044.375,3218423,UPM_CONTROLLER_RX,19,00000000000000000600000140254012
4023048.125,3218426,UPM_CONTROLLER_RX,19,00000000000000000600000140254012
4023051.875,3218429,UPM_CONTROLLER_RX,19,00000000000000000600000140254012
4023055.625,3218432,UPM_CONTROLLER_RX,19,00000000000000000600000140254012
4023059.375,3218435,UPM_CONTROLLER_RX,19,00000000000000000600000140254012
4023063.125,3218438,UPM_CONTROLLER_RX,19,00000000000000000600000140254012
4023066.875,3218441,UPM_CONTROLLER_RX,19,00000000000000000600000140254012
4023070.625,3218444,UPM_CONTROLLER_RX,19,00000000000000000600000140254012
4023074.375,3218447,UPM_CONTROLLER_RX,19,00000000000000000600000140254012
4023078.125,3218450,UPM_CONTROLLER_RX,19,00000000000000000600000140254012
4023081.875,3218453,UPM_CONTROLLER_RX,19,00000000000000000600000140254012
4023085.625,3218456,UPM_CONTROLLER_RX,19,00000000000000000600000140254012
4023089.375,3218459,UPM_CONTROLLER_RX,19,00000000000000000600000140254012
4023093.125,3218462,UPM_CONTROLLER_RX,19,00000000000000000600000140254012
4023096.875,3218465,UPM_CONTROLLER_RX,19,00000000000000000600000140254012
4023098.125,3218466,UPM_TX,0,00000000000000000200010040244012
4023100.625,3218468,UPM_CONTROLLER_RX,19,00000000000000000600000140254012
4023104.375,3218471,UPM_CONTROLLER_RX,19,00000000000000000600000140254012
4023108.125,3218474,UPM_CONTROLLER_RX,19,00000000000000000600000140254012
4023111.875,3218477,UPM_CONTROLLER_RX,19,00000000000000000600000140254012
4023115.625,3218480,UPM_CONTROLLER_RX,19,00000000000000000600000140254012
4023119.375,3218483,UPM_CONTROLLER_RX,19,00000000000000000600000140254012
4023123.125,3218486,UPM_CONTROLLER_RX,19,00000000000000000600000140254012
4023126.875,3218489,UPM_CONTROLLER_RX,19,00000000000000000600000140254012
4023130.625,3218492,UPM_CONTROLLER_RX,19,00000000000000000600000140254012
4023134.375,3218495,UPM_CONTROLLER_RX,19,00000000000000000600000140254012
4023138.125,3218498,UPM_CONTROLLER_RX,19,00000000000000000600000140254012
4023141.875,3218501,UPM_CONTROLLER_RX,19,00000000000000000600000140254012
4023145.625,3218504,UPM_CONTROLLER_RX,19,00000000000000000600000140254012
4023149.375,3218507,UPM_CONTROLLER_RX,19,00000000000000000600000140254012
4023153.125,3218510,UPM_CONTROLLER_RX,19,00000000000000000600000140254012
4023156.875,3218513,UPM_CONTROLLER_RX,19,00000000000000000600000140254012
4023160.625,3218516,UPM_CONTROLLER_RX,19,00000000000000000600000140254012
4023164.375,3218519,UPM_CONTROLLER_RX,19,00000000000000000600000140254012
4023168.125,3218522,UPM_CONTROLLER_RX,19,00000000000000000600000140254012
4023171.875,3218525,UPM_CONTROLLER_RX,19,00000000000000000600000140254012
4023175.625,3218528,UPM_CONTROLLER_RX,19,00000000000000000600000140254012
4023179.375,3218531,UPM_CONTROLLER_RX,19,00000000000000000600000140254012
4023183.125,3218534,UPM_CONTROLLER_RX,19,00000000000000000600000140254012
4023186.875,3218537,UPM_CONTROLLER_RX,19,00000000000000000600000140254012
4023190.625,3218540,UPM_CONTROLLER_RX,19,00000000000000000600000140254012
4023194.375,3218543,UPM_CONTROLLER_RX,19,00000000000000000600000140254012
4023198.125,3218546,UPM_CONTROLLER_RX,19,00000000000000000600000140254012
4023201.875,3218549,UPM_CONTROLLER_RX,19,00000000000000000600000140254012
4023205.625,3218552,UPM_CONTROLLER_RX,19,00000000000000000600000140254012
4023209.375,3218555,UPM_CONTROLLER_RX,19,00000000000000000600000140254012
4023213.125,3218558,UPM_CONTROLLER_RX,19,00000000000000000600000140254012
4023216.875,3218561,UPM_CONTROLLER_RX,19,00000000000000000600000140254012
4023219.375,3218563,UPM_TX,0,00000000000000000200010040244012
4023220.625,3218564,UPM_CONTROLLER_RX,19,00000000000000000600000140254012
4023224.375,3218567,UPM_CONTROLLER_RX,19,00000000000000000600000140254012
4023228.125,3218570,UPM_CONTROLLER_RX,19,00000000000000000600000140254012
4023231.875,3218573,UPM_CONTROLLER_RX,19,00000000000000000600000140254012
4023235.625,3218576,UPM_CONTROLLER_RX,19,00000000000000000600000140254012
4023239.375,3218579,UPM_CONTROLLER_RX,19,00000000000000000600000140254012
4023243.125,3218582,UPM_CONTROLLER_RX,19,00000000000000000600000140254012
4023246.875,3218585,UPM_CONTROLLER_RX,19,00000000000000000600000140254012
4023250.625,3218588,UPM_CONTROLLER_RX,19,00000000000000000600000140254012
4023254.375,3218591,UPM_CONTROLLER_RX,19,00000000000000000600000140254012
4023258.125,3218594,UPM_CONTROLLER_RX,19,00000000000000000600000140254012
4023261.875,3218597,UPM_CONTROLLER_RX,19,00000000000000000600000140254012
4023265.625,3218600,UPM_CONTROLLER_RX,19,00000000000000000600000140254012
4023269.375,3218603,UPM_CONTROLLER_RX,19,00000000000000000600000140254012
4023273.125,3218606,UPM_CONTROLLER_RX,19,00000000000000000600000140254012
4023276.875,3218609,UPM_CONTROLLER_RX,19,00000000000000000600000140254012
4023280.625,3218612,UPM_CONTROLLER_RX,19,00000000000000000600000140254012
4023284.375,3218615,UPM_CONTROLLER_RX,19,00000000000000000600000140254012
4023288.125,3218618,UPM_CONTROLLER_RX,19,00000000000000000600000140254012
4023291.875,3218621,UPM_CONTROLLER_RX,19,00000000000000000600000140254012
4023295.625,3218624,UPM_CONTROLLER_RX,19,00000000000000000600000140254012
4023299.375,3218627,UPM_CONTROLLER_RX,19,00000000000000000600000140254012
4023303.125,3218630,UPM_CONTROLLER_RX,19,00000000000000000600000140254012
4023306.875,3218633,UPM_CONTROLLER_RX,19,00000000000000000600000140254012
4023310.625,3218636,UPM_CONTROLLER_RX,19,00000000000000000600000140254012
4023314.375,3218639,UPM_CONTROLLER_RX,19,00000000000000000600000140254012
4023318.125,3218642,UPM_CONTROLLER_RX,19,00000000000000000600000140254012
4023321.875,3218645,UPM_CONTROLLER_RX,19,00000000000000000600000140254012
4023325.625,3218648,UPM_CONTROLLER_RX,19,00000000000000000600000140254012
4023329.375,3218651,UPM_CONTROLLER_RX,19,00000000000000000600000140254012
4023333.125,3218654,UPM_CONTROLLER_RX,19,00000000000000000600000140254012
4023336.875,3218657,UPM_CONTROLLER_RX,19,00000000000000000600000140254012
4023340.625,3218660,UPM_TX,0,00000000000000000200010040244012
4023340.625,3218660,UPM_CONTROLLER_RX,19,00000000000000000600000140254012
4023344.375,3218663,UPM_CONTROLLER_RX,19,00000000000000000600000140254012
4023348.125,3218666,UPM_CONTROLLER_RX,19,00000000000000000600000140254012
4023351.875,3218669,UPM_CONTROLLER_RX,19,00000000000000000600000140254012
4023355.625,3218672,UPM_CONTROLLER_RX,19,00000000000000000600000140254012
4023359.375,3218675,UPM_CONTROLLER_RX,19,00000000000000000600000140254012
4023363.125,3218678,UPM_CONTROLLER_RX,19,00000000000000000600000140254012
4023366.875,3218681,UPM_CONTROLLER_RX,19,00000000000000000600000140254012
4023370.625,3218684,UPM_CONTROLLER_RX,19,00000000000000000600000140254012
4023374.375,3218687,UPM_CONTROLLER_RX,19,00000000000000000600000140254012
4023378.125,3218690,UPM_CONTROLLER_RX,19,00000000000000000600000140254012
4023381.875,3218693,UPM_CONTROLLER_RX,19,00000000000000000600000140254012
4023385.625,3218696,UPM_CONTROLLER_RX,19,00000000000000000600000140254012
4023389.375,3218699,UPM_CONTROLLER_RX,19,00000000000000000600000140254012
4023393.125,3218702,UPM_CONTROLLER_RX,19,00000000000000000600000140254012
4023396.875,3218705,UPM_CONTROLLER_RX,19,00000000000000000600000140254012
4023400.625,3218708,UPM_CONTROLLER_RX,19,00000000000000000600000140254012
4023404.375,3218711,UPM_CONTROLLER_RX,19,00000000000000000600000140254012
4023408.125,3218714,UPM_CONTROLLER_RX,19,00000000000000000600000140254012
4023411.875,3218717,UPM_CONTROLLER_RX,19,00000000000000000600000140254012
4023415.625,3218720,UPM_CONTROLLER_RX,19,00000000000000000600000140254012
4023419.375,3218723,UPM_CONTROLLER_RX,19,00000000000000000600000140254012
4023423.125,3218726,UPM_CONTROLLER_RX,19,00000000000000000600000140254012
4023426.875,3218729,UPM_CONTROLLER_RX,19,00000000000000000600000140254012
4023430.625,3218732,UPM_CONTROLLER_RX,19,00000000000000000600000140254012
4023434.375,3218735,UPM_CONTROLLER_RX,19,00000000000000000600000140254012
4023438.125,3218738,UPM_CONTROLLER_RX,19,00000000000000000600000140254012
4023441.875,3218741,UPM_CONTROLLER_RX,19,00000000000000000600000140254012
4023445.625,3218744,UPM_CONTROLLER_RX,19,00000000000000000600000140254012
4023449.375,3218747,UPM_CONTROLLER_RX,19,00000000000000000600000140254012
4023453.125,3218750,UPM_CONTROLLER_RX,19,00000000000000000600000140254012
4023456.875,3218753,UPM_CONTROLLER_RX,19,00000000000000000600000140254012
4023460.625,3218756,UPM_CONTROLLER_RX,19,00000000000000000600000140254012
4023461.875,3218757,UPM_TX,0,00000000000000000200010040244012
4023464.375,3218759,UPM_CONTROLLER_RX,19,00000000000000000600000140254012
4023468.125,3218762,UPM_CONTROLLER_RX,19,00000000000000000600000140254012
4023471.875,3218765,UPM_CONTROLLER_RX,19,00000000000000000600000140254012
4023475.625,3218768,UPM_CONTROLLER_RX,19,00000000000000000600000140254012
4023479.375,3218771,UPM_CONTROLLER_RX,19,00000000000000000600000140254012
4023483.125,3218774,UPM_CONTROLLER_RX,19,00000000000000000600000140254012
4023486.875,3218777,UPM_CONTROLLER_RX,19,00000000000000000600000140254012
4023490.625,3218780,UPM_CONTROLLER_RX,19,00000000000000000600000140254012
4023494.375,3218783,UPM_CONTROLLER_RX,19,00000000000000000600000140254012
4023498.125,3218786,UPM_CONTROLLER_RX,19,00000000000000000600000140254012
4023501.875,3218789,UPM_CONTROLLER_RX,19,00000000000000000600000140254012
4023505.625,3218792,UPM_CONTROLLER_RX,19,00000000000000000600000140254012
4023509.375,3218795,UPM_CONTROLLER_RX,19,00000000000000000600000140254012
4023513.125,3218798,UPM_CONTROLLER_RX,19,00000000000000000600000140254012
4023516.875,3218801,UPM_CONTROLLER_RX,19,00000000000000000600000140254012
4023520.625,3218804,UPM_CONTROLLER_RX,19,00000000000000000600000140254012
4023524.375,3218807,UPM_CONTROLLER_RX,19,00000000000000000600000140254012
4023528.125,3218810,UPM_CONTROLLER_RX,19,00000000000000000600000140254012
4023531.875,3218813,UPM_CONTROLLER_RX,19,00000000000000000600000140254012
4023535.625,3218816,UPM_CONTROLLER_RX,19,00000000000000000600000140254012
4023539.375,3218819,UPM_CONTROLLER_RX,19,00000000000000000600000140254012
4023543.125,3218822,UPM_CONTROLLER_RX,19,00000000000000000600000140254012
4023546.875,3218825,UPM_CONTROLLER_RX,19,00000000000000000600000140254012
4023550.625,3218828,UPM_CONTROLLER_RX,19,00000000000000000600000140254012
4023554.375,3218831,UPM_CONTROLLER_RX,19,00000000000000000600000140254012
4023558.125,3218834,UPM_CONTROLLER_RX,19,00000000000000000600000140254012
4023561.875,3218837,UPM_CONTROLLER_RX,19,00000000000000000600000140254012
4023565.625,3218840,UPM_CONTROLLER_RX,19,00000000000000000600000140254012
4023569.375,3218843,UPM_CONTROLLER_RX,19,00000000000000000600000140254012
4023573.125,3218846,UPM_CONTROLLER_RX,19,00000000000000000600000140254012
4023576.875,3218849,UPM_CONTROLLER_RX,19,00000000000000000600000140254012
4023580.625,3218852,UPM_CONTROLLER_RX,19,00000000000000000600000140254012
4023583.125,3218854,UPM_TX,0,00000000000000000200010040244012
4023584.375,3218855,UPM_CONTROLLER_RX,19,00000000000000000600000140254012
4023588.125,3218858,UPM_CONTROLLER_RX,19,00000000000000000600000140254012
4023591.875,3218861,UPM_CONTROLLER_RX,19,00000000000000000600000140254012
4023595.625,3218864,UPM_CONTROLLER_RX,19,00000000000000000600000140254012
4023599.375,3218867,UPM_CONTROLLER_RX,19,00000000000000000600000140254012
4023603.125,3218870,UPM_CONTROLLER_RX,19,00000000000000000600000140254012
4023606.875,3218873,UPM_CONTROLLER_RX,19,00000000000000000600000140254012
4023610.625,3218876,UPM_CONTROLLER_RX,19,00000000000000000600000140254012
4023614.375,3218879,UPM_CONTROLLER_RX,19,00000000000000000600000140254012
4023618.125,3218882,UPM_CONTROLLER_RX,19,00000000000000000600000140254012
4023621.875,3218885,UPM_CONTROLLER_RX,19,00000000000000000600000140254012
4023625.625,3218888,UPM_CONTROLLER_RX,19,00000000000000000600000140254012
4023629.375,3218891,UPM_CONTROLLER_RX,19,00000000000000000600000140254012
4023633.125,3218894,UPM_CONTROLLER_RX,19,00000000000000000600000140254012
4023636.875,3218897,UPM_CONTROLLER_RX,19,00000000000000000600000140254012
4023640.625,3218900,UPM_CONTROLLER_RX,19,00000000000000000600000140254012
4023644.375,3218903,UPM_CONTROLLER_RX,19,00000000000000000600000140254012
4023648.125,3218906,UPM_CONTROLLER_RX,19,00000000000000000600000140254012
4023651.875,3218909,UPM_CONTROLLER_RX,19,00000000000000000600000140254012
4023655.625,3218912,UPM_CONTROLLER_RX,19,00000000000000000600000140254012
4023659.375,3218915,UPM_CONTROLLER_RX,19,00000000000000000600000140254012
4023663.125,3218918,UPM_CONTROLLER_RX,19,00000000000000000600000140254012
4023666.875,3218921,UPM_CONTROLLER_RX,19,00000000000000000600000140254012
4023670.625,3218924,UPM_CONTROLLER_RX,19,00000000000000000600000140254012
4023674.375,3218927,UPM_CONTROLLER_RX,19,00000000000000000600000140254012
4023678.125,3218930,UPM_CONTROLLER_RX,19,00000000000000000600000140254012
4023681.875,3218933,UPM_CONTROLLER_RX,19,00000000000000000600000140254012
4023685.625,3218936,UPM_CONTROLLER_RX,19,00000000000000000600000140254012
4023689.375,3218939,UPM_CONTROLLER_RX,19,00000000000000000600000140254012
4023693.125,3218942,UPM_CONTROLLER_RX,19,00000000000000000600000140254012
4023696.875,3218945,UPM_CONTROLLER_RX,19,00000000000000000600000140254012
4023700.625,3218948,UPM_CONTROLLER_RX,19,00000000000000000600000140254012
4023704.375,3218951,UPM_TX,0,00000000000000000200010040244012
4023704.375,3218951,UPM_CONTROLLER_RX,19,00000000000000000600000140254012
4023708.125,3218954,UPM_CONTROLLER_RX,19,00000000000000000600000140254012
4023711.875,3218957,UPM_CONTROLLER_RX,19,00000000000000000600000140254012
4023715.625,3218960,UPM_CONTROLLER_RX,19,00000000000000000600000140254012
4023719.375,3218963,UPM_CONTROLLER_RX,19,00000000000000000600000140254012
4023723.125,3218966,UPM_CONTROLLER_RX,19,00000000000000000600000140254012
4023726.875,3218969,UPM_CONTROLLER_RX,19,00000000000000000600000140254012
4023730.625,3218972,UPM_CONTROLLER_RX,19,00000000000000000600000140254012
4023734.375,3218975,UPM_CONTROLLER_RX,19,00000000000000000600000140254012
4023738.125,3218978,UPM_CONTROLLER_RX,19,00000000000000000600000140254012
4023741.875,3218981,UPM_CONTROLLER_RX,19,00000000000000000600000140254012
4023745.625,3218984,UPM_CONTROLLER_RX,19,00000000000000000600000140254012
4023749.375,3218987,UPM_CONTROLLER_RX,19,00000000000000000600000140254012
4023753.125,3218990,UPM_CONTROLLER_RX,19,00000000000000000600000140254012
4023756.875,3218993,UPM_CONTROLLER_RX,19,00000000000000000600000140254012
4023760.625,3218996,UPM_CONTROLLER_RX,19,00000000000000000600000140254012
4023764.375,3218999,UPM_CONTROLLER_RX,19,00000000000000000600000140254012
4023768.125,3219002,UPM_CONTROLLER_RX,19,00000000000000000600000140254012
4023771.875,3219005,UPM_CONTROLLER_RX,19,00000000000000000600000140254012
4023775.625,3219008,UPM_CONTROLLER_RX,19,00000000000000000600000140254012
4023779.375,3219011,UPM_CONTROLLER_RX,19,00000000000000000600000140254012
4023783.125,3219014,UPM_CONTROLLER_RX,19,00000000000000000600000140254012
4023786.875,3219017,UPM_CONTROLLER_RX,19,00000000000000000600000140254012
4023790.625,3219020,UPM_CONTROLLER_RX,19,00000000000000000600000140254012
4023794.375,3219023,UPM_CONTROLLER_RX,19,00000000000000000600000140254012
4023798.125,3219026,UPM_CONTROLLER_RX,19,00000000000000000600000140254012
4023801.875,3219029,UPM_CONTROLLER_RX,19,00000000000000000600000140254012
4023805.625,3219032,UPM_CONTROLLER_RX,19,00000000000000000600000140254012
4023809.375,3219035,UPM_CONTROLLER_RX,19,00000000000000000600000140254012
4023813.125,3219038,UPM_CONTROLLER_RX,19,00000000000000000600000140254012
4023816.875,3219041,UPM_CONTROLLER_RX,19,00000000000000000600000140254012
4023820.625,3219044,UPM_CONTROLLER_RX,19,00000000000000000600000140254012
4023824.375,3219047,UPM_CONTROLLER_RX,19,00000000000000000600000140254012
4023825.625,3219048,UPM_TX,0,00000000000000000200010040244012
4023828.125,3219050,UPM_CONTROLLER_RX,19,00000000000000000600000140254012
4023831.875,3219053,UPM_CONTROLLER_RX,19,00000000000000000600000140254012
4023835.625,3219056,UPM_CONTROLLER_RX,19,00000000000000000600000140254012
4023839.375,3219059,UPM_CONTROLLER_RX,19,00000000000000000600000140254012
4023843.125,3219062,UPM_CONTROLLER_RX,19,00000000000000000600000140254012
4023846.875,3219065,UPM_CONTROLLER_RX,19,00000000000000000600000140254012
4023850.625,3219068,UPM_CONTROLLER_RX,19,00000000000000000600000140254012
4023854.375,3219071,UPM_CONTROLLER_RX,19,00000000000000000600000140254012
4023858.125,3219074,UPM_CONTROLLER_RX,19,00000000000000000600000140254012
4023861.875,3219077,UPM_CONTROLLER_RX,19,00000000000000000600000140254012
4023865.625,3219080,UPM_CONTROLLER_RX,19,00000000000000000600000140254012
4023869.375,3219083,UPM_CONTROLLER_RX,19,00000000000000000600000140254012
4023873.125,3219086,UPM_CONTROLLER_RX,19,00000000000000000600000140254012
4023876.875,3219089,UPM_CONTROLLER_RX,19,00000000000000000600000140254012
4023880.625,3219092,UPM_CONTROLLER_RX,19,00000000000000000600000140254012
4023884.375,3219095,UPM_CONTROLLER_RX,19,00000000000000000600000140254012
4023888.125,3219098,UPM_CONTROLLER_RX,19,00000000000000000600000140254012
4023891.875,3219101,UPM_CONTROLLER_RX,19,00000000000000000600000140254012
4023895.625,3219104,UPM_CONTROLLER_RX,19,00000000000000000600000140254012
4023899.375,3219107,UPM_CONTROLLER_RX,19,00000000000000000600000140254012
4023903.125,3219110,UPM_CONTROLLER_RX,19,00000000000000000600000140254012
4023906.875,3219113,UPM_CONTROLLER_RX,19,00000000000000000600000140254012
4023910.625,3219116,UPM_CONTROLLER_RX,19,00000000000000000600000140254012
4023914.375,3219119,UPM_CONTROLLER_RX,19,00000000000000000600000140254012
4023918.125,3219122,UPM_CONTROLLER_RX,19,00000000000000000600000140254012
4023921.875,3219125,UPM_CONTROLLER_RX,19,00000000000000000600000140254012
4023925.625,3219128,UPM_CONTROLLER_RX,19,00000000000000000600000140254012
4023929.375,3219131,UPM_CONTROLLER_RX,19,00000000000000000600000140254012
4023933.125,3219134,UPM_CONTROLLER_RX,19,00000000000000000600000140254012
4023936.875,3219137,UPM_CONTROLLER_RX,19,00000000000000000600000140254012
4023940.625,3219140,UPM_CONTROLLER_RX,19,00000000000000000600000140254012
4023944.375,3219143,UPM_CONTROLLER_RX,19,00000000000000000600000140254012
4023946.875,3219145,UPM_TX,0,00000000000000000200010040244012
4023948.125,3219146,UPM_CONTROLLER_RX,19,00000000000000000600000140254012
4023951.875,3219149,UPM_CONTROLLER_RX,19,00000000000000000600000140254012
4023955.625,3219152,UPM_CONTROLLER_RX,19,00000000000000000600000140254012
4023959.375,3219155,UPM_CONTROLLER_RX,19,00000000000000000600000140254012
4023963.125,3219158,UPM_CONTROLLER_RX,19,00000000000000000600000140254012
4023966.875,3219161,UPM_CONTROLLER_RX,19,00000000000000000600000140254012
4023970.625,3219164,UPM_CONTROLLER_RX,19,00000000000000000600000140254012
4023974.375,3219167,UPM_CONTROLLER_RX,19,00000000000000000600000140254012
4023978.125,3219170,UPM_CONTROLLER_RX,19,00000000000000000600000140254012
4023981.875,3219173,UPM_CONTROLLER_RX,19,00000000000000000600000140254012
4023985.625,3219176,UPM_CONTROLLER_RX,19,00000000000000000600000140254012
4023989.375,3219179,UPM_CONTROLLER_RX,19,00000000000000000600000140254012
4023993.125,3219182,UPM_CONTROLLER_RX,19,00000000000000000600000140254012
4023996.875,3219185,UPM_CONTROLLER_RX,19,00000000000000000600000140254012
4024000.625,3219188,UPM_CONTROLLER_RX,19,00000000000000000600000140254012
4024004.375,3219191,UPM_CONTROLLER_RX,19,00000000000000000600000140254012
4024008.125,3219194,UPM_CONTROLLER_RX,19,00000000000000000600000140254012
4024011.875,3219197,UPM_CONTROLLER_RX,19,00000000000000000600000140254012
4024015.625,3219200,UPM_CONTROLLER_RX,19,00000000000000000600000140254012
4024019.375,3219203,UPM_CONTROLLER_RX,19,00000000000000000600000140254012
4024023.125,3219206,UPM_CONTROLLER_RX,19,00000000000000000600000140254012
4024026.875,3219209,UPM_CONTROLLER_RX,19,00000000000000000600000140254012
4024030.625,3219212,UPM_CONTROLLER_RX,19,00000000000000000600000140254012
4024034.375,3219215,UPM_CONTROLLER_RX,19,00000000000000000600000140254012
4024038.125,3219218,UPM_CONTROLLER_RX,19,00000000000000000600000140254012
4024041.875,3219221,UPM_CONTROLLER_RX,19,00000000000000000600000140254012
4024045.625,3219224,UPM_CONTROLLER_RX,19,00000000000000000600000140254012
4024049.375,3219227,UPM_CONTROLLER_RX,19,00000000000000000600000140254012
4024053.125,3219230,UPM_CONTROLLER_RX,19,00000000000000000600000140254012
4024056.875,3219233,UPM_CONTROLLER_RX,19,00000000000000000600000140254012
4024060.625,3219236,UPM_CONTROLLER_RX,19,00000000000000000600000140254012
4024064.375,3219239,UPM_CONTROLLER_RX,19,00000000000000000600000140254012
4024068.125,3219242,UPM_TX,0,00000000000000000200010040244012
4024068.125,3219242,UPM_CONTROLLER_RX,19,00000000000000000600000140254012
4024071.875,3219245,UPM_CONTROLLER_RX,19,00000000000000000600000140254012
4024075.625,3219248,UPM_CONTROLLER_RX,19,00000000000000000600000140254012
4024079.375,3219251,UPM_CONTROLLER_RX,19,00000000000000000600000140254012
4024083.125,3219254,UPM_CONTROLLER_RX,19,00000000000000000600000140254012
4024086.875,3219257,UPM_CONTROLLER_RX,19,00000000000000000600000140254012
4024090.625,3219260,UPM_CONTROLLER_RX,19,00000000000000000600000140254012
4024094.375,3219263,UPM_CONTROLLER_RX,19,00000000000000000600000140254012
4024098.125,3219266,UPM_CONTROLLER_RX,19,00000000000000000600000140254012
4024101.875,3219269,UPM_CONTROLLER_RX,19,00000000000000000600000140254012
4024105.625,3219272,UPM_CONTROLLER_RX,19,00000000000000000600000140254012
4024109.375,3219275,UPM_CONTROLLER_RX,19,00000000000000000600000140254012
4024113.125,3219278,UPM_CONTROLLER_RX,19,00000000000000000600000140254012
4024116.875,3219281,UPM_CONTROLLER_RX,19,00000000000000000600000140254012
4024120.625,3219284,UPM_CONTROLLER_RX,19,00000000000000000600000140254012
4024124.375,3219287,UPM_CONTROLLER_RX,19,00000000000000000600000140254012
4024128.125,3219290,UPM_CONTROLLER_RX,19,00000000000000000600000140254012
4024131.875,3219293,UPM_CONTROLLER_RX,19,00000000000000000600000140254012
4024135.625,3219296,UPM_CONTROLLER_RX,19,00000000000000000600000140254012
4024139.375,3219299,UPM_CONTROLLER_RX,19,00000000000000000600000140254012
4024143.125,3219302,UPM_CONTROLLER_RX,19,00000000000000000600000140254012
4024146.875,3219305,UPM_CONTROLLER_RX,19,00000000000000000600000140254012
4024150.625,3219308,UPM_CONTROLLER_RX,19,00000000000000000600000140254012
4024154.375,3219311,UPM_CONTROLLER_RX,19,00000000000000000600000140254012
4024158.125,3219314,UPM_CONTROLLER_RX,19,00000000000000000600000140254012
4024161.875,3219317,UPM_CONTROLLER_RX,19,00000000000000000600000140254012
4024165.625,3219320,UPM_CONTROLLER_RX,19,00000000000000000600000140254012
4024169.375,3219323,UPM_CONTROLLER_RX,19,00000000000000000600000140254012
4024173.125,3219326,UPM_CONTROLLER_RX,19,00000000000000000600000140254012
4024176.875,3219329,UPM_CONTROLLER_RX,19,00000000000000000600000140254012
4024180.625,3219332,UPM_CONTROLLER_RX,19,00000000000000000600000140254012
4024184.375,3219335,UPM_CONTROLLER_RX,19,00000000000000000600000140254012
4024188.125,3219338,UPM_CONTROLLER_RX,19,00000000000000000600000140254012
4024189.375,3219339,UPM_TX,0,00000000000000000200010040244012
4024191.875,3219341,UPM_CONTROLLER_RX,19,00000000000000000600000140254012
4024195.625,3219344,UPM_CONTROLLER_RX,19,00000000000000000600000140254012
4024199.375,3219347,UPM_CONTROLLER_RX,19,00000000000000000600000140254012
4024203.125,3219350,UPM_CONTROLLER_RX,19,00000000000000000600000140254012
4024206.875,3219353,UPM_CONTROLLER_RX,19,00000000000000000600000140254012
4024210.625,3219356,UPM_CONTROLLER_RX,19,00000000000000000600000140254012
4024214.375,3219359,UPM_CONTROLLER_RX,19,00000000000000000600000140254012
4024218.125,3219362,UPM_CONTROLLER_RX,19,00000000000000000600000140254012
4024221.875,3219365,UPM_CONTROLLER_RX,19,00000000000000000600000140254012
4024225.625,3219368,UPM_CONTROLLER_RX,19,00000000000000000600000140254012
4024229.375,3219371,UPM_CONTROLLER_RX,19,00000000000000000600000140254012
4024233.125,3219374,UPM_CONTROLLER_RX,19,00000000000000000600000140254012
4024236.875,3219377,UPM_CONTROLLER_RX,19,00000000000000000600000140254012
4024240.625,3219380,UPM_CONTROLLER_RX,19,00000000000000000600000140254012
4024244.375,3219383,UPM_CONTROLLER_RX,19,00000000000000000600000140254012
4024248.125,3219386,UPM_CONTROLLER_RX,19,00000000000000000600000140254012
4024251.875,3219389,UPM_CONTROLLER_RX,19,00000000000000000600000140254012
4024255.625,3219392,UPM_CONTROLLER_RX,19,00000000000000000600000140254012
4024259.375,3219395,UPM_CONTROLLER_RX,19,00000000000000000600000140254012
4024263.125,3219398,UPM_CONTROLLER_RX,19,00000000000000000600000140254012
4024266.875,3219401,UPM_CONTROLLER_RX,19,00000000000000000600000140254012
4024270.625,3219404,UPM_CONTROLLER_RX,19,00000000000000000600000140254012
4024274.375,3219407,UPM_CONTROLLER_RX,19,00000000000000000600000140254012
4024278.125,3219410,UPM_CONTROLLER_RX,19,00000000000000000600000140254012
4024281.875,3219413,UPM_CONTROLLER_RX,19,00000000000000000600000140254012
4024285.625,3219416,UPM_CONTROLLER_RX,19,00000000000000000600000140254012
4024289.375,3219419,UPM_CONTROLLER_RX,19,00000000000000000600000140254012
4024293.125,3219422,UPM_CONTROLLER_RX,19,00000000000000000600000140254012
4024296.875,3219425,UPM_CONTROLLER_RX,19,00000000000000000600000140254012
4024300.625,3219428,UPM_CONTROLLER_RX,19,00000000000000000600000140254012
4024304.375,3219431,UPM_CONTROLLER_RX,19,00000000000000000600000140254012
4024308.125,3219434,UPM_CONTROLLER_RX,19,00000000000000000600000140254012
4024310.625,3219436,UPM_TX,0,00000000000000000200010040244012
4024311.875,3219437,UPM_CONTROLLER_RX,19,00000000000000000600000140254012
4024315.625,3219440,UPM_CONTROLLER_RX,19,00000000000000000600000140254012
4024319.375,3219443,UPM_CONTROLLER_RX,19,00000000000000000600000140254012
4024323.125,3219446,UPM_CONTROLLER_RX,19,00000000000000000600000140254012
4024326.875,3219449,UPM_CONTROLLER_RX,19,00000000000000000600000140254012
4024330.625,3219452,UPM_CONTROLLER_RX,19,00000000000000000600000140254012
4024334.375,3219455,UPM_CONTROLLER_RX,19,00000000000000000600000140254012
4024338.125,3219458,UPM_CONTROLLER_RX,19,00000000000000000600000140254012
4024341.875,3219461,UPM_CONTROLLER_RX,19,00000000000000000600000140254012
4024345.625,3219464,UPM_CONTROLLER_RX,19,00000000000000000600000140254012
4024349.375,3219467,UPM_CONTROLLER_RX,19,00000000000000000600000140254012
4024353.125,3219470,UPM_CONTROLLER_RX,19,00000000000000000600000140254012
4024356.875,3219473,UPM_CONTROLLER_RX,19,00000000000000000600000140254012
4024360.625,3219476,UPM_CONTROLLER_RX,19,00000000000000000600000140254012
4024364.375,3219479,UPM_CONTROLLER_RX,19,00000000000000000600000140254012
4024368.125,3219482,UPM_CONTROLLER_RX,19,00000000000000000600000140254012
4024371.875,3219485,UPM_CONTROLLER_RX,19,00000000000000000600000140254012
4024375.625,3219488,UPM_CONTROLLER_RX,19,00000000000000000600000140254012
4024379.375,3219491,UPM_CONTROLLER_RX,19,00000000000000000600000140254012
4024383.125,3219494,UPM_CONTROLLER_RX,19,00000000000000000600000140254012
4024386.875,3219497,UPM_CONTROLLER_RX,19,00000000000000000600000140254012
4024390.625,3219500,UPM_CONTROLLER_RX,19,00000000000000000600000140254012
4024394.375,3219503,UPM_CONTROLLER_RX,19,00000000000000000600000140254012
4024398.125,3219506,UPM_CONTROLLER_RX,19,00000000000000000600000140254012
4024401.875,3219509,UPM_CONTROLLER_RX,19,00000000000000000600000140254012
4024405.625,3219512,UPM_CONTROLLER_RX,19,00000000000000000600000140254012
4024409.375,3219515,UPM_CONTROLLER_RX,19,00000000000000000600000140254012
4024413.125,3219518,UPM_CONTROLLER_RX,19,00000000000000000600000140254012
4024416.875,3219521,UPM_CONTROLLER_RX,19,00000000000000000600000140254012
4024420.625,3219524,UPM_CONTROLLER_RX,19,00000000000000000600000140254012
4024424.375,3219527,UPM_CONTROLLER_RX,19,00000000000000000600000140254012
4024428.125,3219530,UPM_CONTROLLER_RX,19,00000000000000000600000140254012
4024431.875,3219533,UPM_TX,0,00000000000000000200010040244012
4024431.875,3219533,UPM_CONTROLLER_RX,19,00000000000000000600000140254012
4024435.625,3219536,UPM_CONTROLLER_RX,19,00000000000000000600000140254012
4024439.375,3219539,UPM_CONTROLLER_RX,19,00000000000000000600000140254012
4024443.125,3219542,UPM_CONTROLLER_RX,19,00000000000000000600000140254012
4024446.875,3219545,UPM_CONTROLLER_RX,19,00000000000000000600000140254012
4024450.625,3219548,UPM_CONTROLLER_RX,19,00000000000000000600000140254012
4024454.375,3219551,UPM_CONTROLLER_RX,19,00000000000000000600000140254012
4024458.125,3219554,UPM_CONTROLLER_RX,19,00000000000000000600000140254012
4024461.875,3219557,UPM_CONTROLLER_RX,19,00000000000000000600000140254012
4024465.625,3219560,UPM_CONTROLLER_RX,19,00000000000000000600000140254012
4024469.375,3219563,UPM_CONTROLLER_RX,19,00000000000000000600000140254012
4024473.125,3219566,UPM_CONTROLLER_RX,19,00000000000000000600000140254012
4024476.875,3219569,UPM_CONTROLLER_RX,19,00000000000000000600000140254012
4024480.625,3219572,UPM_CONTROLLER_RX,19,00000000000000000600000140254012
4024484.375,3219575,UPM_CONTROLLER_RX,19,00000000000000000600000140254012
4024488.125,3219578,UPM_CONTROLLER_RX,19,00000000000000000600000140254012
4024491.875,3219581,UPM_CONTROLLER_RX,19,00000000000000000600000140254012
4024495.625,3219584,UPM_CONTROLLER_RX,19,00000000000000000600000140254012
4024499.375,3219587,UPM_CONTROLLER_RX,19,00000000000000000600000140254012
4024503.125,3219590,UPM_CONTROLLER_RX,19,00000000000000000600000140254012
4024506.875,3219593,UPM_CONTROLLER_RX,19,00000000000000000600000140254012
4024510.625,3219596,UPM_CONTROLLER_RX,19,00000000000000000600000140254012
4024514.375,3219599,UPM_CONTROLLER_RX,19,00000000000000000600000140254012
4024518.125,3219602,UPM_CONTROLLER_RX,19,00000000000000000600000140254012
4024521.875,3219605,UPM_CONTROLLER_RX,19,00000000000000000600000140254012
4024525.625,3219608,UPM_CONTROLLER_RX,19,00000000000000000600000140254012
4024529.375,3219611,UPM_CONTROLLER_RX,19,00000000000000000600000140254012
4024533.125,3219614,UPM_CONTROLLER_RX,19,00000000000000000600000140254012
4024536.875,3219617,UPM_CONTROLLER_RX,19,00000000000000000600000140254012
4024540.625,3219620,UPM_CONTROLLER_RX,19,00000000000000000600000140254012
4024544.375,3219623,UPM_CONTROLLER_RX,19,00000000000000000600000140254012
4024548.125,3219626,UPM_CONTROLLER_RX,19,00000000000000000600000140254012
4024551.875,3219629,UPM_CONTROLLER_RX,19,00000000000000000600000140254012
4024553.125,3219630,UPM_TX,0,00000000000000000200010040244012
4024555.625,3219632,UPM_CONTROLLER_RX,19,00000000000000000600000140254012
4024559.375,3219635,UPM_CONTROLLER_RX,19,00000000000000000600000140254012
4024563.125,3219638,UPM_CONTROLLER_RX,19,00000000000000000600000140254012
4024566.875,3219641,UPM_CONTROLLER_RX,19,00000000000000000600000140254012
4024570.625,3219644,UPM_CONTROLLER_RX,19,00000000000000000600000140254012
4024574.375,3219647,UPM_CONTROLLER_RX,19,00000000000000000600000140254012
4024578.125,3219650,UPM_CONTROLLER_RX,19,00000000000000000600000140254012
4024581.875,3219653,UPM_CONTROLLER_RX,19,00000000000000000600000140254012
4024585.625,3219656,UPM_CONTROLLER_RX,19,00000000000000000600000140254012
4024589.375,3219659,UPM_CONTROLLER_RX,19,00000000000000000600000140254012
4024593.125,3219662,UPM_CONTROLLER_RX,19,00000000000000000600000140254012
4024596.875,3219665,UPM_CONTROLLER_RX,19,00000000000000000600000140254012
4024600.625,3219668,UPM_CONTROLLER_RX,19,00000000000000000600000140254012
4024604.375,3219671,UPM_CONTROLLER_RX,19,00000000000000000600000140254012
4024608.125,3219674,UPM_CONTROLLER_RX,19,00000000000000000600000140254012
4024611.875,3219677,UPM_CONTROLLER_RX,19,00000000000000000600000140254012
4024615.625,3219680,UPM_CONTROLLER_RX,19,00000000000000000600000140254012
4024619.375,3219683,UPM_CONTROLLER_RX,19,00000000000000000600000140254012
4024623.125,3219686,UPM_CONTROLLER_RX,19,00000000000000000600000140254012
4024626.875,3219689,UPM_CONTROLLER_RX,19,00000000000000000600000140254012
4024630.625,3219692,UPM_CONTROLLER_RX,19,00000000000000000600000140254012
4024634.375,3219695,UPM_CONTROLLER_RX,19,00000000000000000600000140254012
4024638.125,3219698,UPM_CONTROLLER_RX,19,00000000000000000600000140254012
4024641.875,3219701,UPM_CONTROLLER_RX,19,00000000000000000600000140254012
4024645.625,3219704,UPM_CONTROLLER_RX,19,00000000000000000600000140254012
4024649.375,3219707,UPM_CONTROLLER_RX,19,00000000000000000600000140254012
4024653.125,3219710,UPM_CONTROLLER_RX,19,00000000000000000600000140254012
4024656.875,3219713,UPM_CONTROLLER_RX,19,00000000000000000600000140254012
4024660.625,3219716,UPM_CONTROLLER_RX,19,00000000000000000600000140254012
4024664.375,3219719,UPM_CONTROLLER_RX,19,00000000000000000600000140254012
4024668.125,3219722,UPM_CONTROLLER_RX,19,00000000000000000600000140254012
4024671.875,3219725,UPM_CONTROLLER_RX,19,00000000000000000600000140254012
4024674.375,3219727,UPM_TX,0,00000000000000000200010040244012
4024675.625,3219728,UPM_CONTROLLER_RX,19,00000000000000000600000140254012
4024679.375,3219731,UPM_CONTROLLER_RX,19,00000000000000000600000140254012
4024683.125,3219734,UPM_CONTROLLER_RX,19,00000000000000000600000140254012
4024686.875,3219737,UPM_CONTROLLER_RX,19,00000000000000000600000140254012
4024690.625,3219740,UPM_CONTROLLER_RX,19,00000000000000000600000140254012
4024694.375,3219743,UPM_CONTROLLER_RX,19,00000000000000000600000140254012
4024698.125,3219746,UPM_CONTROLLER_RX,19,00000000000000000600000140254012
4024701.875,3219749,UPM_CONTROLLER_RX,19,00000000000000000600000140254012
4024705.625,3219752,UPM_CONTROLLER_RX,19,00000000000000000600000140254012
4024709.375,3219755,UPM_CONTROLLER_RX,19,00000000000000000600000140254012
4024713.125,3219758,UPM_CONTROLLER_RX,19,00000000000000000600000140254012
4024716.875,3219761,UPM_CONTROLLER_RX,19,00000000000000000600000140254012
4024720.625,3219764,UPM_CONTROLLER_RX,19,00000000000000000600000140254012
4024724.375,3219767,UPM_CONTROLLER_RX,19,00000000000000000600000140254012
4024728.125,3219770,UPM_CONTROLLER_RX,19,00000000000000000600000140254012
4024731.875,3219773,UPM_CONTROLLER_RX,19,00000000000000000600000140254012
4024735.625,3219776,UPM_CONTROLLER_RX,19,00000000000000000600000140254012
4024739.375,3219779,UPM_CONTROLLER_RX,19,00000000000000000600000140254012
4024743.125,3219782,UPM_CONTROLLER_RX,19,00000000000000000600000140254012
4024746.875,3219785,UPM_CONTROLLER_RX,19,00000000000000000600000140254012
4024750.625,3219788,UPM_CONTROLLER_RX,19,00000000000000000600000140254012
4024754.375,3219791,UPM_CONTROLLER_RX,19,00000000000000000600000140254012
4024758.125,3219794,UPM_CONTROLLER_RX,19,00000000000000000600000140254012
4024761.875,3219797,UPM_CONTROLLER_RX,19,00000000000000000600000140254012
4024765.625,3219800,UPM_CONTROLLER_RX,19,00000000000000000600000140254012
4024769.375,3219803,UPM_CONTROLLER_RX,19,00000000000000000600000140254012
4024773.125,3219806,UPM_CONTROLLER_RX,19,00000000000000000600000140254012
4024776.875,3219809,UPM_CONTROLLER_RX,19,00000000000000000600000140254012
4024780.625,3219812,UPM_CONTROLLER_RX,19,00000000000000000600000140254012
4024784.375,3219815,UPM_CONTROLLER_RX,19,00000000000000000600000140254012
4024788.125,3219818,UPM_CONTROLLER_RX,19,00000000000000000600000140254012
4024791.875,3219821,UPM_CONTROLLER_RX,19,00000000000000000600000140254012
4024795.625,3219824,UPM_TX,0,00000000000000000200010040244012
4024795.625,3219824,UPM_CONTROLLER_RX,19,00000000000000000600000140254012
4024799.375,3219827,UPM_CONTROLLER_RX,19,00000000000000000600000140254012
4024803.125,3219830,UPM_CONTROLLER_RX,19,00000000000000000600000140254012
4024806.875,3219833,UPM_CONTROLLER_RX,19,00000000000000000600000140254012
4024810.625,3219836,UPM_CONTROLLER_RX,19,00000000000000000600000140254012
4024814.375,3219839,UPM_CONTROLLER_RX,19,00000000000000000600000140254012
4024818.125,3219842,UPM_CONTROLLER_RX,19,00000000000000000600000140254012
4024821.875,3219845,UPM_CONTROLLER_RX,19,00000000000000000600000140254012
4024825.625,3219848,UPM_CONTROLLER_RX,19,00000000000000000600000140254012
4024829.375,3219851,UPM_CONTROLLER_RX,19,00000000000000000600000140254012
4024833.125,3219854,UPM_CONTROLLER_RX,19,00000000000000000600000140254012
4024836.875,3219857,UPM_CONTROLLER_RX,19,00000000000000000600000140254012
4024840.625,3219860,UPM_CONTROLLER_RX,19,00000000000000000600000140254012
4024844.375,3219863,UPM_CONTROLLER_RX,19,00000000000000000600000140254012
4024848.125,3219866,UPM_CONTROLLER_RX,19,00000000000000000600000140254012
4024851.875,3219869,UPM_CONTROLLER_RX,19,00000000000000000600000140254012
4024855.625,3219872,UPM_CONTROLLER_RX,19,00000000000000000600000140254012
4024859.375,3219875,UPM_CONTROLLER_RX,19,00000000000000000600000140254012
4024863.125,3219878,UPM_CONTROLLER_RX,19,00000000000000000600000140254012
4024866.875,3219881,UPM_CONTROLLER_RX,19,00000000000000000600000140254012
4024870.625,3219884,UPM_CONTROLLER_RX,19,00000000000000000600000140254012
4024874.375,3219887,UPM_CONTROLLER_RX,19,00000000000000000600000140254012
4024878.125,3219890,UPM_CONTROLLER_RX,19,00000000000000000600000140254012
4024881.875,3219893,UPM_CONTROLLER_RX,19,00000000000000000600000140254012
4024885.625,3219896,UPM_CONTROLLER_RX,19,00000000000000000600000140254012
4024889.375,3219899,UPM_CONTROLLER_RX,19,00000000000000000600000140254012
4024893.125,3219902,UPM_CONTROLLER_RX,19,00000000000000000600000140254012
4024896.875,3219905,UPM_CONTROLLER_RX,19,00000000000000000600000140254012
4024900.625,3219908,UPM_CONTROLLER_RX,19,00000000000000000600000140254012
4024904.375,3219911,UPM_CONTROLLER_RX,19,00000000000000000600000140254012
4024908.125,3219914,UPM_CONTROLLER_RX,19,00000000000000000600000140254012
4024911.875,3219917,UPM_CONTROLLER_RX,19,00000000000000000600000140254012
4024915.625,3219920,UPM_CONTROLLER_RX,19,00000000000000000600000140254012
4024916.875,3219921,UPM_TX,0,00000000000000000200010040244012
4024919.375,3219923,UPM_CONTROLLER_RX,19,00000000000000000600000140254012
4024923.125,3219926,UPM_CONTROLLER_RX,19,00000000000000000600000140254012
4024926.875,3219929,UPM_CONTROLLER_RX,19,00000000000000000600000140254012
4024930.625,3219932,UPM_CONTROLLER_RX,19,00000000000000000600000140254012
4024934.375,3219935,UPM_CONTROLLER_RX,19,00000000000000000600000140254012
4024938.125,3219938,UPM_CONTROLLER_RX,19,00000000000000000600000140254012
4024941.875,3219941,UPM_CONTROLLER_RX,19,00000000000000000600000140254012
4024945.625,3219944,UPM_CONTROLLER_RX,19,00000000000000000600000140254012
4024949.375,3219947,UPM_CONTROLLER_RX,19,00000000000000000600000140254012
4024953.125,3219950,UPM_CONTROLLER_RX,19,00000000000000000600000140254012
4024956.875,3219953,UPM_CONTROLLER_RX,19,00000000000000000600000140254012
4024960.625,3219956,UPM_CONTROLLER_RX,19,00000000000000000600000140254012
4024964.375,3219959,UPM_CONTROLLER_RX,19,00000000000000000600000140254012
4024968.125,3219962,UPM_CONTROLLER_RX,19,00000000000000000600000140254012
4024971.875,3219965,UPM_CONTROLLER_RX,19,00000000000000000600000140254012
4024975.625,3219968,UPM_CONTROLLER_RX,19,00000000000000000600000140254012
4024979.375,3219971,UPM_CONTROLLER_RX,19,00000000000000000600000140254012
4024983.125,3219974,UPM_CONTROLLER_RX,19,00000000000000000600000140254012
4024986.875,3219977,UPM_CONTROLLER_RX,19,00000000000000000600000140254012
4024990.625,3219980,UPM_CONTROLLER_RX,19,00000000000000000600000140254012
4024994.375,3219983,UPM_CONTROLLER_RX,19,00000000000000000600000140254012
4024998.125,3219986,UPM_CONTROLLER_RX,19,00000000000000000600000140254012
4025001.875,3219989,UPM_CONTROLLER_RX,19,00000000000000000600000140254012
4025005.625,3219992,UPM_CONTROLLER_RX,19,00000000000000000600000140254012
4025009.375,3219995,UPM_CONTROLLER_RX,19,00000000000000000600000140254012
4025013.125,3219998,UPM_CONTROLLER_RX,19,00000000000000000600000140254012
4025016.875,3220001,UPM_CONTROLLER_RX,19,00000000000000000600000140254012
4025020.625,3220004,UPM_CONTROLLER_RX,19,00000000000000000600000140254012
4025024.375,3220007,UPM_CONTROLLER_RX,19,00000000000000000600000140254012
4025028.125,3220010,UPM_CONTROLLER_RX,19,00000000000000000600000140254012
4025031.875,3220013,UPM_CONTROLLER_RX,19,00000000000000000600000140254012
4025035.625,3220016,UPM_CONTROLLER_RX,19,00000000000000000600000140254012
4025038.125,3220018,UPM_TX,0,00000000000000000200010040244012
4025039.375,3220019,UPM_CONTROLLER_RX,19,00000000000000000600000140254012
4025043.125,3220022,UPM_CONTROLLER_RX,19,00000000000000000600000140254012
4025046.875,3220025,UPM_CONTROLLER_RX,19,00000000000000000600000140254012
4025050.625,3220028,UPM_CONTROLLER_RX,19,00000000000000000600000140254012
4025054.375,3220031,UPM_CONTROLLER_RX,19,00000000000000000600000140254012
4025058.125,3220034,UPM_CONTROLLER_RX,19,00000000000000000600000140254012
4025061.875,3220037,UPM_CONTROLLER_RX,19,00000000000000000600000140254012
4025065.625,3220040,UPM_CONTROLLER_RX,19,00000000000000000600000140254012
4025069.375,3220043,UPM_CONTROLLER_RX,19,00000000000000000600000140254012
4025073.125,3220046,UPM_CONTROLLER_RX,19,00000000000000000600000140254012
4025076.875,3220049,UPM_CONTROLLER_RX,19,00000000000000000600000140254012
4025080.625,3220052,UPM_CONTROLLER_RX,19,00000000000000000600000140254012
4025084.375,3220055,UPM_CONTROLLER_RX,19,00000000000000000600000140254012
4025088.125,3220058,UPM_CONTROLLER_RX,19,00000000000000000600000140254012
4025091.875,3220061,UPM_CONTROLLER_RX,19,00000000000000000600000140254012
4025095.625,3220064,UPM_CONTROLLER_RX,19,00000000000000000600000140254012
4025099.375,3220067,UPM_CONTROLLER_RX,19,00000000000000000600000140254012
4025103.125,3220070,UPM_CONTROLLER_RX,19,00000000000000000600000140254012
4025106.875,3220073,UPM_CONTROLLER_RX,19,00000000000000000600000140254012
4025110.625,3220076,UPM_CONTROLLER_RX,19,00000000000000000600000140254012
4025114.375,3220079,UPM_CONTROLLER_RX,19,00000000000000000600000140254012
4025118.125,3220082,UPM_CONTROLLER_RX,19,00000000000000000600000140254012
4025121.875,3220085,UPM_CONTROLLER_RX,19,00000000000000000600000140254012
4025125.625,3220088,UPM_CONTROLLER_RX,19,00000000000000000600000140254012
4025129.375,3220091,UPM_CONTROLLER_RX,19,00000000000000000600000140254012
4025133.125,3220094,UPM_CONTROLLER_RX,19,00000000000000000600000140254012
4025136.875,3220097,UPM_CONTROLLER_RX,19,00000000000000000600000140254012
4025140.625,3220100,UPM_CONTROLLER_RX,19,00000000000000000600000140254012
4025144.375,3220103,UPM_CONTROLLER_RX,19,00000000000000000600000140254012
4025148.125,3220106,UPM_CONTROLLER_RX,19,00000000000000000600000140254012
4025151.875,3220109,UPM_CONTROLLER_RX,19,00000000000000000600000140254012
4025155.625,3220112,UPM_CONTROLLER_RX,19,00000000000000000600000140254012
4025159.375,3220115,UPM_TX,0,00000000000000000200010040244012
4025159.375,3220115,UPM_CONTROLLER_RX,19,00000000000000000600000140254012
4025163.125,3220118,UPM_CONTROLLER_RX,19,00000000000000000600000140254012
4025166.875,3220121,UPM_CONTROLLER_RX,19,00000000000000000600000140254012
4025170.625,3220124,UPM_CONTROLLER_RX,19,00000000000000000600000140254012
4025174.375,3220127,UPM_CONTROLLER_RX,19,00000000000000000600000140254012
